smiles,n_success_mut,n_failures_mut,rediscovery_C1=C2C=c3ccccc3=C2c2ccccc21,total,obj_computation_time,history_data
C1=C2C=C3C(=Cc4ccccc41)C23,0,0,0.3384615384615385,0.3384615384615385,0.0002994537353515625,C
CC1=C2C3=Cc4ccc(cc42)CC1=C3,0,0,0.3283582089552239,0.3283582089552239,0.0002982616424560547,
CC1C2=CC3=CCc4ccccc4C3=C21,0,0,0.3333333333333333,0.3333333333333333,0.0002982616424560547,
CC1=CC2=C(C)c3ccccc3C2=C1,0,0,0.3333333333333333,0.3333333333333333,0.0002646446228027344,
C1=Cc2cc3=c4c5cccc4c5-c-3c2C1,0,0,0.30985915492957744,0.30985915492957744,0.0003986358642578125,
C1=C2C=C3CC4=C(CC23C4)c2ccccc21,0,0,0.352112676056338,0.352112676056338,0.0003743171691894531,
C=C1C=CCC2=CC3=Cc4ccccc4C3=C2C1,0,0,0.463768115942029,0.463768115942029,0.0003631114959716797,
C1=C2CC3C1=Cc1ccccc1C1=C2C=C13,30,15,0.4117647058823529,0.4117647058823529,0.00039124488830566406,
CCCC1=CC2=Cc3ccccc3C2=C1C,12,14,0.46875,0.46875,0.00030684471130371094,
CC1CCC2=CC3=Cc4ccccc4C3=C21,0,0,0.46153846153846156,0.46153846153846156,0.00032448768615722656,
Cc1cccc2c1C=C1C=C3C=C=CC3=C12,0,0,0.3194444444444444,0.3194444444444444,0.00032067298889160156,
CC1=CC=C2C1=C(C)c1ccccc12,0,0,0.31343283582089554,0.31343283582089554,0.0002789497375488281,
CCC1C2=Cc3ccccc3C3=C(C=C31)C2,0,0,0.39705882352941174,0.39705882352941174,0.0003407001495361328,
C1=C(CC2=C3C=C3C2)Cc2ccccc21,0,0,0.30985915492957744,0.30985915492957744,0.0003161430358886719,
CC1=C2C3=C4c5ccccc5C=C1C24C3,0,0,0.3333333333333333,0.3333333333333333,0.0003414154052734375,
CCCCC1=C2C(=Cc3ccccc32)C=C1C,0,0,0.44776119402985076,0.44776119402985076,0.0003254413604736328,
C=CC1=C2C(=Cc3ccccc32)CC=C1C,0,0,0.38235294117647056,0.38235294117647056,0.00029349327087402344,
C1=C2CCCC2=C2C(=Cc3ccccc32)C1,0,0,0.37142857142857144,0.37142857142857144,0.0003361701965332031,
CC1(C)CC2=C3C(=Cc4ccccc43)CCC21,0,0,0.3287671232876712,0.3287671232876712,0.0003330707550048828,
C1=C2C=C3C2C3c2ccccc21,0,0,0.3125,0.3125,0.00025391578674316406,
CC1=C2CC3=Cc4ccccc4C2=C1C3,0,0,0.373134328358209,0.373134328358209,0.0003132820129394531,
C1=CC2=C3C(=Cc4ccccc43)C=C2CC1,13,5,0.5,0.5,0.0003287792205810547,
CCC1=CC2=Cc3ccccc3C2=C1,12,2,0.43548387096774194,0.43548387096774194,0.0002677440643310547,
CCC1=CC(CC)=C2C1=Cc1ccccc12,0,0,0.40298507462686567,0.40298507462686567,0.00031256675720214844,
C1=C2C=C3CC4=C(c5ccccc51)C234,3,2,0.38461538461538464,0.38461538461538464,0.0003025531768798828,
CC1=CCc2ccccc2C1=C1C=C1,0,0,0.31343283582089554,0.31343283582089554,0.0002734661102294922,
C=C1CC2=C3Cc4ccccc4C=C3C=C12,0,0,0.3380281690140845,0.3380281690140845,0.0003192424774169922,
CC1=Cc2ccccc2C1=C1C=CCC1,0,0,0.3939393939393939,0.3939393939393939,0.0002772808074951172,
C1=C2C=C3C(=C2c2ccccc21)C31CC1,16,28,0.4838709677419355,0.4838709677419355,0.000331878662109375,
CC12CCC3=CC1=Cc1ccccc1C1=C3C=C12,0,0,0.3835616438356164,0.3835616438356164,0.0004124641418457031,
CCC1=CC1=C1C(C)=Cc2ccccc21,10,11,0.421875,0.421875,0.0002803802490234375,
C1=CCC2=Cc3ccccc3C(=C1)CC2,0,0,0.34782608695652173,0.34782608695652173,0.00030159950256347656,
CCC1=CCC2=Cc3ccccc3C2=C1CC,0,0,0.36619718309859156,0.36619718309859156,0.00032973289489746094,
C1=C2C=C3CCC3=C2c2ccccc2C1,0,0,0.32857142857142857,0.32857142857142857,0.00031185150146484375,
CCC1=CC2=CCc3ccccc3C2=C1C,0,0,0.323943661971831,0.323943661971831,0.0002968311309814453,
CC1=Cc2ccccc2C2=C3C=C1C32C,22,8,0.3787878787878788,0.3787878787878788,0.0003075599670410156,
C1=C2CC3=CC4=Cc5cc(ccc5C4=C13)C2,0,0,0.3150684931506849,0.3150684931506849,0.0003993511199951172,
C=C1CC2=C3C(=Cc4ccccc43)C=C12,17,23,0.4838709677419355,0.4838709677419355,0.0003139972686767578,
CC12C3=CC4=C(C3)c3ccccc3C=C1C42,0,0,0.35714285714285715,0.35714285714285715,0.00034165382385253906,
CCCC=C1C(C)=Cc2ccccc21,0,0,0.31343283582089554,0.31343283582089554,0.0002484321594238281,
C1=C2C=C3CC(=C2c2ccccc21)C31CC1,0,0,0.46153846153846156,0.46153846153846156,0.0003612041473388672,
C#CC1CCC2=Cc3ccccc3C2=C1C,0,0,0.34285714285714286,0.34285714285714286,0.0002913475036621094,
C1=C2CC=C3C(=C2c2ccccc21)C31CC1,0,0,0.37681159420289856,0.37681159420289856,0.00035190582275390625,
C1=C2C3=C4C1=C(c1ccccc14)C23,0,0,0.3181818181818182,0.3181818181818182,0.0003256797790527344,
CC1(C)C2=CC3=Cc4ccccc4C3=C21,33,52,0.4918032786885246,0.4918032786885246,0.0002987384796142578,
CC1CC2=C3C(=Cc4ccccc43)C21,0,0,0.36923076923076925,0.36923076923076925,0.0002796649932861328,
C1=C2C=C3CCCC3=C2c2ccccc21,22,24,0.47619047619047616,0.47619047619047616,0.0003211498260498047,
C1=C2C=C3Cc4cccc5c4C(=C3C2)C1=C5,0,0,0.3150684931506849,0.3150684931506849,0.0003554821014404297,
CC1C2=CC3=Cc4ccccc4C3=C1C2C,1,3,0.46875,0.46875,0.00033783912658691406,
CC1=C(C)C2=CC3=Cc4ccccc4C3=C2C1,0,0,0.44776119402985076,0.44776119402985076,0.0003390312194824219,
CCC1(C)C2=CC3=Cc4ccccc4C3=C21,6,6,0.46875,0.46875,0.00030303001403808594,
CC1=Cc2ccccc2C2=C(C)C12,49,14,0.3492063492063492,0.3492063492063492,0.0002562999725341797,
CC1=C2C(C)=C3c4ccccc4C=C1C23,0,0,0.3382352941176471,0.3382352941176471,0.00030612945556640625,
C1=C2CCCC3=Cc4ccccc4C3=C12,2,2,0.4090909090909091,0.4090909090909091,0.00032448768615722656,
CCC1=CC2=Cc3ccccc3C2=C(CC)C1,0,0,0.44776119402985076,0.44776119402985076,0.0003285408020019531,
CC1=Cc2ccccc2C2=C3CC1C2C3,0,0,0.3142857142857143,0.3142857142857143,0.00030994415283203125,
C1=C2C=C3C4=C(C(=C4)C2)c2c1cccc23,0,0,0.30985915492957744,0.30985915492957744,0.00038433074951171875,
CC1=CC2=Cc3cc(C)ccc3C2=C1C,0,0,0.3235294117647059,0.3235294117647059,0.00028777122497558594,
CC1C=C2C(=Cc3ccccc32)CC1,0,0,0.3283582089552239,0.3283582089552239,0.0002582073211669922,
CC1CC2=CC3=Cc4ccccc4C3=C2C1,0,1,0.46153846153846156,0.46153846153846156,0.0003135204315185547,
CC1=C2C=C3C(=C2c2ccccc21)C=CC3C,0,0,0.3108108108108108,0.3108108108108108,0.00034117698669433594,
C1=C2CCC3CC3=C2c2ccccc21,0,0,0.36363636363636365,0.36363636363636365,0.0002989768981933594,
C1=CCC2=Cc3ccccc3C2=C1,0,0,0.38095238095238093,0.38095238095238093,0.0002570152282714844,
CC1=CC2=C3c4ccccc4C=C(C1)C23C,15,3,0.36231884057971014,0.36231884057971014,0.00031948089599609375,
C1=C2CC3C4=C(c5ccccc51)C23C4,0,0,0.3235294117647059,0.3235294117647059,0.0003490447998046875,
C=CC1=C2C(=C1)CC=Cc1ccccc12,0,0,0.373134328358209,0.373134328358209,0.0002827644348144531,
CCC(C)C1=CC2=Cc3ccccc3C2=C1C,0,0,0.45454545454545453,0.45454545454545453,0.0003294944763183594,
CCC1=Cc2ccccc2C1=C1C=C(C)C1,0,0,0.4090909090909091,0.4090909090909091,0.00030803680419921875,
CC1=CC2=Cc3ccccc3C2=C2CC12C,0,0,0.46875,0.46875,0.0003216266632080078,
CC1=Cc2ccccc2C2=CC12C,29,11,0.3492063492063492,0.3492063492063492,0.00024700164794921875,
CC1=CC1=C1Cc2ccccc2C=C1C,0,0,0.3235294117647059,0.3235294117647059,0.00028228759765625,
CC12C3=CC1=Cc1ccccc1C2=C3,16,8,0.390625,0.390625,0.0002999305725097656,
CC1=Cc2ccccc2C1=C1C2CC12,0,0,0.375,0.375,0.0002777576446533203,
CCc1cccc2c1C1=C3CC3=CC1=C2,0,0,0.3142857142857143,0.3142857142857143,0.0003113746643066406,
CC1CC2=CC3=Cc4ccccc4C(=C21)C3,0,0,0.35714285714285715,0.35714285714285715,0.00032806396484375,
CC1=CC2=Cc3cccc(C)c3C2=C1C1C=C1,0,0,0.3333333333333333,0.3333333333333333,0.00034046173095703125,
CC1=C2C3=C4c5ccccc5C=C1CC24C3,0,0,0.3194444444444444,0.3194444444444444,0.0003535747528076172,
C1=CC2=C3Cc4ccccc4C=C1CC3=C2,0,0,0.3333333333333333,0.3333333333333333,0.0003681182861328125,
Cc1cccc2c1C1=C3CC=CC3=CC1=C2,0,0,0.3380281690140845,0.3380281690140845,0.0003161430358886719,
C1=CC2C3=C4C(=C2c2ccccc24)C=C13,0,0,0.34782608695652173,0.34782608695652173,0.00037384033203125,
C1=C2CC3CCC3=C2c2ccccc21,1,0,0.36363636363636365,0.36363636363636365,0.0002932548522949219,
C=C(C)C1C=CC2=C3C(=Cc4ccccc43)C=C21,0,0,0.47058823529411764,0.47058823529411764,0.00035452842712402344,
C1=C2C=C3C4=C(Cc5ccccc51)C234,0,0,0.3235294117647059,0.3235294117647059,0.0003123283386230469,
C1=C2C(=C3C4=C2C34)c2ccccc21,0,0,0.4098360655737705,0.4098360655737705,0.0003197193145751953,
CC1=Cc2ccccc2C2=C3C=C1C32,57,25,0.390625,0.390625,0.00029754638671875,
CCC1C=CC2=C3C(=CCc4ccccc43)C=C21,0,0,0.32894736842105265,0.32894736842105265,0.0003516674041748047,
CCCC1CC2=CC3=Cc4ccccc4C3=C21,0,0,0.4411764705882353,0.4411764705882353,0.00033283233642578125,
CC1=C2C3C(=C4C1=Cc1ccccc14)C23,0,0,0.3787878787878788,0.3787878787878788,0.0003199577331542969,
CC1=C2C3=Cc4ccccc4C3=C12,20,13,0.4098360655737705,0.4098360655737705,0.0002751350402832031,
CCC1=C2CC3=Cc4ccccc4C3=C12,0,0,0.373134328358209,0.373134328358209,0.00030994415283203125,
CC1=C2C3=C4C5=C(C3)C25C1=Cc1ccccc14,0,0,0.3424657534246575,0.3424657534246575,0.00039196014404296875,
CCC1(C)CC2=CC3=Cc4ccccc4C3=C21,0,0,0.44776119402985076,0.44776119402985076,0.000339508056640625,
CC1=CC2=Cc3ccc4cc3C2=C1C4C,0,0,0.3188405797101449,0.3188405797101449,0.00033164024353027344,
C1=C2CC(=C3C1=Cc1ccccc13)C2,21,46,0.5084745762711864,0.5084745762711864,0.0003032684326171875,
Cc1ccc2c(c1)C1=C3CCC3=CC1=C2,0,0,0.3142857142857143,0.3142857142857143,0.0003223419189453125,
C1=CCC2=C3C4=Cc5cc(ccc53)C2C(=C4)C1,0,0,0.32,0.32,0.00038361549377441406,
CC1=Cc2ccccc2C2=CC1(C)C2,8,2,0.3384615384615385,0.3384615384615385,0.0002810955047607422,
CC1=C2C(=C3C(=Cc4ccccc43)C1)CC2C,0,0,0.3472222222222222,0.3472222222222222,0.0003368854522705078,
CCC1=Cc2ccccc2C2=C(C)C12C,0,0,0.3235294117647059,0.3235294117647059,0.0002875328063964844,
C1=C2CCC3=C(c4ccccc41)C2C3,0,0,0.3235294117647059,0.3235294117647059,0.0003039836883544922,
C=CC1C=CC2=C3C(=Cc4cccc(C)c43)C=C21,0,0,0.3157894736842105,0.3157894736842105,0.0003559589385986328,
CCC(C)C1C=CC2=C3C(=Cc4ccccc43)C=C21,0,0,0.4507042253521127,0.4507042253521127,0.0003783702850341797,
C1=C2C=C3CC3=C2Cc2ccccc21,0,0,0.36363636363636365,0.36363636363636365,0.000286102294921875,
CC1C2=CC3=Cc4ccccc4C(=C21)C3,0,0,0.373134328358209,0.373134328358209,0.0003123283386230469,
CC1=C2CCC(=Cc3ccccc32)CC=C1,0,0,0.3380281690140845,0.3380281690140845,0.0003256797790527344,
CCC(C)C1=C2C(=Cc3ccccc32)C=C1,0,0,0.42424242424242425,0.42424242424242425,0.0003025531768798828,
CC1=C(C)C2=C3c4ccccc4C=C(C1)C23C,0,0,0.3150684931506849,0.3150684931506849,0.0003483295440673828,
C1=C2CCC3CC(=C2c2ccccc21)C3,0,0,0.35294117647058826,0.35294117647058826,0.00034117698669433594,
C1=C2CCC3C(=Cc4ccccc41)C=C23,0,0,0.30985915492957744,0.30985915492957744,0.0003368854522705078,
CC1=C2C=C3C=C(c4ccccc41)C32,0,0,0.3283582089552239,0.3283582089552239,0.0002880096435546875,
CCC1=C2CCC(=C3C1=Cc1ccccc13)C2,0,0,0.3424657534246575,0.3424657534246575,0.00034499168395996094,
CC1=Cc2ccccc2C2=C3CC=C1C32C,0,0,0.34285714285714286,0.34285714285714286,0.0003235340118408203,
C=CC1C=CC=C2C(=Cc3ccccc32)C=C1,0,0,0.4,0.4,0.00033402442932128906,
C1=C2C=C3CC3=C2c2ccccc2C1,0,0,0.34328358208955223,0.34328358208955223,0.0002961158752441406,
Cc1cccc2c1C1=C3C=CCC3=CC1=C2,0,0,0.3380281690140845,0.3380281690140845,0.0003199577331542969,
C1=C2CC34C1=Cc1ccccc1C1=C2C3=C14,5,2,0.391304347826087,0.391304347826087,0.0003757476806640625,
C=CC1=CC2=C3C(=Cc4ccccc43)C=C2C1,0,0,0.4626865671641791,0.4626865671641791,0.000339508056640625,
CCC1=CC2=C(C)c3ccccc3C2=C1,0,0,0.3188405797101449,0.3188405797101449,0.0002810955047607422,
CCC1=CC2=Cc3ccccc3C2=C(C)C1,10,8,0.46875,0.46875,0.00029659271240234375,
CC1c2ccc3c(c2)C=C2C=C4C(=C23)C41,0,0,0.3142857142857143,0.3142857142857143,0.0003542900085449219,
C1=CCC(=C2C=Cc3ccccc32)C1,0,0,0.3235294117647059,0.3235294117647059,0.0002722740173339844,
C=CC1=C2C(=CCc3ccccc32)C=C1C,0,0,0.323943661971831,0.323943661971831,0.00030303001403808594,
CC1C2=CC3C=Cc4ccccc4C3=C21,0,0,0.3142857142857143,0.3142857142857143,0.00029659271240234375,
CC1C=CC2=Cc3ccccc3C=C=C21,0,0,0.3333333333333333,0.3333333333333333,0.00029540061950683594,
CC1=C2CC3=Cc4ccccc4C2=C1C=C=C3,0,0,0.38028169014084506,0.38028169014084506,0.0003771781921386719,
CC1CC2=C3C(=Cc4ccccc43)C2C1,0,0,0.35294117647058826,0.35294117647058826,0.0002999305725097656,
CC12CC3=CC4=Cc5ccccc5C4=C1C32,0,0,0.46153846153846156,0.46153846153846156,0.0003256797790527344,
C=C1CC2=Cc3ccccc3C1=CC=C2,0,0,0.373134328358209,0.373134328358209,0.0003101825714111328,
CC1C2=C3C(=Cc4ccccc43)C1C2,0,0,0.36923076923076925,0.36923076923076925,0.00029277801513671875,
CC1=Cc2ccccc2C2=C(C)C12C,2,0,0.3384615384615385,0.3384615384615385,0.00026226043701171875,
CCC1=C2C3=Cc4ccc(cc42)CC1=C3,0,0,0.3142857142857143,0.3142857142857143,0.0003101825714111328,
C=CCCC1=CC2=Cc3ccccc3C2=CC1,0,0,0.38028169014084506,0.38028169014084506,0.0003228187561035156,
CCCCCC1=CC2=Cc3ccccc3C2=C1C,1,0,0.42857142857142855,0.42857142857142855,0.00034499168395996094,
C1=C2C=C3CCC3=C(C2)c2ccccc21,0,0,0.36764705882352944,0.36764705882352944,0.0003228187561035156,
C=CCC1=CC2=Cc3ccccc3C2=C1,0,0,0.4153846153846154,0.4153846153846154,0.0002827644348144531,
CC12CCC1=Cc1ccccc1C1=CC=C12,0,0,0.3380281690140845,0.3380281690140845,0.0003294944763183594,
CCCC1C2=CC3=Cc4ccccc4C3=C21,0,0,0.46153846153846156,0.46153846153846156,0.00030732154846191406,
C#CCC1=CC2=Cc3ccccc3C2=C1CC,0,0,0.44776119402985076,0.44776119402985076,0.0003085136413574219,
CC1=Cc2ccccc2C2=C3CC13C2,0,0,0.3283582089552239,0.3283582089552239,0.0002841949462890625,
CCC1C2=C3C(=Cc4ccccc43)CCC21,0,0,0.3380281690140845,0.3380281690140845,0.0003066062927246094,
CC1C2=CC3=Cc4cccc5c4C3=C2C51,0,0,0.3142857142857143,0.3142857142857143,0.0003330707550048828,
C=C1C=CCC2=C3C(=Cc4ccccc43)C=C12,6,5,0.48484848484848486,0.48484848484848486,0.00034737586975097656,
C1=C2CC3=C(c4ccccc41)C23,30,10,0.3548387096774194,0.3548387096774194,0.00025653839111328125,
CC1=Cc2ccccc2C2=C3CC1C32,0,0,0.3283582089552239,0.3283582089552239,0.0003094673156738281,
CCC1=C2C(=Cc3ccccc32)CCC1C,0,0,0.34285714285714286,0.34285714285714286,0.0002994537353515625,
CC1=C2CC=Cc3ccccc3C2=C1C,0,0,0.3582089552238806,0.3582089552238806,0.00028967857360839844,
CC1C2=C3C4=C2C2=CC(=Cc5ccccc54)C231,0,0,0.38028169014084506,0.38028169014084506,0.0003859996795654297,
Cc1c2cc3ccc-3c-2c2ccccc12,0,0,0.3142857142857143,0.3142857142857143,0.0003197193145751953,
CCc1ccc2c(c1)C1=C(C)C(C)=CC1=C2,0,0,0.30985915492957744,0.30985915492957744,0.0003120899200439453,
CC1(C)C=Cc2ccccc2C=C2C=C21,0,0,0.3582089552238806,0.3582089552238806,0.0002951622009277344,
CCC1C2=CCC3=Cc4ccccc4C3=C21,0,0,0.37681159420289856,0.37681159420289856,0.00030803680419921875,
CC1=CC2=CC3=Cc4ccccc4C3=C2CC1,0,0,0.4626865671641791,0.4626865671641791,0.0003409385681152344,
C=C1C=CCC2=C3C(=Cc4ccccc43)C12,0,0,0.39705882352941174,0.39705882352941174,0.00031757354736328125,
CC1=CC2=Cc3ccccc3C2=C1C,32,65,0.5172413793103449,0.5172413793103449,0.0002605915069580078,
CC1=CCC2=CC3=Cc4ccccc4C3=C2C1,0,0,0.4626865671641791,0.4626865671641791,0.0003364086151123047,
Cc1ccc2c(c1)C=C1C=C3CC3=C12,0,0,0.3283582089552239,0.3283582089552239,0.00029397010803222656,
C1=C2C=C3C4=C(Cc5ccccc51)C1=C4C231,0,0,0.3150684931506849,0.3150684931506849,0.0003714561462402344,
CCC1=C2c3ccccc3C=C(C)C12,0,0,0.3333333333333333,0.3333333333333333,0.0002722740173339844,
CC1=C2C3=C4c5ccccc5C=C1C234,0,0,0.3484848484848485,0.3484848484848485,0.00031566619873046875,
CC1=CC2=Cc3cccc(C)c3C2=C1,0,0,0.31343283582089554,0.31343283582089554,0.00026917457580566406,
CC1C=CC2=C3C(=Cc4ccccc43)C=C21,18,13,0.5079365079365079,0.5079365079365079,0.00031685829162597656,
CCC1C(C)=Cc2ccccc2C2=CC21,0,0,0.3188405797101449,0.3188405797101449,0.0002932548522949219,
CC(C)C1=CC2=Cc3ccccc3C2=C1,0,0,0.421875,0.421875,0.0002865791320800781,
CCC1C=CC(C)C2=CC3=Cc4ccccc4C3=C21,0,0,0.4507042253521127,0.4507042253521127,0.0003809928894042969,
C1=C2C=C3CCCCCC3=C2c2ccccc21,0,0,0.43478260869565216,0.43478260869565216,0.0003457069396972656,
CC1=C2C=Cc3ccccc3C=C12,0,0,0.3230769230769231,0.3230769230769231,0.0002715587615966797,
c1cc2-c(c1)=c1c3cccc1c3-2,0,0,0.3125,0.3125,0.00032520294189453125,
C1=C2CCC(=C3C(=Cc4ccccc43)C1)C2,0,0,0.37142857142857144,0.37142857142857144,0.00032901763916015625,
C=C1CC2=CC3=Cc4ccccc4C(=C12)C3,0,0,0.37681159420289856,0.37681159420289856,0.0003306865692138672,
CCCC1=Cc2ccccc2C1=C1C=C1C,0,0,0.4090909090909091,0.4090909090909091,0.0003058910369873047,
CCC1=C=CC2=C3C(=Cc4ccccc43)C=C12,0,0,0.4626865671641791,0.4626865671641791,0.0003421306610107422,
C1=C2C=C3C4=C(c5ccccc51)C23C4,51,20,0.38461538461538464,0.38461538461538464,0.0003495216369628906,
C1=C2CCC(=C3C2=Cc2ccccc23)C1,0,0,0.3880597014925373,0.3880597014925373,0.0003254413604736328,
CC1(C)C2=CC3=Cc4ccccc4C3=C1C2,3,1,0.46875,0.46875,0.00033211708068847656,
C=C1C2=CC2=C1c1ccccc1,0,0,0.31746031746031744,0.31746031746031744,0.00023102760314941406,
CC1CC2CC3=Cc4ccccc4C3=C12,0,0,0.35294117647058826,0.35294117647058826,0.0002970695495605469,
CCC1C=CC2=C3C(=Cc4ccc(C)cc43)C=C21,0,0,0.3157894736842105,0.3157894736842105,0.0003502368927001953,
C1=C2C(=C3CC2C3)c2ccccc21,0,0,0.3870967741935484,0.3870967741935484,0.0002865791320800781,
CC1=CC2=C3C(=Cc4ccccc43)C=C2C1C,2,4,0.4696969696969697,0.4696969696969697,0.00033593177795410156,
CC1=C2C3=Cc4cc(ccc42)C2C=C2C1=C3,0,0,0.3194444444444444,0.3194444444444444,0.0003752708435058594,
CC1=C2C(=Cc3ccccc32)C=CC1,3,0,0.45901639344262296,0.45901639344262296,0.0002639293670654297,
C1=C2CC3C4=C(c5ccccc51)C243,0,0,0.3384615384615385,0.3384615384615385,0.00029015541076660156,
Cc1c2ccc-2c2c3ccccc3cc1-2,0,0,0.3142857142857143,0.3142857142857143,0.00031638145446777344,
CCC1=Cc2ccccc2C2=CC12,15,4,0.34375,0.34375,0.00025916099548339844,
CC1C2=C3c4ccccc4C=C4C=C2C31C4,7,1,0.35714285714285715,0.35714285714285715,0.00034618377685546875,
CC1=CC2=Cc3cc4ccc3C2=C1C4,0,0,0.3283582089552239,0.3283582089552239,0.00031304359436035156,
CC1C2=CC3=Cc4ccccc4C3=C(C2)C1C,0,0,0.44776119402985076,0.44776119402985076,0.0003352165222167969,
C1=CC2=CC3=Cc4ccccc4C3=C2C1,13,16,0.5245901639344263,0.5245901639344263,0.0003190040588378906,
C=CC1=CC(C)=C2C1=Cc1ccccc12,0,0,0.421875,0.421875,0.0002932548522949219,
CC1=C2C(=Cc3ccccc32)C1C,0,0,0.39344262295081966,0.39344262295081966,0.00026297569274902344,
C1=C2C=C3C4=C(c5ccccc51)C3(C2)C4,30,6,0.36764705882352944,0.36764705882352944,0.0003590583801269531,
C1=CC2=C3C(=Cc4ccccc43)C=C1C2,8,4,0.5245901639344263,0.5245901639344263,0.0003249645233154297,
CC1=CCC2=Cc3ccccc3C2=C(C)C1,0,0,0.38235294117647056,0.38235294117647056,0.00029921531677246094,
CCC1CCC1=C1C(C)=Cc2ccccc21,0,0,0.34285714285714286,0.34285714285714286,0.0002970695495605469,
C1=C2C3=C4C5=C(c6ccccc61)C45C23,0,0,0.34328358208955223,0.34328358208955223,0.0003352165222167969,
CC1CC2=CC3=Cc4ccccc4C3=C21,20,32,0.4838709677419355,0.4838709677419355,0.0002930164337158203,
Cc1ccc2c(c1)C=C1C=C3CCC3=C12,0,0,0.3142857142857143,0.3142857142857143,0.0003027915954589844,
CC1=C2C3=C1C1=CC(=Cc4ccccc43)C2C1,0,0,0.38028169014084506,0.38028169014084506,0.0003769397735595703,
CC(C)C1=CC1=C1CC=Cc2ccccc21,0,0,0.323943661971831,0.323943661971831,0.0003147125244140625,
CCC1C=CC2=Cc3ccccc3C2=C1,0,0,0.3939393939393939,0.3939393939393939,0.0002796649932861328,
CC1CC2=C3C(=Cc4ccccc43)C=C1C2,4,1,0.46153846153846156,0.46153846153846156,0.00031375885009765625,
CC1=C2CC2=C2C1=Cc1ccccc12,0,0,0.390625,0.390625,0.0002846717834472656,
CCC1C2=CC3=Cc4ccccc4C3=C1C2,0,0,0.46153846153846156,0.46153846153846156,0.0003292560577392578,
C1=C2C3=Cc4ccccc4C4=C1C=C4C23,1,0,0.4307692307692308,0.4307692307692308,0.0003483295440673828,
C1=C2CC2=C2C(=Cc3ccccc32)C1,0,0,0.40625,0.40625,0.0002810955047607422,
CC1=CC2=Cc3cccc(C)c3C2=C1C,0,0,0.3235294117647059,0.3235294117647059,0.0002808570861816406,
CC(C)C1CC2=C3C(=Cc4ccccc43)C=C21,0,0,0.44776119402985076,0.44776119402985076,0.0003380775451660156,
C=CC1C=CC2=C3C(=Cc4ccccc43)C=C21,16,12,0.48484848484848486,0.48484848484848486,0.00034308433532714844,
CC1=CC2=C3C(=C2)CC(=Cc2ccccc23)C1,0,0,0.4,0.4,0.00035071372985839844,
CC1C2=C3C(=Cc4ccccc43)C3CC213,0,0,0.35294117647058826,0.35294117647058826,0.0003345012664794922,
C=CC1CC=CC2=C3C(=Cc4ccccc43)C=C21,0,0,0.463768115942029,0.463768115942029,0.0003616809844970703,
C1=CC2=CC3=Cc4ccccc4CC3=C2C=1,0,0,0.37142857142857144,0.37142857142857144,0.00033164024353027344,
C1=C2C=C3C4=C(c5ccccc51)C23CC4,11,2,0.36764705882352944,0.36764705882352944,0.00035309791564941406,
CCC1=Cc2ccccc2C2=C(C)C12,3,3,0.3333333333333333,0.3333333333333333,0.0002777576446533203,
C1=CC2Cc3ccc4c(c3)C=C3C=C2C1=C34,0,0,0.3333333333333333,0.3333333333333333,0.000392913818359375,
CC1=C2CCCC2=C2C1=Cc1ccccc12,0,0,0.35714285714285715,0.35714285714285715,0.00032711029052734375,
C1=C2C=C3CC(CC2)C1=Cc1ccccc13,0,0,0.352112676056338,0.352112676056338,0.00037860870361328125,
CC1=Cc2ccccc2C2=C3C1C23C,2,0,0.3384615384615385,0.3384615384615385,0.0002791881561279297,
C1=C2C=C3C4C(=C2c2ccccc2C1)C34,0,0,0.3333333333333333,0.3333333333333333,0.0003235340118408203,
CC1=CC2=Cc3cccc(C)c3C2=C(C)C1,0,0,0.30985915492957744,0.30985915492957744,0.0002980232238769531,
CC1=C2C(=Cc3ccccc32)C=CCC=C1,0,0,0.46153846153846156,0.46153846153846156,0.000301361083984375,
CC1(C)C2=C3C(=Cc4ccccc43)C21,0,0,0.375,0.375,0.00027942657470703125,
CC1=CCC2=C(C)C3=Cc4ccccc4C3=C12,0,0,0.36619718309859156,0.36619718309859156,0.0003314018249511719,
C1=C2C1=C1C3=C(c4ccccc41)C23,0,0,0.3181818181818182,0.3181818181818182,0.0003135204315185547,
C1=CC23CC2=C3c2ccccc21,0,0,0.3125,0.3125,0.00025653839111328125,
CC1=CC2=CC3=Cc4ccccc4C3=C1C2,2,1,0.484375,0.484375,0.00031876564025878906,
C1#CC2CCC3=Cc4ccccc4C3=C2C1,0,0,0.3333333333333333,0.3333333333333333,0.0003204345703125,
C1=CC2C3=CC4=Cc5c(cccc52)C4=C13,0,0,0.32857142857142857,0.32857142857142857,0.0003337860107421875,
CC1=CCC=C2C1=Cc1ccccc12,0,0,0.36923076923076925,0.36923076923076925,0.00026726722717285156,
CC1=CCC2=CC3=Cc4ccccc4C3=C12,13,17,0.484375,0.484375,0.00032138824462890625,
C=C1CC2=C(C)C3=Cc4ccccc4C3=C12,0,0,0.36231884057971014,0.36231884057971014,0.0003199577331542969,
CC1=Cc2ccccc2C2=C=C2C1,3,1,0.34375,0.34375,0.0002524852752685547,
Cc1ccc2c(c1)C=C1C=C3CC(=C12)C3,0,0,0.3188405797101449,0.3188405797101449,0.0003414154052734375,
CC1(C)C2=C3C(=Cc4ccccc43)CC21,0,0,0.3582089552238806,0.3582089552238806,0.0003020763397216797,
C1=C2CCC1=C1Cc3ccccc3C=C21,0,0,0.30985915492957744,0.30985915492957744,0.00032806396484375,
CC1C2=Cc3ccccc3C3=C4CC31C4=C2,0,0,0.35714285714285715,0.35714285714285715,0.00035572052001953125,
C1=CC2=C(C=C2)c2ccccc2C=CC1,0,0,0.34782608695652173,0.34782608695652173,0.00029850006103515625,
CC1=C2CC(=C3C1=Cc1ccccc13)C2C,0,0,0.36231884057971014,0.36231884057971014,0.00032711029052734375,
C1=CC=Cc2ccccc2C=C1,0,0,0.3125,0.3125,0.0002384185791015625,
CCC1=C2C(C)=C3c4ccccc4C=C1C23,0,0,0.323943661971831,0.323943661971831,0.00032639503479003906,
C=C(C)C1=C2C(=Cc3ccccc32)CCC1,0,0,0.34285714285714286,0.34285714285714286,0.0003032684326171875,
C1=C2CCC3C1=Cc1ccccc1C1=C2C13,0,0,0.352112676056338,0.352112676056338,0.0003826618194580078,
Cc1ccc2c(c1)C1=C3CC=CCC3=CC1=C2,0,0,0.32432432432432434,0.32432432432432434,0.0003426074981689453,
C1=CCC2=CC3=Cc4ccccc4C3=C2CC1,1,0,0.47761194029850745,0.47761194029850745,0.0003485679626464844,
CCC1C2=C3C(=Cc4ccccc43)CC21,0,0,0.35294117647058826,0.35294117647058826,0.00030493736267089844,
CC1=Cc2ccccc2C2=C(C)C1C2,19,5,0.3333333333333333,0.3333333333333333,0.0002925395965576172,
C1=CC2C3=C4C(=Cc5ccc2cc54)C=C13,0,0,0.34782608695652173,0.34782608695652173,0.00034499168395996094,
C1=C2C=C3C=C(c4ccccc41)C3CC2,0,0,0.36764705882352944,0.36764705882352944,0.0003688335418701172,
CC1C2=CC3=Cc4ccccc4C3=C2C1C,1,3,0.46875,0.46875,0.0003135204315185547,
C1=C2C=C3CC4C(=C2c2ccccc2C1)C34,0,0,0.3150684931506849,0.3150684931506849,0.0003387928009033203,
C=CC1=C2C(=Cc3ccccc32)CCC1C,0,0,0.34285714285714286,0.34285714285714286,0.00030493736267089844,
CC1=CC=Cc2ccccc2C=C1C,0,0,0.31343283582089554,0.31343283582089554,0.00027179718017578125,
CC1=CC2=Cc3ccc(C)cc3C2=C1C,0,0,0.3235294117647059,0.3235294117647059,0.0002906322479248047,
C1=C2CCC3C4=C(c5ccccc51)C243,0,0,0.3235294117647059,0.3235294117647059,0.0003077983856201172,
CC1=CCC1=C1C(C)=Cc2ccccc21,0,0,0.4,0.4,0.0002887248992919922,
C1=C2C=C3C4C(=C2Cc2ccccc21)C34,0,0,0.35294117647058826,0.35294117647058826,0.0003387928009033203,
C=CC1C=CC2=C3C(=Cc4ccccc43)C21,0,0,0.37681159420289856,0.37681159420289856,0.0003249645233154297,
CCC1CC2=C3C(=Cc4ccccc43)C=C21,0,1,0.46153846153846156,0.46153846153846156,0.00032782554626464844,
CCC1=C2C=C(C)C=C2c2ccccc21,0,0,0.3188405797101449,0.3188405797101449,0.0002827644348144531,
CC1=C2C3=C(C1)C2=C1C(=Cc2ccccc21)C3,0,0,0.3424657534246575,0.3424657534246575,0.00039124488830566406,
Cc1ccc2c(c1)C=C1C=C3CC=CC3=C12,0,0,0.3380281690140845,0.3380281690140845,0.0003159046173095703,
CC1=Cc2ccccc2C2=CC12,39,14,0.36065573770491804,0.36065573770491804,0.00023102760314941406,
C=C1C2=C3c4ccccc4C=CC123,0,0,0.3230769230769231,0.3230769230769231,0.0002872943878173828,
C1=CC23CC4=C(C2=C43)c2ccccc21,0,0,0.36363636363636365,0.36363636363636365,0.0003154277801513672,
C1=C2CC34C1=Cc1ccccc1C1=C2C3CC14,0,0,0.33783783783783783,0.33783783783783783,0.0003943443298339844,
CC1=Cc2ccccc2C1=C1CC1,0,0,0.39344262295081966,0.39344262295081966,0.0002503395080566406,
CC=C1C=CCC2=C3C(=Cc4ccccc43)C=C12,0,0,0.463768115942029,0.463768115942029,0.000377655029296875,
CC1=CC2C3=CC4=Cc5cccc2c5C4=C13,0,0,0.3194444444444444,0.3194444444444444,0.00035452842712402344,
C=CC1=CC2=Cc3ccccc3C2=C1C1C=C1,3,1,0.49230769230769234,0.49230769230769234,0.0003407001495361328,
CC1=C2C(=Cc3ccccc32)CC=C1,0,0,0.4126984126984127,0.4126984126984127,0.0002651214599609375,
C=CC1=C2C(=Cc3ccccc32)C=C1CC,0,0,0.46875,0.46875,0.0002903938293457031,
C1=Cc2ccccc2C1=C1C2=C1C2,0,0,0.36507936507936506,0.36507936507936506,0.0002818107604980469,
CCC1=C(C)C=C2C1=Cc1ccccc12,0,0,0.3787878787878788,0.3787878787878788,0.0002892017364501953,
C1=CC12C1=C3C(=Cc4ccccc43)CCC12,0,0,0.37681159420289856,0.37681159420289856,0.0003542900085449219,
CC1=C=CC2=CC3C(=C12)c1ccccc13,0,0,0.3142857142857143,0.3142857142857143,0.00031065940856933594,
CCC1=CC2=CC3=C(c4ccccc41)C23,0,0,0.3142857142857143,0.3142857142857143,0.0003046989440917969,
CC=C(C)C1=C2C(=Cc3ccccc32)C=CC1,0,0,0.4057971014492754,0.4057971014492754,0.00031685829162597656,
CC12CCC3=C1C2=C1C3=Cc2ccccc21,0,0,0.35714285714285715,0.35714285714285715,0.0003466606140136719,
CC1=CC2=Cc3c4cccc3C2=C14,0,0,0.3230769230769231,0.3230769230769231,0.0002803802490234375,
C1=C2C3CC4=C(c5ccccc51)C24C3,0,0,0.3235294117647059,0.3235294117647059,0.00032901763916015625,
CCC1=CCC1=C1C(C)=Cc2ccccc21,0,0,0.38235294117647056,0.38235294117647056,0.00030732154846191406,
C=CC1=CC2=Cc3ccccc3C(=C1C)C2,0,0,0.36231884057971014,0.36231884057971014,0.0003180503845214844,
CCC1=CC2=Cc3ccccc3C2=C1C(C)C,0,0,0.45454545454545453,0.45454545454545453,0.0003342628479003906,
CC1C2=CC3=Cc4ccccc4C4=C2C=C4C31C,2,0,0.3888888888888889,0.3888888888888889,0.00039458274841308594,
CC1=C2C3CC2C3=C2C1=Cc1ccccc12,0,0,0.36231884057971014,0.36231884057971014,0.0003483295440673828,
CC1=C2CCC2=C2C1=Cc1ccccc12,0,0,0.373134328358209,0.373134328358209,0.0003027915954589844,
C1=C2C=C3C4=C(c5ccccc51)C3(CC4)C2,0,0,0.352112676056338,0.352112676056338,0.00037670135498046875,
C=C1CCC(C)=Cc2ccccc21,0,0,0.328125,0.328125,0.00025010108947753906,
C1=C2C=C3C4C(=C2c2ccccc21)C34,15,30,0.5084745762711864,0.5084745762711864,0.0003247261047363281,
C1=C2C=C3C4=C2c2ccc(cc21)C3C4,0,0,0.3235294117647059,0.3235294117647059,0.0003609657287597656,
CC1=C2C=C3CC=CC3=C2c2ccccc21,0,0,0.3194444444444444,0.3194444444444444,0.0003178119659423828,
C1=CC2=CC3=Cc4ccccc4C(=C2C1)C3,0,0,0.4117647058823529,0.4117647058823529,0.0003361701965332031,
CC1=Cc2ccccc2C2=C3C2C13C,4,1,0.3384615384615385,0.3384615384615385,0.0002849102020263672,
Cc1cccc2c1C1=C3C=CCCC3=CC1=C2,0,0,0.32432432432432434,0.32432432432432434,0.0003447532653808594,
CCC1C=CC2=C3C(=Cc4ccccc43)C(C)=C21,0,0,0.3698630136986301,0.3698630136986301,0.00035881996154785156,
C1=C2CC=C3C4=C(CC234)c2ccccc21,0,0,0.34782608695652173,0.34782608695652173,0.00035858154296875,
CC(C)C1C=CC2=C3C(=Cc4ccccc43)C=C21,0,0,0.47058823529411764,0.47058823529411764,0.00035691261291503906,
CC1=CC2=C3C(=Cc4cccc(C)c43)C=C2C1,0,0,0.3108108108108108,0.3108108108108108,0.00033974647521972656,
C1=C2C=C3C4=C(CC23C4)c2ccccc21,8,3,0.36764705882352944,0.36764705882352944,0.00035119056701660156,
CCC1=C(C)C(C)=C2C1=Cc1ccccc12,0,0,0.36764705882352944,0.36764705882352944,0.00031065940856933594,
CC1=Cc2ccccc2C1=C1CC1C,0,0,0.38095238095238093,0.38095238095238093,0.00027489662170410156,
C1=C2C(=C3CC4C2=C34)c2ccccc21,0,0,0.38461538461538464,0.38461538461538464,0.0003066062927246094,
Cc1ccc2c(c1)C1=C3C4C(=CC1=C2)C34,0,0,0.3188405797101449,0.3188405797101449,0.000331878662109375,
C1=CC2=C3C(=C2)CC1=Cc1ccccc13,19,11,0.453125,0.453125,0.0003561973571777344,
C=C1C=C2C1=Cc1ccccc12,0,0,0.4067796610169492,0.4067796610169492,0.00023794174194335938,
CC1=Cc2ccccc2C1=C(C)C,0,0,0.3333333333333333,0.3333333333333333,0.00024318695068359375,
C1=C2C(=C3C4=C2C3C4)c2ccccc21,0,0,0.390625,0.390625,0.00033664703369140625,
CCC1CCC2=CC3=Cc4ccccc4C3=C21,0,0,0.4411764705882353,0.4411764705882353,0.0003409385681152344,
C1=Cc2ccccc2C2=C3C=C1C2C3,0,0,0.34328358208955223,0.34328358208955223,0.0003113746643066406,
C1=C2CC(=C3C2=Cc2ccccc23)C1,0,0,0.40625,0.40625,0.0003046989440917969,
CCC1=C2C(=Cc3ccccc32)C=C1C,44,44,0.4918032786885246,0.4918032786885246,0.0002799034118652344,
C1=C2C(=C3CC4=C2C4C3)c2ccccc21,0,0,0.36764705882352944,0.36764705882352944,0.00034236907958984375,
C1=CC2CC3C1=Cc1ccccc1C=C23,0,0,0.30985915492957744,0.30985915492957744,0.0003478527069091797,
CC1C2=Cc3ccccc3C(=C3C=C31)C2,0,0,0.373134328358209,0.373134328358209,0.00031065940856933594,
CC1C2=CC3=Cc4ccccc4C4=C2CCC4C31,0,0,0.32894736842105265,0.32894736842105265,0.0003886222839355469,
CCC1=Cc2ccccc2C2=C(C)C1C2,4,0,0.3188405797101449,0.3188405797101449,0.0003039836883544922,
CCC1CCC2=C3C(=Cc4ccccc43)C=C21,0,0,0.4411764705882353,0.4411764705882353,0.000335693359375,
CC12Cc3ccc4c(c3)C=C3C=C1C2=C34,0,0,0.3142857142857143,0.3142857142857143,0.0003440380096435547,
C1=C2C=C3CC4CC3=C2c2ccc4cc21,0,0,0.30985915492957744,0.30985915492957744,0.00036907196044921875,
CC1=Cc2ccccc2C1=C1C=CCCCC1,0,0,0.3611111111111111,0.3611111111111111,0.0003249645233154297,
CC1=C2C(=Cc3ccccc32)C=C1,30,56,0.4827586206896552,0.4827586206896552,0.00025200843811035156,
CCC1=Cc2ccccc2C2=C3C=C1C2C3C,0,0,0.3472222222222222,0.3472222222222222,0.0003535747528076172,
CCC1=CC2=Cc3ccccc3C2=C1C,46,47,0.4918032786885246,0.4918032786885246,0.0002830028533935547,
CCC1=CC2=C3C(=Cc4ccccc43)C=C2C1,0,0,0.4626865671641791,0.4626865671641791,0.0003452301025390625,
C1=C2CC34C(=C3C24)c2ccccc21,0,0,0.3384615384615385,0.3384615384615385,0.00031566619873046875,
C1=C2C(=C3CCC2C3)c2ccccc21,0,0,0.36363636363636365,0.36363636363636365,0.0002803802490234375,
CCCCC1=CC2=Cc3ccccc3C2=C1C,6,0,0.44776119402985076,0.44776119402985076,0.0003209114074707031,
CC1=Cc2ccccc2C2=CC(C)C2C1C,0,0,0.30985915492957744,0.30985915492957744,0.00031495094299316406,
C1=C2C=C3C=C(c4ccccc41)C3C2,10,1,0.38461538461538464,0.38461538461538464,0.0003063678741455078,
CC1=CCC2=C(C)CC3=Cc4ccccc4C3=C12,0,0,0.35135135135135137,0.35135135135135137,0.0003616809844970703,
C=C1C=CCC2=C3CC(=Cc4ccccc43)C=C12,0,0,0.36486486486486486,0.36486486486486486,0.0003757476806640625,
CCC12C3=Cc4ccccc4C1=C2C=C(C)C3,0,0,0.3472222222222222,0.3472222222222222,0.0003523826599121094,
CC1=CC1=C1C=CCc2ccccc21,0,0,0.31343283582089554,0.31343283582089554,0.0002646446228027344,
C1=C2CC3=Cc4ccccc4C3=C2C1,0,0,0.40625,0.40625,0.0002956390380859375,
CC1(C)C2=Cc3ccccc3C3=C(C=C31)C2,1,0,0.40298507462686567,0.40298507462686567,0.0003399848937988281,
CC1=CC2=C3c4ccccc4C=C(C1C)C23,0,0,0.36231884057971014,0.36231884057971014,0.0003223419189453125,
CC1=C2C=Cc3ccccc3C3=C1C23,0,0,0.3283582089552239,0.3283582089552239,0.0002779960632324219,
C1=C2C=C3C=C(c4ccccc4C1)C23,0,0,0.3235294117647059,0.3235294117647059,0.0002963542938232422,
C1=C2CC=C3C4=C(c5ccccc51)C23C4,0,0,0.34782608695652173,0.34782608695652173,0.00036025047302246094,
CCC1=Cc2ccccc2C1=C1CC=C1C,0,0,0.38235294117647056,0.38235294117647056,0.00030350685119628906,
CC1C2=CC3=Cc4ccccc4CC3=C21,0,0,0.35294117647058826,0.35294117647058826,0.0002913475036621094,
CC1=C(C)C2=Cc3ccccc3C2=C(C)C1,0,0,0.36764705882352944,0.36764705882352944,0.0002982616424560547,
C1=C2CC3=Cc4ccccc4C3=C1C2,0,0,0.43548387096774194,0.43548387096774194,0.00031638145446777344,
C=C1CC(C)=CC1=C1C=Cc2ccccc21,0,0,0.34285714285714286,0.34285714285714286,0.00030684471130371094,
C1=C2C=C3CCCC3=C2c2ccccc2C1,0,0,0.3150684931506849,0.3150684931506849,0.0003216266632080078,
C1=C2CCCC=C2c2ccccc21,0,0,0.3384615384615385,0.3384615384615385,0.0002529621124267578,
CCC1=Cc2ccccc2C2=CC2(C)C1,0,0,0.3188405797101449,0.3188405797101449,0.000293731689453125,
C=C1C2=C3C(=C2C)C(C=Cc2ccccc23)C1C,0,0,0.32,0.32,0.0003917217254638672,
CCC1C=CC2=C3C(=Cc4cccc(C)c43)C=C21,0,0,0.3157894736842105,0.3157894736842105,0.0003464221954345703,
C1=C2C=C3CC4(C2)CC3=C4c2ccccc21,0,0,0.352112676056338,0.352112676056338,0.0003790855407714844,
C=C(C)C1=CC2=Cc3ccccc3C2=C1C,2,0,0.47619047619047616,0.47619047619047616,0.0003046989440917969,
Cc1ccc2ccc=2c2ccccc2c1,0,0,0.3333333333333333,0.3333333333333333,0.00032401084899902344,
C1=CC2=C3C(=Cc4ccccc43)C=C2C1,25,33,0.5245901639344263,0.5245901639344263,0.0003273487091064453,
C1=C2C=C3CC3=C2c2ccccc21,63,96,0.5263157894736842,0.5263157894736842,0.00029397010803222656,
CCCC1C2=Cc3ccccc3C2=C1C,0,0,0.3582089552238806,0.3582089552238806,0.0002758502960205078,
C=C1CC2=CC3=Cc4ccccc4C3=C12,14,16,0.4838709677419355,0.4838709677419355,0.000293731689453125,
C=Cc1ccc2c(c1)C1=C3C=CCC3=CC1=C2,0,0,0.32432432432432434,0.32432432432432434,0.0003502368927001953,
Cc1cccc2c1C1=C3CC=CCC3=CC1=C2,0,0,0.32432432432432434,0.32432432432432434,0.0003440380096435547,
C1=C2CC3=CCc4ccccc4C3=C12,0,0,0.3235294117647059,0.3235294117647059,0.00028705596923828125,
CC=CCC1=CC2=Cc3ccccc3C2=C1,0,0,0.39705882352941174,0.39705882352941174,0.00030112266540527344,
c1ccc2c(c#1)=CC1=Cc3ccccc3C=21,0,4,0.5737704918032787,0.5737704918032787,0.0003485679626464844,
CC1=Cc2ccccc2CC2=C3C=C1C32,0,0,0.3142857142857143,0.3142857142857143,0.00031113624572753906,
CCC1C2=Cc3ccccc3C2=C1C,0,0,0.375,0.375,0.00025653839111328125,
CC1=Cc2ccccc2C1=CC1CC1,0,0,0.31343283582089554,0.31343283582089554,0.0002682209014892578,
C1=C2CCC=C2c2ccccc21,0,0,0.3548387096774194,0.3548387096774194,0.0002498626708984375,
CC1=Cc2ccccc2C2=C(C)C1CC2,3,2,0.3188405797101449,0.3188405797101449,0.0003006458282470703,
CC1=CCC2=CC3=Cc4cc(C)ccc4C3=C12,0,0,0.3108108108108108,0.3108108108108108,0.0003478527069091797,
C1=C2C3=CC2=C2Cc4ccccc4C=C1C32,0,0,0.3150684931506849,0.3150684931506849,0.00037407875061035156,
CC1=CCCC2=CC3=Cc4ccccc4C3=C12,0,0,0.4626865671641791,0.4626865671641791,0.00033593177795410156,
CCC1=Cc2ccccc2C2=C3C1C23,0,0,0.3333333333333333,0.3333333333333333,0.0002865791320800781,
C1#CC2=C3C(=Cc4ccccc43)C=C2C1,0,0,0.47619047619047616,0.47619047619047616,0.00030732154846191406,
C1=C2C=C3C4=C(CCC23C4)c2ccccc21,0,0,0.352112676056338,0.352112676056338,0.00039386749267578125,
C=CC1=Cc2ccccc2C1=CC,0,0,0.328125,0.328125,0.00024247169494628906,
C1=C2C3=Cc4ccccc4C3=C2C1,0,0,0.4262295081967213,0.4262295081967213,0.0002684593200683594,
C1=CC2C(=CC3=Cc4ccccc4C32)C1,0,0,0.30985915492957744,0.30985915492957744,0.0003151893615722656,
CC1=C(C)c2ccccc2C=CC=C1,0,0,0.3333333333333333,0.3333333333333333,0.0002639293670654297,
CC1=C2C3=C1C1=CC(=Cc4ccccc43)C2(C)C1,0,0,0.3698630136986301,0.3698630136986301,0.00040340423583984375,
CCC1=C2C(=Cc3ccccc32)CCC1,0,0,0.35294117647058826,0.35294117647058826,0.00028896331787109375,
CC1C2=C3c4ccccc4C=CC(=C2)C31,0,0,0.3333333333333333,0.3333333333333333,0.00031685829162597656,
CC1=Cc2ccccc2C2=C3C=C1C2CC3,0,0,0.35714285714285715,0.35714285714285715,0.0003285408020019531,
C=C1CC(C)=Cc2ccccc21,0,0,0.3442622950819672,0.3442622950819672,0.0002205371856689453,
C1=CC2=CCc3ccccc3C2=C1,0,0,0.3181818181818182,0.3181818181818182,0.00025534629821777344,
CC1=Cc2ccccc2C2=CCC1C2,0,0,0.3283582089552239,0.3283582089552239,0.0002765655517578125,
CC1CCC2=C3C(=Cc4ccccc43)C21,0,0,0.35294117647058826,0.35294117647058826,0.00030040740966796875,
C1=C2CCC3C1=Cc1ccccc1C1=C2C=C13,9,2,0.39436619718309857,0.39436619718309857,0.0004215240478515625,
CCC1=C(C)C2=Cc3ccccc3C2=C1,0,0,0.3787878787878788,0.3787878787878788,0.00028014183044433594,
Cc1ccc2c(c1)C1=C3C=CCC3=CC1=C2,0,0,0.3380281690140845,0.3380281690140845,0.0003223419189453125,
C1=C2CC3=C(C4=C3C24)c2ccccc21,0,0,0.38461538461538464,0.38461538461538464,0.0003294944763183594,
CCC1=Cc2ccccc2C2=CC1(C)C2,0,0,0.3235294117647059,0.3235294117647059,0.0003190040588378906,
C1=CC2CCC3=Cc4ccccc4C3=C1C2,0,0,0.37142857142857144,0.37142857142857144,0.0003371238708496094,
CC1=CCC2=Cc3ccccc3C2=C1C,0,0,0.4,0.4,0.00027441978454589844,
Cc1ccc2c(c1)C=C1C=C3C(=C12)C3(C)C,0,0,0.30985915492957744,0.30985915492957744,0.000324249267578125,
CCC1=CCC2=CC3=Cc4ccccc4C3=C12,0,0,0.4626865671641791,0.4626865671641791,0.0003345012664794922,
CCC1=CC2=Cc3ccc4cc3C2=C1C4,0,0,0.3142857142857143,0.3142857142857143,0.00033473968505859375,
C=c1c2cc3c(c1-2)-c1ccccc1C=3,0,0,0.390625,0.390625,0.00030612945556640625,
C1=CC2=CC3=Cc4ccccc4C3=C2C=1,1,2,0.5245901639344263,0.5245901639344263,0.0003025531768798828,
CC12C3=CC1C2=Cc1ccccc13,0,0,0.34375,0.34375,0.0002586841583251953,
c1ccc2cc3ccc-3cccc2c1,0,0,0.34328358208955223,0.34328358208955223,0.0003120899200439453,
CC=C1CC2=C3C(=Cc4ccccc43)C=C12,0,0,0.46153846153846156,0.46153846153846156,0.0003178119659423828,
CC1C2=C3C(=Cc4ccccc43)CC1C2,0,0,0.35294117647058826,0.35294117647058826,0.0003254413604736328,
CCCC1=C2C(=Cc3ccccc32)C1,0,0,0.36923076923076925,0.36923076923076925,0.0002593994140625,
CC1=CC2=Cc3ccccc3C2=CC1,0,0,0.43548387096774194,0.43548387096774194,0.0002617835998535156,
CCC12CC3=C1c1ccccc1C=CC2=C3,0,0,0.3194444444444444,0.3194444444444444,0.00033783912658691406,
C1=C2C=C3C4=C2c2cc(ccc21)CC34,0,0,0.3235294117647059,0.3235294117647059,0.0003266334533691406,
CCC1=CCc2ccccc2C1=C1C=C1C,0,0,0.30985915492957744,0.30985915492957744,0.0002923011779785156,
C1=CC2=CC3=Cc4ccccc4C(=C2CC1)C3,0,0,0.39436619718309857,0.39436619718309857,0.00036454200744628906,
C1=C2C=C3C4=C(c5ccccc51)C3(CC2)C4,0,1,0.352112676056338,0.352112676056338,0.0004127025604248047,
CC1=CCCC1=C1C=Cc2ccccc21,0,0,0.3142857142857143,0.3142857142857143,0.0002810955047607422,
C1=C2C=C3CC4C(=C2c2ccccc21)C34,1,2,0.47619047619047616,0.47619047619047616,0.0003123283386230469,
CCC1C=CC2=C3C(=Cc4ccccc43)C=C21,26,23,0.48484848484848486,0.48484848484848486,0.00034332275390625,
C=C1CC=CC1=C1C=Cc2ccccc21,0,0,0.3333333333333333,0.3333333333333333,0.0002880096435546875,
CC1=CC(C)=C1c1ccccc1C,0,0,0.3125,0.3125,0.00024390220642089844,
CC1=C2CCC1=C1C2=Cc2ccccc21,0,0,0.373134328358209,0.373134328358209,0.0003082752227783203,
CC1=Cc2ccccc2C2=CC(C)C12,0,0,0.3333333333333333,0.3333333333333333,0.00026798248291015625,
CC1=CC2=C(C)C3=Cc4ccccc4C3=C2C1,0,0,0.38571428571428573,0.38571428571428573,0.00032973289489746094,
CC1(C)C2=CC3=Cc4ccccc4C3=C1CC2,0,0,0.44776119402985076,0.44776119402985076,0.0003478527069091797,
C=CCC1=CC2=CCc3ccccc3C2=C1,0,0,0.3194444444444444,0.3194444444444444,0.0003018379211425781,
CC1=C2CC3=Cc4ccccc4C3=C12,4,1,0.390625,0.390625,0.0002758502960205078,
C#CCC1=C2C(=Cc3ccccc32)C=C1,0,0,0.4375,0.4375,0.00028443336486816406,
CC1=C2CC(=C3C1=Cc1ccccc13)C2,0,0,0.3787878787878788,0.3787878787878788,0.0003235340118408203,
C=CC1=CC2=Cc3ccccc3C2=C1,0,0,0.43548387096774194,0.43548387096774194,0.0002720355987548828,
CCC1=C2CC(=Cc3ccccc32)C2=C1C2,0,0,0.3194444444444444,0.3194444444444444,0.0003330707550048828,
CC1(C)C2=CCC3=Cc4ccccc4C3=C21,0,0,0.38235294117647056,0.38235294117647056,0.00030922889709472656,
C1=CC2=C3C(=Cc4ccccc43)C=C(CC1)C2,2,0,0.47761194029850745,0.47761194029850745,0.0003604888916015625,
CC12C3=CC4=Cc5ccccc5C4=C1C32C,0,1,0.47619047619047616,0.47619047619047616,0.0003261566162109375,
CC1C2=CC3=Cc4ccccc4C4=C2C=C4C31,20,10,0.4,0.4,0.0003714561462402344,
C=C(C)C1=C2C(=Cc3ccccc32)C=C1,0,0,0.4444444444444444,0.4444444444444444,0.00027942657470703125,
CC1CC2=C3C(=CCc4ccccc43)C=C21,0,0,0.3194444444444444,0.3194444444444444,0.00031304359436035156,
C1=CCC2CCC3=Cc4ccccc4C3=C2C1,0,0,0.3561643835616438,0.3561643835616438,0.0003402233123779297,
CC1=C(C)C2=C3C(=Cc4ccccc43)C=C2C1,0,0,0.44776119402985076,0.44776119402985076,0.00033855438232421875,
C1=CC2=C3C4=C2C4C1=Cc1ccccc13,14,7,0.4090909090909091,0.4090909090909091,0.0003294944763183594,
CC1(C)C2=CC2=C2C1=Cc1ccccc12,7,2,0.421875,0.421875,0.0002999305725097656,
CC1=Cc2ccccc2C1=C1CCC1C,0,0,0.3582089552238806,0.3582089552238806,0.000278472900390625,
CCC1=C2Cc3ccccc3C=C2C=C1,0,0,0.3333333333333333,0.3333333333333333,0.0002913475036621094,
CC1=Cc2ccccc2C2=CC2CC1,0,0,0.3283582089552239,0.3283582089552239,0.00027179718017578125,
C1=CC2=Cc3ccccc3C3=C(C1)C1=C3C21,0,0,0.391304347826087,0.391304347826087,0.0003387928009033203,
CC(C)C1=Cc2ccccc2C2=CC21,16,2,0.3333333333333333,0.3333333333333333,0.00027632713317871094,
C1=CC2C3=CC4=Cc5ccc2cc5C4=C13,0,0,0.34782608695652173,0.34782608695652173,0.00034427642822265625,
C1=C2C=C3CC4=C2c2ccc(cc21)C34,0,0,0.3235294117647059,0.3235294117647059,0.0003330707550048828,
C1=CCC2=C3C(=Cc4ccccc43)C=C2C1,9,13,0.5,0.5,0.00033473968505859375,
CC12C3=Cc4ccccc4C1=C2CC=CC3,0,0,0.3380281690140845,0.3380281690140845,0.00032830238342285156,
C1#CC2=CC3=CCc4ccccc4C3=C2C1,0,0,0.3150684931506849,0.3150684931506849,0.00031447410583496094,
CCC1=Cc2ccccc2C2=C3C=C1C2(C)C3,0,0,0.3472222222222222,0.3472222222222222,0.00035500526428222656,
CC1C2=CC3=Cc4ccccc4C4=C2CC341,0,0,0.35714285714285715,0.35714285714285715,0.0003523826599121094,
C1=C2CC3C1=Cc1ccccc1C1=C2C=C3C1,0,0,0.3561643835616438,0.3561643835616438,0.00040459632873535156,
CCC1=C2C(=Cc3ccccc32)C(C)=C(C)C1,0,0,0.352112676056338,0.352112676056338,0.0003304481506347656,
C#CCC1=CC2=Cc3ccccc3C2=C1C,14,7,0.46875,0.46875,0.00030350685119628906,
C=C1CC=C(C)C1=C1C=Cc2ccccc21,0,0,0.34285714285714286,0.34285714285714286,0.0003070831298828125,
c1ccc2c3c4ccc-4cc-3cc2c1,0,0,0.34328358208955223,0.34328358208955223,0.00031495094299316406,
CCC1C2=CC3=Cc4ccccc4C(=C21)C3,0,0,0.35714285714285715,0.35714285714285715,0.00032329559326171875,
CC1=CC2=Cc3ccccc3CC2=C1C,0,0,0.3582089552238806,0.3582089552238806,0.00028324127197265625,
C1=C2C=C3C4=C(c5ccccc51)C34C2,23,9,0.38461538461538464,0.38461538461538464,0.0003325939178466797,
C1=C2CCC(=C3Cc4ccccc4C=C13)C2,0,0,0.3333333333333333,0.3333333333333333,0.0003414154052734375,
CCC1=C2CC2=C2C(=Cc3ccccc32)C1,0,0,0.35714285714285715,0.35714285714285715,0.00031280517578125,
CCC1=Cc2ccccc2C(=C2C=C2C)C1,0,0,0.36764705882352944,0.36764705882352944,0.00029587745666503906,
C1=C2CCC3CCC3=C2c2ccccc21,0,0,0.34782608695652173,0.34782608695652173,0.00031256675720214844,
CC1CC2(C1)C1=CC3=Cc4ccccc4C3=C12,0,0,0.44776119402985076,0.44776119402985076,0.0003592967987060547,
CCC1C2=CC3=Cc4ccccc4C4=C2C=C4C31C,0,0,0.37333333333333335,0.37333333333333335,0.0004253387451171875,
CC1(C)C2=CC3=CCc4ccccc4C3=C21,0,0,0.323943661971831,0.323943661971831,0.00031566619873046875,
CC1=C2C3=Cc4cccc(c42)CC1=C3,0,0,0.3283582089552239,0.3283582089552239,0.0002970695495605469,
CC1=C2CC1=C1C2=Cc2ccccc21,0,0,0.390625,0.390625,0.0003046989440917969,
C1=CC2CC34C2=Cc2ccccc2C3=C14,2,0,0.34782608695652173,0.34782608695652173,0.00036454200744628906,
C1=C2C(=C3C4C5=C2C4C35)c2ccccc21,0,0,0.3787878787878788,0.3787878787878788,0.0003781318664550781,
CCC1=CC(C)=C2C1=Cc1ccccc12,0,0,0.421875,0.421875,0.00029349327087402344,
C1=C2C3=C4C5=C(C6=C5C3C246)c2ccccc21,0,0,0.352112676056338,0.352112676056338,0.00043582916259765625,
CC1C2=CCC2=C2C1=Cc1ccccc12,0,0,0.3939393939393939,0.3939393939393939,0.00031113624572753906,
C1=C2C=C3C4CC3C4=C2c2ccccc21,10,18,0.4838709677419355,0.4838709677419355,0.000362396240234375,
CCC=C1C(CC)=Cc2ccccc21,0,0,0.31343283582089554,0.31343283582089554,0.00024700164794921875,
CC1C=C2C(=Cc3ccccc32)C1,0,0,0.34375,0.34375,0.00025844573974609375,
CC1=CC2=Cc3ccccc3CC=C2C1,0,0,0.35294117647058826,0.35294117647058826,0.00029349327087402344,
CC1=Cc2ccccc2C=C(C)C=C1,0,0,0.3333333333333333,0.3333333333333333,0.0002644062042236328,
CC1=C2C=C3C=C(CC32)c2ccccc21,0,0,0.3142857142857143,0.3142857142857143,0.0003170967102050781,
c1ccc2c(c1)cc1ccc3cc3c12,0,0,0.3235294117647059,0.3235294117647059,0.000316619873046875,
CC1=C2CC=CCC2=C2C1=Cc1ccccc12,0,0,0.38028169014084506,0.38028169014084506,0.0003590583801269531,
CC12C3=Cc4ccccc4C4=C(C3)C1=C42,0,0,0.373134328358209,0.373134328358209,0.000335693359375,
CC1=CC2=Cc3ccccc3C2=C(C)C1,40,38,0.4918032786885246,0.4918032786885246,0.0002791881561279297,
Cc1ccc2c(c1)C1=C3CC(=CC1=C2)C3,0,0,0.3188405797101449,0.3188405797101449,0.0003275871276855469,
C1=CC2=C3Cc4ccccc4C=C3C=C2C1,0,0,0.37142857142857144,0.37142857142857144,0.000331878662109375,
C1=C2C=C3C(=C2c2ccccc21)CC31CC1,0,0,0.46153846153846156,0.46153846153846156,0.00034332275390625,
CCC1=C2C(=Cc3ccccc32)C=C(C)C1,15,4,0.46875,0.46875,0.0003063678741455078,
C1=C2C=C3C4=C(C5=C(C4)C235)c2ccccc21,4,2,0.391304347826087,0.391304347826087,0.0003821849822998047,
C1=C2C=C3C4=Cc5cccc(c51)C2=C3C4,0,0,0.34782608695652173,0.34782608695652173,0.0003681182861328125,
CC1=Cc2ccccc2C2=C3CC132,19,4,0.34375,0.34375,0.00026702880859375,
C1=CC2=Cc3ccccc3C2=C1,20,24,0.4482758620689655,0.4482758620689655,0.00026106834411621094,
CC1C=C2C=C3C(=C2c2ccccc21)C3(C)C,0,0,0.3150684931506849,0.3150684931506849,0.0003399848937988281,
C1=CC2=Cc3ccccc3C2=CCCC1,0,0,0.3880597014925373,0.3880597014925373,0.00030159950256347656,
CC1=Cc2ccccc2C2=CC2C1C,5,6,0.3333333333333333,0.3333333333333333,0.0002720355987548828,
CCC1=CC2=Cc3ccccc3C(=C1C)C2,0,0,0.36231884057971014,0.36231884057971014,0.0003113746643066406,
C1=C2CCC3=C2C2=Cc4ccccc4C2=C13,0,0,0.391304347826087,0.391304347826087,0.00035691261291503906,
C1=C2CC3CC3=C2c2ccccc21,15,9,0.38095238095238093,0.38095238095238093,0.00028634071350097656,
C=CC1=C2C(=Cc3ccccc32)C=C1CCC,0,0,0.44776119402985076,0.44776119402985076,0.0003337860107421875,
CC12CCC3=Cc4ccccc4C3=C(C1)C2,0,0,0.34285714285714286,0.34285714285714286,0.000339508056640625,
CC1(C)C=CC2=C3C(=Cc4ccccc43)C=C2C1,0,0,0.47058823529411764,0.47058823529411764,0.0003581047058105469,
C1=C2CCC(=C3C1=Cc1ccccc13)C2,22,15,0.47619047619047616,0.47619047619047616,0.00030922889709472656,
CC1=C2CCC(=C3C1=Cc1ccccc13)C2,0,0,0.35714285714285715,0.35714285714285715,0.00033593177795410156,
C1=C2C=C3CCC3=C2c2ccccc21,18,59,0.5,0.5,0.000293731689453125,
C=CC1=CC2=Cc3ccccc3C2=C1C,16,27,0.4918032786885246,0.4918032786885246,0.00028252601623535156,
CCC1C2=CC2=C2C1=Cc1ccccc12,1,0,0.4153846153846154,0.4153846153846154,0.0002989768981933594,
CC1=C2C(=Cc3ccccc32)C=C1C(C)C,0,0,0.47619047619047616,0.47619047619047616,0.00029921531677246094,
C1=C2CCC3=C(c4ccccc41)C23,8,2,0.3384615384615385,0.3384615384615385,0.0002949237823486328,
CCC1=C2C(=Cc3ccccc32)C(C)=C1,0,0,0.421875,0.421875,0.00028324127197265625,
C1=CC2=C3C(=Cc4ccccc43)CC=C2CC1,0,0,0.39436619718309857,0.39436619718309857,0.00035119056701660156,
CC1(C)C=CC2=C3C(=Cc4ccccc43)C=C21,2,6,0.49230769230769234,0.49230769230769234,0.0003466606140136719,
C1=C2CCC(=C3C1=CCc1ccccc13)C2,0,0,0.3150684931506849,0.3150684931506849,0.00032329559326171875,
C1=C2C=C3C4CC(=C2c2ccccc21)C3C4,0,0,0.45454545454545453,0.45454545454545453,0.00035381317138671875,
CC=CC1=CC2=Cc3ccccc3C2=C1C,0,0,0.46875,0.46875,0.000301361083984375,
CC1=C2C3=Cc4cccc(c42)CCC1=C3,0,0,0.3142857142857143,0.3142857142857143,0.0003139972686767578,
C1=C2C3=Cc4ccccc4CC3=C12,0,0,0.3384615384615385,0.3384615384615385,0.0002751350402832031,
CC1=C2CCC3=Cc4ccccc4C3=C12,0,0,0.373134328358209,0.373134328358209,0.00030732154846191406,
CC1=C2C(=Cc3ccccc32)C=C=C1,0,0,0.45901639344262296,0.45901639344262296,0.0002727508544921875,
CC12CC3=Cc4ccccc4C3=C1C2,1,2,0.36923076923076925,0.36923076923076925,0.0002815723419189453,
C1=C2CCC3=Cc4ccccc4C3=C12,28,19,0.42857142857142855,0.42857142857142855,0.0003018379211425781,
C1=C2CC1=C1CC2=Cc2ccccc21,0,0,0.390625,0.390625,0.0003142356872558594,
CC1=C2CC=CC2=C2C1=Cc1ccccc12,0,0,0.39705882352941174,0.39705882352941174,0.00032830238342285156,
CCC1(C)C2=C3C(=Cc4ccccc43)CCCC21,0,0,0.3157894736842105,0.3157894736842105,0.0003561973571777344,
CC1CCC2=C3C(=Cc4ccccc43)C=C21,9,4,0.46153846153846156,0.46153846153846156,0.0003094673156738281,
CCC1=CC2=CCc3ccccc3C2=C1,0,0,0.3333333333333333,0.3333333333333333,0.0002841949462890625,
CCC1=C2C(=CCc3ccccc32)C=C1C,0,0,0.323943661971831,0.323943661971831,0.00029587745666503906,
CCC12C3=CC1=Cc1ccccc1C2=C3,5,2,0.373134328358209,0.373134328358209,0.00031280517578125,
C=C1CC=C2C1=Cc1ccccc12,0,0,0.36507936507936506,0.36507936507936506,0.000255584716796875,
C=C1CC1=C1C=Cc2ccccc21,0,0,0.328125,0.328125,0.0002658367156982422,
C1=CC2=Cc3ccccc3C=C(C=1)CC=C2,0,0,0.3333333333333333,0.3333333333333333,0.00034999847412109375,
CC1=C2C(=Cc3ccccc32)C2=C1C2C,0,0,0.3787878787878788,0.3787878787878788,0.00031113624572753906,
C#CC1=C(C)C2=Cc3ccccc3C2=C1C,0,0,0.36764705882352944,0.36764705882352944,0.00029540061950683594,
C=C1CC2=CC3=Cc4ccccc4C3=C2C1,0,0,0.46153846153846156,0.46153846153846156,0.0003223419189453125,
CCCC1=C2C(=Cc3ccccc32)C=C1C,2,2,0.46875,0.46875,0.0003037452697753906,
CCC1(C)C2=CC3=Cc4ccccc4CC3=C21,0,0,0.3287671232876712,0.3287671232876712,0.0003371238708496094,
CC1C2=Cc3ccccc3C3=C(C=C31)C2,18,8,0.4153846153846154,0.4153846153846154,0.00032639503479003906,
CC12C3=Cc4ccccc4C1=C2C=CC3,18,3,0.35294117647058826,0.35294117647058826,0.0003170967102050781,
C1=C2C=C(C3CC3)C=C2c2ccccc21,0,0,0.4153846153846154,0.4153846153846154,0.0003275871276855469,
CC1=CC2=Cc3ccccc3C2=C1,17,16,0.4576271186440678,0.4576271186440678,0.0002498626708984375,
CC1=C2C(=Cc3ccccc32)CCC1,0,0,0.36923076923076925,0.36923076923076925,0.00026154518127441406,
CC1(C)C2=CCC3=Cc4ccccc4C(=C21)C3,0,0,0.3287671232876712,0.3287671232876712,0.0003414154052734375,
Cc1ccc2c(c1)C1=C3C(=CC1=C2)C3(C)C,0,0,0.30985915492957744,0.30985915492957744,0.00033164024353027344,
C=CC1=C2C(=Cc3ccccc32)C=C1C,5,5,0.4918032786885246,0.4918032786885246,0.0002810955047607422,
C1=C2CC(=C3C=C23)c2ccccc21,0,0,0.4032258064516129,0.4032258064516129,0.00027179718017578125,
C=C1CC2=CC3=CCc4ccccc4C3=C12,0,0,0.3194444444444444,0.3194444444444444,0.0003151893615722656,
CCC1C2=C3C(=Cc4ccccc43)C21,0,0,0.36923076923076925,0.36923076923076925,0.0002753734588623047,
CC1=Cc2ccccc2C2=C=C(C2)C1,0,0,0.3333333333333333,0.3333333333333333,0.00029397010803222656,
CCC1CC=CC2=C3C(=Cc4ccccc43)CC=C21,0,0,0.3684210526315789,0.3684210526315789,0.0003790855407714844,
CC1=CC2CC1=C1C2=Cc2ccccc21,0,0,0.3939393939393939,0.3939393939393939,0.00029850006103515625,
C1=CC=1CC1=C2C(=Cc3ccccc32)C=C1,0,0,0.46153846153846156,0.46153846153846156,0.00032210350036621094,
CCC1(C)C2=C3c4ccccc4C=C4C=C2C431,0,0,0.3472222222222222,0.3472222222222222,0.0003743171691894531,
C1=C2C(=C3CCC23)c2ccccc21,0,0,0.38095238095238093,0.38095238095238093,0.0002636909484863281,
C1=CCCC2=C3C(=Cc4ccccc43)C=C2CC1,0,0,0.45714285714285713,0.45714285714285713,0.0003788471221923828,
CCC1C=C2C1=Cc1ccccc12,0,0,0.34375,0.34375,0.00025963783264160156,
C1=C2CCCC1=C1C2=Cc2ccccc21,0,0,0.4090909090909091,0.4090909090909091,0.0003190040588378906,
C1=C2CCC(=C3C1=Cc1ccccc13)CC2,0,0,0.45454545454545453,0.45454545454545453,0.00034880638122558594,
CC=C1C(CC)=Cc2ccccc21,0,0,0.328125,0.328125,0.00023245811462402344,
C1=C2C=C3CCC(=C(C2)c2ccccc21)C3,0,0,0.352112676056338,0.352112676056338,0.00032782554626464844,
CC1C2=Cc3ccccc3C2=C2CCC21,0,0,0.35294117647058826,0.35294117647058826,0.0002951622009277344,
C1=C2C3=C1C1CCC2C1=Cc1ccccc13,0,0,0.391304347826087,0.391304347826087,0.0003750324249267578,
C=CC1C=C2C3=C4C(=Cc5ccccc54)C2=C31,0,0,0.3611111111111111,0.3611111111111111,0.00040912628173828125,
CC1=CC1=CC1=Cc2ccccc2C1,0,0,0.31343283582089554,0.31343283582089554,0.00026988983154296875,
C1=C2C3C4=C(c5ccccc51)C21C4=C31,0,0,0.34328358208955223,0.34328358208955223,0.00031828880310058594,
Cc1ccc2c(c1)C=C1C=C3C4C(=C12)C34,0,0,0.3188405797101449,0.3188405797101449,0.00032329559326171875,
CC12CC3C1=Cc1ccccc1C1=C3C=C12,11,1,0.39705882352941174,0.39705882352941174,0.00034999847412109375,
CC1=C2C(=Cc3ccccc32)CC(C)C1,0,0,0.3582089552238806,0.3582089552238806,0.0002856254577636719,
CCC1=C(C)C1=C1C=Cc2ccccc21,0,0,0.3382352941176471,0.3382352941176471,0.0002849102020263672,
CC1=CC2=CC3=CCCc4ccccc4C3=C2C1,0,0,0.32894736842105265,0.32894736842105265,0.0003540515899658203,
Cc1ccc2c(c1)C1=C3CC=CC3=CC1=C2,0,0,0.3380281690140845,0.3380281690140845,0.0003204345703125,
CC1CC2C3=Cc4ccccc4C3=C12,0,0,0.36923076923076925,0.36923076923076925,0.0002803802490234375,
C1=C2CC3=C2C32Cc3ccccc3C=C12,0,0,0.30985915492957744,0.30985915492957744,0.000347137451171875,
CCC(C)C1=CC2=Cc3ccccc3C2=C1,0,0,0.40298507462686567,0.40298507462686567,0.00029969215393066406,
C1=C2C=C3C4C5=C2c2ccc(cc21)C4C35,0,0,0.3142857142857143,0.3142857142857143,0.0004124641418457031,
CCCC1C=CC2=C3C(=Cc4ccccc43)C=C21,0,0,0.463768115942029,0.463768115942029,0.00036215782165527344,
CC1=C(C)c2ccccc2C1=C1C=C1,0,0,0.3181818181818182,0.3181818181818182,0.0002760887145996094,
C1=C2CC3CCC(=C2c2ccccc21)C3,0,0,0.34782608695652173,0.34782608695652173,0.0003159046173095703,
CC1C=CC2=C3C(=CCc4ccccc43)C=C21,0,0,0.3424657534246575,0.3424657534246575,0.0003383159637451172,
CC1C2=CC3=Cc4ccccc4C3=C1C2,15,27,0.4838709677419355,0.4838709677419355,0.0003185272216796875,
C1=C2C=C3CC4C3=C2c2ccc4cc21,0,0,0.3235294117647059,0.3235294117647059,0.00033664703369140625,
CCC1=Cc2ccccc2C1=C1C(C)=C1C,0,0,0.373134328358209,0.373134328358209,0.0003142356872558594,
Cc1c2c3c(c4c1=Cc1ccccc1-4)C2C=3,0,0,0.34285714285714286,0.34285714285714286,0.0003752708435058594,
Cc1ccc2c(c1)C1=C3CC3=CC1=C2,0,0,0.3283582089552239,0.3283582089552239,0.00030231475830078125,
C1=C2CC34C1=Cc1ccccc1C3=C24,0,1,0.38461538461538464,0.38461538461538464,0.0003528594970703125,
CCC1=C2C(=Cc3ccccc32)C=C1,9,11,0.45901639344262296,0.45901639344262296,0.00026416778564453125,
CC1=CC2=CC3=C(c4ccccc41)C23,0,0,0.3283582089552239,0.3283582089552239,0.0002827644348144531,
CC1=CC2=Cc3ccccc3C(=C1C)C2,0,0,0.3787878787878788,0.3787878787878788,0.0002980232238769531,
CCC1=CC2=C3Cc4ccccc4C=C3C=C2C1,0,0,0.32894736842105265,0.32894736842105265,0.0003597736358642578,
C1=Cc2ccc3c(c2)C=C1C3=C1C=C1,0,0,0.3484848484848485,0.3484848484848485,0.00030994415283203125,
C1=C2C(=C3CC24CC34)c2ccccc21,0,0,0.36363636363636365,0.36363636363636365,0.00030732154846191406,
C1=C2CCC3=CC34C(=Cc3ccccc31)C=C24,0,0,0.32,0.32,0.0004112720489501953,
CC1=CC2=Cc3cc4ccc3C2=C(C)C14,0,0,0.3188405797101449,0.3188405797101449,0.0003380775451660156,
CCC1=C2C(=Cc3ccccc32)C1,0,0,0.3870967741935484,0.3870967741935484,0.00024390220642089844,
CC1=C2C(=Cc3ccccc32)C2=C(CC=C2)C1,0,0,0.38028169014084506,0.38028169014084506,0.0003495216369628906,
CC12CC3=CC4=Cc5cc1ccc5C4=C32,0,0,0.3142857142857143,0.3142857142857143,0.00034308433532714844,
C1=C2C(=C3CCCC23)c2ccccc21,0,0,0.36363636363636365,0.36363636363636365,0.0002810955047607422,
CC1C2=C3c4ccccc4C=C4C=C2C431,47,18,0.373134328358209,0.373134328358209,0.000335693359375,
C1=C2CCC3C4=C(c5ccccc51)C43C2,0,0,0.30985915492957744,0.30985915492957744,0.0003387928009033203,
CC1=C2C3=C4C5=C3CC25C1=Cc1ccccc14,0,0,0.3424657534246575,0.3424657534246575,0.00041294097900390625,
CCC1=C2C(=Cc3ccccc32)C1C,0,0,0.375,0.375,0.000270843505859375,
C1=Cc2ccccc2C1=C1CC1,0,0,0.31746031746031744,0.31746031746031744,0.000240325927734375,
CC1=Cc2ccccc2C=C2CC3C1=C23,0,0,0.3142857142857143,0.3142857142857143,0.00033211708068847656,
CCC1C=C(C)C2=C3C(=Cc4ccccc43)C=C21,0,0,0.4492753623188406,0.4492753623188406,0.00034689903259277344,
Cc1ccc2c(c1)C=C1C=C3C4C(=C12)C34C,0,0,0.30985915492957744,0.30985915492957744,0.0003504753112792969,
C#CC1(C)C2=CC3=Cc4ccccc4CC3=C21,0,0,0.3287671232876712,0.3287671232876712,0.00034499168395996094,
C1=C2CC(=C3C(=Cc4ccccc43)C1)C2,0,0,0.3939393939393939,0.3939393939393939,0.00032830238342285156,
CC1=Cc2ccccc2C2=C(C)C1C2C,2,0,0.3235294117647059,0.3235294117647059,0.00030159950256347656,
C1=CC2=CC3=CCc4ccccc4C3=C2C1,0,0,0.352112676056338,0.352112676056338,0.0003237724304199219,
C=CC1=C(C)C2=Cc3ccccc3C2=C1,0,0,0.3787878787878788,0.3787878787878788,0.0002837181091308594,
C1=C2C=C3C4=C(C5=C4C235)c2ccccc21,31,14,0.4090909090909091,0.4090909090909091,0.0003566741943359375,
C1=CC2=CC(=Cc3ccccc3)C=C2C1,0,0,0.32857142857142857,0.32857142857142857,0.0003046989440917969,
CC1C2=CCC3=Cc4ccccc4C3=C1C2,0,0,0.37681159420289856,0.37681159420289856,0.00033092498779296875,
C=CC1CCC(C)C2=C3C(=Cc4ccccc43)C=C21,0,0,0.410958904109589,0.410958904109589,0.0003745555877685547,
CC1=CC2=C3C(=Cc4ccccc43)C(C)=C2C1,0,0,0.38571428571428573,0.38571428571428573,0.0003445148468017578,
CC1=C(C)C2=C3C(=Cc4ccccc43)CC=C2C1,0,0,0.35135135135135137,0.35135135135135137,0.0003609657287597656,
C1=C2CC34CC2=C3c2ccccc2C=C14,13,7,0.36764705882352944,0.36764705882352944,0.0003616809844970703,
CC1C=CC2=Cc3ccccc3C2=C1,0,0,0.4126984126984127,0.4126984126984127,0.0002646446228027344,
CC1=C2C3=Cc4cc(ccc42)CC(=C3)C1,0,0,0.3142857142857143,0.3142857142857143,0.0003151893615722656,
C1=C2CCC1=C1CC2=Cc2ccccc21,0,0,0.36764705882352944,0.36764705882352944,0.0003190040588378906,
CC1CC=Cc2ccccc2C2=CC=C21,0,0,0.3142857142857143,0.3142857142857143,0.0002961158752441406,
C#CC1=CC2=Cc3ccccc3C2=C1C,16,34,0.4918032786885246,0.4918032786885246,0.0002770423889160156,
CC1=CC2=C3C(=Cc4ccccc43)CCC2C1,0,0,0.38028169014084506,0.38028169014084506,0.0003457069396972656,
C1=C2CC3C(=Cc4ccccc41)C=C23,0,0,0.3235294117647059,0.3235294117647059,0.00033402442932128906,
C1=C2C=C2c2ccccc2C1,0,0,0.32786885245901637,0.32786885245901637,0.0002219676971435547,
C1=CC2=Cc3ccccc3CC2=C1,0,0,0.359375,0.359375,0.0002646446228027344,
CC1=C2C3=C1C1CC2C1=Cc1ccccc13,0,0,0.35714285714285715,0.35714285714285715,0.00034546852111816406,
C1=CC2=Cc3ccccc3C2=CC1,3,2,0.4262295081967213,0.4262295081967213,0.000263214111328125,
CC1C2=Cc3ccccc3C3=C4C(=C2)C431,0,0,0.373134328358209,0.373134328358209,0.00031828880310058594,
C1=C2C=C3C4=C2c2ccc(cc21)C1CC341,0,0,0.30985915492957744,0.30985915492957744,0.00037550926208496094,
CC1C2=CC1=C1C2=Cc2ccccc21,0,0,0.43548387096774194,0.43548387096774194,0.0003025531768798828,
C1=C2C=C3C4=C(CC5=C4C235)c2ccccc21,0,0,0.37142857142857144,0.37142857142857144,0.0004115104675292969,
CC1CCC2=C3CC(=Cc4ccccc43)C=C1C2,0,0,0.32894736842105265,0.32894736842105265,0.0003695487976074219,
C1=C2CC3C1=Cc1ccccc1C1=C2C13,0,0,0.36764705882352944,0.36764705882352944,0.00034165382385253906,
CCCC1=C2C(=Cc3ccccc32)C=C1,0,0,0.4375,0.4375,0.0002810955047607422,
C1=C2C=C3C4=C2c2ccc(cc21)C34,0,0,0.3384615384615385,0.3384615384615385,0.000308990478515625,
CCC1=CC2=Cc3ccccc3C2=C1CC,3,5,0.46875,0.46875,0.00029730796813964844,
CC1=C2C(=Cc3cc(C)ccc32)C=C1,0,0,0.31343283582089554,0.31343283582089554,0.0002834796905517578,
C1=C2CC3=C4c5ccccc5C=C1C4(C2)C3,0,0,0.352112676056338,0.352112676056338,0.0003838539123535156,
C=C1C2=C3C4=Cc5ccc(cc53)C1C2=C4,0,0,0.3142857142857143,0.3142857142857143,0.0003504753112792969,
CC1=C2C(=Cc3ccccc32)CCC1C,0,0,0.3582089552238806,0.3582089552238806,0.00027251243591308594,
CC1=C2C3=Cc4cc(ccc42)C(C)C1=C3,0,0,0.3188405797101449,0.3188405797101449,0.00035452842712402344,
CC1=Cc2ccccc2C1=CC(C)C,0,0,0.3181818181818182,0.3181818181818182,0.0002465248107910156,
C1=C2CC=C3C4=C(c5ccccc51)C34C2,0,0,0.34782608695652173,0.34782608695652173,0.0003426074981689453,
CC1CCC2=CC3=Cc4ccccc4C3=C1C2,0,0,0.4411764705882353,0.4411764705882353,0.0003676414489746094,
C1=C2CCC3C4C(=C2c2ccccc21)C34,0,0,0.35294117647058826,0.35294117647058826,0.00032973289489746094,
C=CC1C=C(C)C2=C3C(=Cc4ccccc43)C=C21,0,0,0.4492753623188406,0.4492753623188406,0.00035381317138671875,
CC1C2=CC3=Cc4ccccc4C4=C2CC=C4C31,0,0,0.3835616438356164,0.3835616438356164,0.00039124488830566406,
CCC1=C2C3=Cc4ccccc4C3=C12,0,0,0.390625,0.390625,0.00029206275939941406,
C1#Cc2ccccc2C2=CC2=C1,1,1,0.3125,0.3125,0.00024580955505371094,
CC12C3=Cc4ccccc4C1=CC2CC3,0,0,0.3142857142857143,0.3142857142857143,0.0003018379211425781,
CCC1=CC2=Cc3cccc4c3C2=C1C4,0,0,0.3142857142857143,0.3142857142857143,0.00030994415283203125,
C1=C2C3=CCc4ccccc4C3=C12,0,0,0.3384615384615385,0.3384615384615385,0.00027179718017578125,
CC1=Cc2ccccc2C2=C3C=C1C2C3,29,9,0.373134328358209,0.373134328358209,0.0003204345703125,
CCC1C2=C(C)C3=Cc4ccccc4C3=C21,0,0,0.36231884057971014,0.36231884057971014,0.0003108978271484375,
CC1=C2CC(C)C2=C2C1=Cc1ccccc12,0,0,0.36231884057971014,0.36231884057971014,0.00032639503479003906,
C=CCC1=C2C(=Cc3ccccc32)C=C1,0,0,0.4375,0.4375,0.0002815723419189453,
CC1CC2=C3c4ccccc4C=C4C=C2C43C1,1,0,0.3424657534246575,0.3424657534246575,0.0003838539123535156,
CC1=CC2=CCc3ccccc3C2=C(C)C1,0,0,0.323943661971831,0.323943661971831,0.00029397010803222656,
C1=C2CCC3=C(C(=C3)C2)c2ccccc21,3,3,0.4090909090909091,0.4090909090909091,0.00035452842712402344,
CC1=C2c3ccccc3C=C3C=C1C32,13,2,0.390625,0.390625,0.0002994537353515625,
C=C1C=C2CC1C1=CC2=C1c1ccccc1,0,0,0.3194444444444444,0.3194444444444444,0.00034737586975097656,
CC1=Cc2ccccc2C1=C1CCC1,0,0,0.375,0.375,0.00026869773864746094,
CC1=Cc2ccccc2C2=C3C1C23,20,8,0.3492063492063492,0.3492063492063492,0.00026988983154296875,
C1=CC2=C(C2)c2ccccc2C=C1,0,0,0.3384615384615385,0.3384615384615385,0.00027108192443847656,
C1=C2C=c3ccccc3=C2c2ccccc21,0,0,1.0,1.0,0.00035452842712402344,
Cc1cccc2c1C1=C3C=CC(C)C3=CC1=C2,0,0,0.3287671232876712,0.3287671232876712,0.0003414154052734375,
CC1=Cc2ccccc2C1=C1C(C)=C1C,0,0,0.390625,0.390625,0.0002872943878173828,
CC1C=CCC2=C3C(=Cc4ccccc43)C=C21,7,5,0.48484848484848486,0.48484848484848486,0.0003380775451660156,
CCCC1=C2C(=Cc3ccccc32)C=CC1,0,0,0.417910447761194,0.417910447761194,0.0002961158752441406,
C=C1C=C2C=CC(c3ccccc3)CC2=C1,0,0,0.3194444444444444,0.3194444444444444,0.000308990478515625,
CC1=C2C(=C3C1=Cc1ccccc13)C2C,0,0,0.3787878787878788,0.3787878787878788,0.00030517578125,
C1=CC2CCc3cccc4c3C3=C1C2=CC3=C4,0,0,0.32,0.32,0.0003876686096191406,
C=CCC=C1C(C)=Cc2ccccc21,0,0,0.31343283582089554,0.31343283582089554,0.0002493858337402344,
c1ccc2c3c4cc-3ccc4cc2c1,0,0,0.3235294117647059,0.3235294117647059,0.0003216266632080078,
CC1C2=Cc3ccccc3C3=C(C=C31)CC2,3,1,0.39705882352941174,0.39705882352941174,0.0003402233123779297,
C1=C2C=C3c4ccccc4C=C1C23,20,16,0.4032258064516129,0.4032258064516129,0.0002713203430175781,
C1=C2C=C2C1=Cc1ccccc1,0,0,0.3333333333333333,0.3333333333333333,0.0002529621124267578,
C1=CC2=Cc3ccccc3C(=C1)C2,0,0,0.38095238095238093,0.38095238095238093,0.0002803802490234375,
CCc1ccc2c(c1)C1=C3C=CCC3=CC1=C2,0,0,0.32432432432432434,0.32432432432432434,0.0003447532653808594,
CC1C2=CC3=C4C(=Cc5ccccc54)C2=C31,0,0,0.39705882352941174,0.39705882352941174,0.0003638267517089844,
C1=C2C(=CCC3C=C23)c2ccccc21,0,0,0.36363636363636365,0.36363636363636365,0.0003020763397216797,
CCC1CC2=C3C(=Cc4ccccc43)C=C1C2,0,0,0.4411764705882353,0.4411764705882353,0.0003407001495361328,
CC1=C2C(=Cc3ccccc32)CCC(C)C1,0,0,0.34285714285714286,0.34285714285714286,0.0003066062927246094,
C1=c2cc3c4c(c2-c2ccccc21)C31CC=41,0,0,0.352112676056338,0.352112676056338,0.00041961669921875,
CC1=CCC2=C3C(=Cc4ccccc43)C=C2C1,0,0,0.4626865671641791,0.4626865671641791,0.00033783912658691406,
CCCC1=CC2=Cc3ccccc3C2=C1,0,0,0.4153846153846154,0.4153846153846154,0.00027823448181152344,
CC1=CC(=C2C=C2)c2ccccc21,0,0,0.328125,0.328125,0.0002582073211669922,
CCC1=CC=C2C1=Cc1ccccc12,0,0,0.36923076923076925,0.36923076923076925,0.00026798248291015625,
CCC1C=CC2=C3C(=Cc4ccccc43)C21,0,0,0.37681159420289856,0.37681159420289856,0.0003223419189453125,
C1=CC2=C3C(=C2)CC(=Cc2ccccc23)C1,29,19,0.43283582089552236,0.43283582089552236,0.0003502368927001953,
CC(C)C1=C2C(=Cc3ccccc32)C=CC1,0,0,0.42424242424242425,0.42424242424242425,0.00030922889709472656,
C1=CC2=C3C(=C2)CC(=Cc2ccccc23)CC1,4,1,0.4142857142857143,0.4142857142857143,0.000385284423828125,
C1=C2C3C4=C(c5ccccc51)C243,0,0,0.3548387096774194,0.3548387096774194,0.0002579689025878906,
CCC1C2=CC3=Cc4ccccc4CC3=C2C1C,0,0,0.3157894736842105,0.3157894736842105,0.0003600120544433594,
CCC1C2=C3c4ccccc4C=C4C=C2C431,17,10,0.35714285714285715,0.35714285714285715,0.0003497600555419922,
C1=CC2=C3C(=Cc4ccccc43)C=C2CCC1,1,1,0.47761194029850745,0.47761194029850745,0.00036072731018066406,
CC1=C(C)C(C)=C2C1=Cc1ccccc12,0,0,0.38461538461538464,0.38461538461538464,0.00030422210693359375,
CCC1=C2C(=Cc3ccccc32)CC=C1C,0,0,0.38235294117647056,0.38235294117647056,0.00030112266540527344,
CCC1=Cc2ccccc2C1=C1C=C1,13,5,0.41935483870967744,0.41935483870967744,0.0002663135528564453,
C1=C2CCC=C(CC2)c2ccccc21,0,0,0.3235294117647059,0.3235294117647059,0.0002989768981933594,
CCC12C3=Cc4ccccc4C1=CC2=C3C,0,0,0.36231884057971014,0.36231884057971014,0.0003216266632080078,
Cc1cccc2c1C1=C3CC(=CC1=C2)C3,0,0,0.3188405797101449,0.3188405797101449,0.0003085136413574219,
CC1C=CC2=C3c4ccccc4C=C1C23C,0,0,0.34285714285714286,0.34285714285714286,0.0003218650817871094,
CC1CC2CCC3=Cc4ccccc4C3=C12,0,0,0.3380281690140845,0.3380281690140845,0.00031280517578125,
CCC1C2=CC3=Cc4ccccc4CC3=C21,0,0,0.3380281690140845,0.3380281690140845,0.00031447410583496094,
CC12CC3=C1c1ccccc1C=CC=C32,0,0,0.3142857142857143,0.3142857142857143,0.0003368854522705078,
C1=C2C=C2c2ccccc2CC1,14,5,0.3125,0.3125,0.00024771690368652344,
CC1C2=C3C(=Cc4ccccc43)C21,0,0,0.3870967741935484,0.3870967741935484,0.000255584716796875,
CC1C2=C3C(=Cc4ccccc43)CCC21,0,0,0.35294117647058826,0.35294117647058826,0.0002894401550292969,
C1=C2C(=C3CCC4=C2C34)c2ccccc21,0,0,0.36764705882352944,0.36764705882352944,0.0003266334533691406,
C=CC1=CC2=CCc3ccccc3C2=C1C,0,0,0.323943661971831,0.323943661971831,0.0002961158752441406,
CC1=Cc2ccccc2C2=C3CC=C1C32,0,0,0.35294117647058826,0.35294117647058826,0.00031375885009765625,
CC1=CC2=C3C(=Cc4cc(C)ccc43)C=C2C1,0,0,0.3108108108108108,0.3108108108108108,0.0003514289855957031,
CCC1=CC(=C2C=C2)c2ccccc21,0,0,0.31343283582089554,0.31343283582089554,0.00026869773864746094,
CC1=Cc2ccccc2C2=C3C=C(C1)C2C3,0,0,0.35714285714285715,0.35714285714285715,0.00034546852111816406,
CCc1cccc2c1C1=C3C=CC(C)C3=CC1=C2,0,0,0.3157894736842105,0.3157894736842105,0.00036644935607910156,
CC=C1C(C)=Cc2ccccc21,0,0,0.3442622950819672,0.3442622950819672,0.0002186298370361328,
C1#CC2=C3Cc4ccccc4C=C3C=C12,0,0,0.34782608695652173,0.34782608695652173,0.00031375885009765625,
CC1=CC(C)=C2C1=Cc1ccccc12,10,4,0.4426229508196721,0.4426229508196721,0.0002720355987548828,
C=C1CC2C3=Cc4ccccc4C3=C12,0,0,0.390625,0.390625,0.0002765655517578125,
CCC(C)C1=C2C(=Cc3ccccc32)C=C(C)C1,0,0,0.43478260869565216,0.43478260869565216,0.00033664703369140625,
CC1C2=CCC3=Cc4ccccc4C3=C21,3,2,0.3939393939393939,0.3939393939393939,0.0003147125244140625,
CC1=C2C=C3c4ccccc4C=C1CC32,0,0,0.373134328358209,0.373134328358209,0.0003070831298828125,
CC1C=CC2=C3C(=Cc4ccccc43)C21,0,0,0.3939393939393939,0.3939393939393939,0.00029754638671875,
CC12C3=CC4=CCc5ccccc5C4=C1C32,0,0,0.323943661971831,0.323943661971831,0.00031828880310058594,
CCC=C1C(C)=Cc2ccccc21,0,0,0.328125,0.328125,0.00023102760314941406,
Cc1ccc2c(c1)C1=C3C(=CC1=C2)C3C,0,0,0.3188405797101449,0.3188405797101449,0.00030684471130371094,
C#CC1=CC2=CCc3ccccc3C2=C1C,0,0,0.323943661971831,0.323943661971831,0.0002903938293457031,
C1=C2C=C3CC3=C(C2)c2ccccc21,0,0,0.38461538461538464,0.38461538461538464,0.0003108978271484375,
C1=C2C=C3C4=C(CC5=C4CC235)c2ccccc21,0,0,0.3561643835616438,0.3561643835616438,0.0004162788391113281,
CC1(C)C2=C3c4ccccc4C=C4C=C2C431,8,4,0.36231884057971014,0.36231884057971014,0.0003497600555419922,
C1=C2C(=C3C45CC34C25)c2ccccc21,0,0,0.36923076923076925,0.36923076923076925,0.0003306865692138672,
CC1=Cc2ccccc2C2=CC1C2,40,13,0.3492063492063492,0.3492063492063492,0.0002758502960205078,
CCCC1=CCCC2=Cc3ccccc3C2=C1C,0,0,0.35135135135135137,0.35135135135135137,0.000339508056640625,
CC1=CC2=CC=Cc3ccccc3C=C2C1,0,0,0.35714285714285715,0.35714285714285715,0.00031948089599609375,
CCC1=Cc2ccccc2C2=C3C=C1C2C3,8,4,0.35714285714285715,0.35714285714285715,0.0003407001495361328,
C1=C2C=C3C4=C(c5ccccc51)C234,39,32,0.4032258064516129,0.4032258064516129,0.0002880096435546875,
CC1CCC=C2C(=Cc3ccccc32)C1,0,0,0.3142857142857143,0.3142857142857143,0.0002911090850830078,
CCC12C=CC3=C4C(=Cc5cc1ccc54)C=C32,0,0,0.32432432432432434,0.32432432432432434,0.00040411949157714844,
CC1CC2=Cc3ccccc3C3=C(C=C31)C2,1,0,0.39705882352941174,0.39705882352941174,0.0003311634063720703,
C1=C2C3=C4C5=C(c6ccccc61)C24C35,0,0,0.3484848484848485,0.3484848484848485,0.00037932395935058594,
CCC(C)=C1C(C)=Cc2ccccc21,0,0,0.3181818181818182,0.3181818181818182,0.0002460479736328125,
CCC1=Cc2ccccc2C1=C1C=C1C,21,12,0.42857142857142855,0.42857142857142855,0.0002818107604980469,
C=CCC12C=CC3=C4C(=Cc5cccc1c54)C=C32,0,0,0.3116883116883117,0.3116883116883117,0.000392913818359375,
CC12Cc3ccc4c(c3)C3=C1C2=CC3=C4,0,0,0.3142857142857143,0.3142857142857143,0.0003349781036376953,
CC1=Cc2ccccc2C2=CC2C1,13,4,0.34375,0.34375,0.0002617835998535156,
CCC1=Cc2ccccc2C2=CC2C1,2,0,0.3283582089552239,0.3283582089552239,0.0002753734588623047,
C1=C2CCC1=C1C2=Cc2ccccc21,12,5,0.42857142857142855,0.42857142857142855,0.00031828880310058594,
C1=C2C(=C3CC23)c2ccccc21,0,0,0.4,0.4,0.0002582073211669922,
C1=C2C=C3Cc4ccccc4C=C1C23,0,0,0.3235294117647059,0.3235294117647059,0.0003027915954589844,
Cc1cccc2c1C=C1C=C3CC=CC3=C12,0,0,0.3194444444444444,0.3194444444444444,0.00032591819763183594,
CCc1cccc2ccccc2c2ccc1=2,0,0,0.3380281690140845,0.3380281690140845,0.0003330707550048828,
C1=CC2=Cc3ccccc3C2=CCC1,0,0,0.40625,0.40625,0.0002887248992919922,
C1=C2C=C3CC4=Cc5ccc(c1c5)C2=C34,0,0,0.32857142857142857,0.32857142857142857,0.00040531158447265625,
CC1(C)C2=C3c4ccccc4C=C4C2C431,0,0,0.3188405797101449,0.3188405797101449,0.0003364086151123047,
CC1C2=C3C(=Cc4ccccc43)CC21,9,7,0.36923076923076925,0.36923076923076925,0.00027942657470703125,
CC1=C2C(=C3C1=Cc1ccccc13)C2(C)C,0,0,0.36764705882352944,0.36764705882352944,0.00033283233642578125,
CC1C=C2C1=Cc1ccccc12,0,0,0.36065573770491804,0.36065573770491804,0.00024008750915527344,
C=C1C(C)=Cc2ccccc21,0,0,0.3620689655172414,0.3620689655172414,0.00019931793212890625,
C1=C2C=C3C4=C(c5ccccc51)C1(C2)C(=C31)C4,0,0,0.33783783783783783,0.33783783783783783,0.0004258155822753906,
CC1=Cc2ccccc2C2=CCC12,14,4,0.34375,0.34375,0.00024962425231933594,
CCC1=C2C(=Cc3ccccc32)C=CC1C,0,0,0.42424242424242425,0.42424242424242425,0.00030159950256347656,
Cc1cccc2c1C=C1C=C3C(=C12)C=CC3C,0,0,0.3108108108108108,0.3108108108108108,0.0003514289855957031,
C=C1C2=CC3=Cc4ccccc4C3=C2CC1C,0,0,0.44776119402985076,0.44776119402985076,0.0003368854522705078,
CCC1=C2C(=Cc3ccccc32)C=CC1,0,0,0.4375,0.4375,0.00027823448181152344,
CC1=C2C3=C(C1=C3)c1ccccc12,0,0,0.3230769230769231,0.3230769230769231,0.0002980232238769531,
CC1=C(C)C2=Cc3ccccc3C2=C1,0,0,0.3968253968253968,0.3968253968253968,0.0002727508544921875,
CC12C3=CC4=Cc5ccccc5C4=C1CC32,0,0,0.46153846153846156,0.46153846153846156,0.0003254413604736328,
CC1=CC2=Cc3ccccc3C2=C1C(C)C,5,8,0.47619047619047616,0.47619047619047616,0.0002980232238769531,
C=C(C)C(C)C1=CC2=Cc3ccccc3C2=C1,0,0,0.391304347826087,0.391304347826087,0.0003418922424316406,
C1=C2CC(=C3Cc4ccccc4C=C13)C2,0,0,0.35294117647058826,0.35294117647058826,0.00035500526428222656,
C1=C2CC3=Cc4ccccc4CC3=C12,0,0,0.3235294117647059,0.3235294117647059,0.00030040740966796875,
CCC1C2=CC=Cc3ccccc3C1=C2,0,0,0.3333333333333333,0.3333333333333333,0.0003190040588378906,
C1=C2C=C3CC(C2)CC1=Cc1ccccc13,0,0,0.352112676056338,0.352112676056338,0.00037932395935058594,
C=C1C=C2C(=Cc3ccccc32)CC1,0,0,0.36923076923076925,0.36923076923076925,0.0002791881561279297,
C1=CC2=CCc3ccccc3C3=C(C=1)C=C3C2,0,0,0.32,0.32,0.00037860870361328125,
CC1=Cc2ccccc2C2=CCC2C1,0,0,0.3283582089552239,0.3283582089552239,0.00026106834411621094,
C=CC1CC2=C3C(=Cc4ccccc43)C=C21,0,0,0.46153846153846156,0.46153846153846156,0.00030994415283203125,
CC1C2C3=CC4=Cc5ccccc5C4=C2C31,0,0,0.46875,0.46875,0.00034308433532714844,
C1=CC1=C1C=Cc2ccccc21,0,0,0.36065573770491804,0.36065573770491804,0.0002465248107910156,
CC1=Cc2ccccc2CC1=C1C=C1,0,0,0.31343283582089554,0.31343283582089554,0.0002684593200683594,
C1=C2C(=C3C4C2C34)c2ccccc21,0,0,0.3870967741935484,0.3870967741935484,0.00028824806213378906,
CC1=C2CCC3C1=Cc1ccccc1C1=C2C=C13,0,0,0.36486486486486486,0.36486486486486486,0.0004115104675292969,
C1=CC1=C1C2=C1c1ccccc1C2,0,0,0.3230769230769231,0.3230769230769231,0.00027370452880859375,
CC1(C)C2=CC3=Cc4ccccc4C(=C21)C3,0,0,0.36231884057971014,0.36231884057971014,0.0003268718719482422,
C#CC1=CC2=Cc3ccccc3C(=C1C)C2,0,0,0.36231884057971014,0.36231884057971014,0.00030541419982910156,
CC1=CC2=CC3=Cc4cc(C)ccc4C3=C1C2,0,0,0.3108108108108108,0.3108108108108108,0.0003542900085449219,
CC1CC2=CC2=C2C(=Cc3ccccc32)C1,7,1,0.39705882352941174,0.39705882352941174,0.0003287792205810547,
C1=C2C3=C4c5ccccc5C=C1C41C2=C31,24,9,0.3880597014925373,0.3880597014925373,0.00034999847412109375,
CC1=CC2=CC3=CCc4ccccc4C3=C2C1,0,0,0.3424657534246575,0.3424657534246575,0.0003383159637451172,
CCC1=CCC2=Cc3ccccc3C2=C1C,0,0,0.38235294117647056,0.38235294117647056,0.0003006458282470703,
CC1=C2C3=CC3=C2c2ccccc21,0,0,0.3230769230769231,0.3230769230769231,0.0002770423889160156,
CC1=Cc2ccccc2C1=CC1=CC1,0,0,0.35384615384615387,0.35384615384615387,0.0002639293670654297,
C1=CC2CC1=C1C2=Cc2ccccc21,0,0,0.40625,0.40625,0.0002994537353515625,
C1=C2C=C3C4=C2c2cc(ccc21)C34,0,0,0.3384615384615385,0.3384615384615385,0.0003075599670410156,
c1=c-c2=c3-c-1=c-2-c1ccccc1-3,0,0,0.3333333333333333,0.3333333333333333,0.0003261566162109375,
C=C1C2=CC3=Cc4ccccc4C3=C2C2C=C12,0,0,0.4626865671641791,0.4626865671641791,0.0003571510314941406,
C1=C2C=C3C45CC34C5=C2c2ccccc2C1,0,0,0.3194444444444444,0.3194444444444444,0.0003693103790283203,
C=CC1C2=Cc3ccccc3C2=C1C,0,0,0.375,0.375,0.00025773048400878906,
CC1CC2=C3C(=Cc4ccccc43)C=C21,25,28,0.4838709677419355,0.4838709677419355,0.00029754638671875,
C=CC1=CC2=Cc3cccc4c3C2=C1C1C=C41,0,0,0.3424657534246575,0.3424657534246575,0.0003752708435058594,
CC1=CC(C)=C2C1=CCc1ccccc12,0,0,0.3188405797101449,0.3188405797101449,0.0002760887145996094,
CC1C2=CC3=C2c2ccccc2C=C1C3C,0,0,0.40298507462686567,0.40298507462686567,0.00035643577575683594,
CCC1=Cc2ccccc2C1=C1C#C1,0,0,0.375,0.375,0.00027179718017578125,
CCC12C3=CC1=C2c1ccccc1C=C3C,0,0,0.36231884057971014,0.36231884057971014,0.00031948089599609375,
CC1=CC2=CCc3ccccc3C2=C1,0,0,0.3484848484848485,0.3484848484848485,0.0002644062042236328,
C=C1CCC2=CC3=Cc4ccccc4C3=C12,0,0,0.46153846153846156,0.46153846153846156,0.000316619873046875,
C1=C2CCC3C(=C2c2ccccc21)C31CC1,0,0,0.3380281690140845,0.3380281690140845,0.0003447532653808594,
CC1=C2C(C)C(=C3C1=Cc1ccccc13)C2(C)C,0,0,0.3424657534246575,0.3424657534246575,0.0003848075866699219,
CC1=CC=C2C1=Cc1ccccc12,0,0,0.3870967741935484,0.3870967741935484,0.0002474784851074219,
Cc1ccc2c(c1)C=C1C=C3C(=C12)C3C,0,0,0.3188405797101449,0.3188405797101449,0.00030112266540527344,
C1=C2C3=Cc4ccccc4C3=C12,23,53,0.47368421052631576,0.47368421052631576,0.00026535987854003906,
CC1CC2=CC3=CCc4ccccc4C3=C21,0,0,0.3194444444444444,0.3194444444444444,0.00031185150146484375,
CC1=Cc2ccccc2C2=CC=C2C1C,0,0,0.3582089552238806,0.3582089552238806,0.0002906322479248047,
CC1=C2CC3C1=Cc1ccccc1C1=C2C=C13,0,0,0.38028169014084506,0.38028169014084506,0.00036716461181640625,
CC=C1C=Cc2ccccc21,0,0,0.3114754098360656,0.3114754098360656,0.00020623207092285156,
C1=C2C=C3C4=C(c5ccccc51)C23CCC4,0,0,0.352112676056338,0.352112676056338,0.00035190582275390625,
CC1C2=CC3=Cc4cccc5c4C3=C2CC=C51,0,0,0.3424657534246575,0.3424657534246575,0.00039887428283691406,
CC1C2=CC3=Cc4ccccc4C3=C1CC2,0,0,0.46153846153846156,0.46153846153846156,0.0003139972686767578,
CC1(C)CC2=CC3=Cc4ccccc4C3=C21,0,0,0.46875,0.46875,0.0003235340118408203,
CC1=CC=CC2=Cc3ccccc3C2=CC1,0,0,0.417910447761194,0.417910447761194,0.00030803680419921875,
C=CC1=C2C(=Cc3ccccc32)C=C1,0,0,0.45901639344262296,0.45901639344262296,0.0002627372741699219,
CC(C)C1=C2C(=Cc3ccccc32)C1C,0,0,0.36363636363636365,0.36363636363636365,0.000278472900390625,
CC1C2=Cc3ccccc3C3=C1C23,2,0,0.34375,0.34375,0.00026988983154296875,
CCC1=CC1=C1C=Cc2ccccc21,0,0,0.3484848484848485,0.3484848484848485,0.0002624988555908203,
CC12C3=CC4=Cc5ccc1cc5C4=C32,0,0,0.3283582089552239,0.3283582089552239,0.0003185272216796875,
CC(C)C1(C)C2=CC3=Cc4ccccc4C3=C21,0,0,0.45454545454545453,0.45454545454545453,0.00034427642822265625,
CC1=CCC2=CC3=Cc4ccccc4CC3=C12,0,0,0.3611111111111111,0.3611111111111111,0.00034236907958984375,
C1=CC2=C3C4=Cc5cccc(c53)C2C1=C4,0,0,0.34782608695652173,0.34782608695652173,0.00033092498779296875,
CC1=CC1=C1C(C)=Cc2ccccc21,29,19,0.45,0.45,0.0002636909484863281,
CC1C2=CC2=C2C1=Cc1ccccc12,26,14,0.43548387096774194,0.43548387096774194,0.00028824806213378906,
Cc1cccc2ccccc2c2ccc1=2,0,0,0.35294117647058826,0.35294117647058826,0.0003142356872558594,
C1=C2C=C3C4CC(=C2c2ccccc21)C34,0,1,0.47619047619047616,0.47619047619047616,0.0003173351287841797,
C1=C2CC=C2c2ccccc21,0,0,0.3728813559322034,0.3728813559322034,0.0002219676971435547,
CC(C)C1C2=CC2=C2C1=Cc1ccccc12,0,0,0.40298507462686567,0.40298507462686567,0.0003261566162109375,
CCCC1=Cc2ccccc2C1=C1C=C1,0,0,0.4,0.4,0.0002865791320800781,
C1=C2CCC=C3C4=C(c5ccccc51)C234,0,0,0.34782608695652173,0.34782608695652173,0.0003342628479003906,
CC1=C2C(=C(C)c3ccccc32)C=C1,0,0,0.31343283582089554,0.31343283582089554,0.0002841949462890625,
C1=C2C=C3CCCC3=C2Cc2ccccc21,0,0,0.3333333333333333,0.3333333333333333,0.00033283233642578125,
C1=CC2=Cc3ccccc3C3=C(C=1)C=C3C2,6,5,0.43283582089552236,0.43283582089552236,0.0003523826599121094,
CCC1CC2=CC2=C2C(=Cc3ccccc32)C1,0,0,0.38028169014084506,0.38028169014084506,0.00034332275390625,
C1=CC2=C3C1=Cc1ccc(cc13)C2,0,0,0.3181818181818182,0.3181818181818182,0.0003037452697753906,
CC1=C2C3=CC(=C2c2ccccc21)C3,0,0,0.31343283582089554,0.31343283582089554,0.0003006458282470703,
C1=C2C3=C4C(=C2c2ccccc21)C4CC3,0,0,0.36764705882352944,0.36764705882352944,0.0003273487091064453,
CC1(C)C=CC2=Cc3ccccc3C2=C1,0,0,0.4,0.4,0.00028252601623535156,
CC1=Cc2ccccc2C1=C1C=CC1,0,0,0.41935483870967744,0.41935483870967744,0.0002598762512207031,
CCCC1=CC1=C1C(C)=Cc2ccccc21,0,0,0.40298507462686567,0.40298507462686567,0.0003044605255126953,
C1=CC2=C3Cc4ccccc4C=C(C1)CC3=C2,0,0,0.32,0.32,0.0004029273986816406,
Cc1cccc2c1C1=C3C(=CC1=C2)C3C,0,0,0.3188405797101449,0.3188405797101449,0.0003008842468261719,
Cc1cccc2c1C1=C3CCC3=CC1=C2,0,0,0.3142857142857143,0.3142857142857143,0.0003001689910888672,
CC1=C2C=Cc3ccccc3C3=C1CC23,0,0,0.3142857142857143,0.3142857142857143,0.0003349781036376953,
C1=C2CCCC(=C3C1=Cc1ccccc13)CC2,0,0,0.43478260869565216,0.43478260869565216,0.00036835670471191406,
C1=CC2=C3C(=Cc4ccccc43)C=C2CCCC1,0,0,0.45714285714285713,0.45714285714285713,0.00037360191345214844,
C#CC1=CC2=Cc3ccccc3C2=C1CC,0,0,0.46875,0.46875,0.00029540061950683594,
C=CC1=C2C3=C1C3C=Cc1ccccc12,0,0,0.35294117647058826,0.35294117647058826,0.0003190040588378906,
C#CCC1=CC2=Cc3ccccc3C2=C1,0,0,0.4153846153846154,0.4153846153846154,0.0002739429473876953,
CC1(C)CC2=C3C(=Cc4ccccc43)C=C21,1,1,0.46875,0.46875,0.00031185150146484375,
C1=CC2CC=C2c2ccccc21,0,0,0.3125,0.3125,0.00023651123046875,
CC1=Cc2ccccc2C2=C3C(C2)C13,0,0,0.3283582089552239,0.3283582089552239,0.0002841949462890625,
C1=C2CCCC(=C3C1=Cc1ccccc13)C2,0,0,0.45454545454545453,0.45454545454545453,0.00035452842712402344,
CCC1=C(C)C2=Cc3ccccc3C2=C1C,0,0,0.36764705882352944,0.36764705882352944,0.0002987384796142578,
C1=C2CC=C3C4=C(c5ccccc51)C234,9,5,0.36363636363636365,0.36363636363636365,0.00031685829162597656,
CC1=C2C=CCC2=C2C1=Cc1ccccc12,0,0,0.39705882352941174,0.39705882352941174,0.0003161430358886719,
C=CC1CC2=Cc3ccccc3C2=C1C,0,0,0.3582089552238806,0.3582089552238806,0.0002856254577636719,
Cc1ccc2c(c1)C=C1C=C3C(=C12)C=CC3C,0,0,0.3287671232876712,0.3287671232876712,0.00033354759216308594,
C1=C2C=C3CCC3=C2Cc2ccccc21,0,0,0.34782608695652173,0.34782608695652173,0.00030994415283203125,
C1=CC2=Cc3ccccc3C(=C1)C1=CC21,0,0,0.3880597014925373,0.3880597014925373,0.00031280517578125,
C#CCCC1=CC2=Cc3ccccc3C2=C1C,0,0,0.44776119402985076,0.44776119402985076,0.0003254413604736328,
C1=Cc2ccccc2C2=C3C(=C1)C32,0,0,0.34375,0.34375,0.00029397010803222656,
C=CC1=CC2=C(C)c3ccccc3C2=C1,0,0,0.3188405797101449,0.3188405797101449,0.0002837181091308594,
CC1=C2C(=Cc3ccccc32)C(C)C1,0,0,0.375,0.375,0.0002741813659667969,
CCC1C2=CC3=Cc4ccccc4C3=C21,20,29,0.4838709677419355,0.4838709677419355,0.000301361083984375,
CC1=C2C(=Cc3cccc(C)c32)C=C1,0,0,0.31343283582089554,0.31343283582089554,0.00028324127197265625,
CCC1C=C(C)C2=C3C(=Cc4ccccc43)C(C)=C21,0,0,0.34210526315789475,0.34210526315789475,0.0003941059112548828,
CC12CC3=C1c1ccccc1C=CC2=C3,0,0,0.3333333333333333,0.3333333333333333,0.000316619873046875,
C1#CC2=CC3=Cc4ccccc4C3=C2C1,3,3,0.47619047619047616,0.47619047619047616,0.0003066062927246094,
C1=C2CC34C(=C5C3C254)c2ccccc21,0,0,0.3235294117647059,0.3235294117647059,0.0003762245178222656,
CCCCC1=CC1=C1C=Cc2ccccc21,0,0,0.3194444444444444,0.3194444444444444,0.00031256675720214844,
CCC1=C2C(=Cc3ccccc32)C1CC,0,0,0.3582089552238806,0.3582089552238806,0.00028586387634277344,
CCC(C)C1=C2C(=Cc3ccccc32)C=C1C,0,0,0.45454545454545453,0.45454545454545453,0.00032329559326171875,
CCCC1=Cc2ccccc2C2=C3C=C1C2C3,0,0,0.3424657534246575,0.3424657534246575,0.0003561973571777344,
C1=C2CC34CC(=C3c3ccccc31)C24,0,0,0.3235294117647059,0.3235294117647059,0.0003345012664794922,
CC1=CC2=CC3=Cc4ccccc4C3=C2C1,8,7,0.484375,0.484375,0.0003135204315185547,
C1=C2CCC3=CC3=C(C2)c2ccccc21,0,0,0.36764705882352944,0.36764705882352944,0.0003237724304199219,
CC1=C2c3ccccc3C=C3C=C1C2C3,0,0,0.373134328358209,0.373134328358209,0.00031876564025878906,
CC12CCC3=Cc4ccccc4C3=C1C2,0,0,0.35294117647058826,0.35294117647058826,0.0003008842468261719,
C1=C2CC3=Cc4ccccc4C4=C1C=C4C23,0,0,0.4117647058823529,0.4117647058823529,0.0003724098205566406,
C1=CC(=Cc2ccccc2)C2C3=C2C1=C3,0,0,0.30985915492957744,0.30985915492957744,0.00033211708068847656,
CC12C3=CC4=Cc5ccccc5C4=C1C32,6,9,0.4918032786885246,0.4918032786885246,0.00031566619873046875,
CC1=Cc2ccccc2C2=C(C)C2C1,12,4,0.3333333333333333,0.3333333333333333,0.0002715587615966797,
C1=C2C=C3C45CC34C5=C2c2ccccc21,2,1,0.4838709677419355,0.4838709677419355,0.0003631114959716797,
CCC1C=CCC2=C3C(=Cc4ccccc43)C=C21,0,0,0.463768115942029,0.463768115942029,0.00035452842712402344,
CC1=C2C(=Cc3ccc(C)cc32)C=C1,0,0,0.31343283582089554,0.31343283582089554,0.000274658203125,
CCC1C2C3=CC4=C3c3ccccc3C=C2C41,0,0,0.38028169014084506,0.38028169014084506,0.00037026405334472656,
C=C1CC2=CC3=Cc4ccccc4C3=C1C2,0,0,0.46153846153846156,0.46153846153846156,0.0003199577331542969,
CC1=C2C=C3c4ccccc4C=C1C32,2,0,0.390625,0.390625,0.0002930164337158203,
CC1C2=C3CC3=CC2=Cc2ccccc21,0,0,0.35294117647058826,0.35294117647058826,0.00031065940856933594,
CC(C)C1=C2C(=Cc3ccccc32)C=C1,0,0,0.4444444444444444,0.4444444444444444,0.0002830028533935547,
CC1C2=Cc3ccccc3C3=CC2C31,4,2,0.3283582089552239,0.3283582089552239,0.0003180503845214844,
C1=CC2C3=C(c4ccccc41)C32,0,0,0.31746031746031744,0.31746031746031744,0.00026726722717285156,
CC1=CC1=C1C=Cc2ccccc21,0,0,0.3709677419354839,0.3709677419354839,0.0002658367156982422,
CC12CC=CC1=C1C(=Cc3ccccc31)CC2,0,0,0.3611111111111111,0.3611111111111111,0.0003325939178466797,
CC1CC23C4=Cc5ccccc5C2=C1C3=C4,0,0,0.35714285714285715,0.35714285714285715,0.00034499168395996094,
C1=C2C=C3C4=C(C5=C4CC235)c2ccccc21,16,5,0.391304347826087,0.391304347826087,0.0004050731658935547,
C=C(C)C=C1C(C)=Cc2ccccc21,0,0,0.3181818181818182,0.3181818181818182,0.0002532005310058594,
CC1=C2C(=Cc3ccccc32)C(C)(C)C1,0,0,0.36363636363636365,0.36363636363636365,0.0002892017364501953,
CC1=C2C(=C3C1=Cc1ccccc13)C21CC1,0,0,0.36231884057971014,0.36231884057971014,0.0003457069396972656,
C#CCC1=CCC2=Cc3ccccc3C2=C1C,0,0,0.36619718309859156,0.36619718309859156,0.00031638145446777344,
CC1=CC2=Cc3ccccc3C2=C(C(C)C)C1,1,0,0.45454545454545453,0.45454545454545453,0.00033211708068847656,
CC1=Cc2ccccc2C1=C1CC12CC2,0,0,0.3582089552238806,0.3582089552238806,0.0003018379211425781,
CC12C3=CC1=C2c1ccccc1C=C3,0,0,0.3484848484848485,0.3484848484848485,0.0002951622009277344,
CC1=C(C)C(C(C)C)=C2C1=Cc1ccccc12,0,0,0.35714285714285715,0.35714285714285715,0.00033211708068847656,
C1=C2C=C3C4=C(c5ccccc51)C1(C2)C3=C41,4,3,0.37142857142857144,0.37142857142857144,0.00038361549377441406,
CC1=C2C(=Cc3ccccc32)C1,0,0,0.4067796610169492,0.4067796610169492,0.00022649765014648438,
CC1=C2C3=Cc4cccc(c42)C3=C1,0,0,0.3230769230769231,0.3230769230769231,0.00027370452880859375,
CCC1CC2=CC3=Cc4ccccc4C3=C21,0,0,0.46153846153846156,0.46153846153846156,0.00030612945556640625,
C=CC1=CC2=Cc3ccccc3C2=CC1,0,0,0.4153846153846154,0.4153846153846154,0.0002830028533935547,
Cc1ccc2c(c1)C1=C3C=CC(C)C3=CC1=C2,0,0,0.3287671232876712,0.3287671232876712,0.0003540515899658203,
CC1=C2C(=C3C1=Cc1ccccc13)C=CC2C,0,0,0.38571428571428573,0.38571428571428573,0.00035262107849121094,
C1=C2CCC34C(=Cc5ccccc5C3=C14)C2,1,0,0.352112676056338,0.352112676056338,0.0004088878631591797,
C1=C2C=C3C4=C(c5ccccc51)C1CC4C231,0,0,0.352112676056338,0.352112676056338,0.00040459632873535156,
CC1=CCCC2=Cc3ccccc3C3=C1C=C3C2,0,0,0.3835616438356164,0.3835616438356164,0.0003857612609863281,
CC12CC3C1=CC1=Cc4ccccc4C1=C32,0,0,0.46153846153846156,0.46153846153846156,0.0003352165222167969,
CC1=CCC(C)=C2C1=Cc1ccccc12,0,0,0.4,0.4,0.0002808570861816406,
C1=C2CC3C(=CC23)c2ccccc21,0,0,0.3384615384615385,0.3384615384615385,0.0002951622009277344,
CC1C=C2CC3C4=CC2=C4c2ccccc2C=C13,0,0,0.3835616438356164,0.3835616438356164,0.0003991127014160156,
Cc1ccc2c(c1)C1=C3C=CC(=CC1=C2)C3,0,0,0.3380281690140845,0.3380281690140845,0.0003247261047363281,
C1=C2C=C3C4=C2c2c1cccc2CC34,0,0,0.3235294117647059,0.3235294117647059,0.000316619873046875,
CC12CC3=CC1=Cc1ccccc1C(=C3)C2,0,0,0.35714285714285715,0.35714285714285715,0.00033402442932128906,
CC1=Cc2ccccc2C=CC=C1,0,0,0.3230769230769231,0.3230769230769231,0.00025010108947753906,
CC1=Cc2ccccc2C2=CC(C)C2C1,0,0,0.3188405797101449,0.3188405797101449,0.0002913475036621094,
CCCC1=Cc2ccccc2C2=C(C)C12,0,0,0.3188405797101449,0.3188405797101449,0.00028967857360839844,
C1=C2CC3C(=Cc4ccccc4C4=C2C=C43)C1,8,2,0.39436619718309857,0.39436619718309857,0.00040650367736816406,
CC1=Cc2ccccc2C2=C3CCC1C32,0,0,0.3142857142857143,0.3142857142857143,0.0003218650817871094,
CC1=CCC2=C3C(=Cc4ccccc43)C=C12,0,1,0.484375,0.484375,0.00031065940856933594,
CC1CC2=C3Cc4ccccc4C=C3C=C21,0,0,0.3380281690140845,0.3380281690140845,0.0003142356872558594,
CCCCC1=CC2=Cc3ccccc3C2=C1,0,0,0.39705882352941174,0.39705882352941174,0.0002944469451904297,
C1=C2CCC3=Cc4ccccc4C3=C2C1,0,0,0.3880597014925373,0.3880597014925373,0.0003101825714111328,
CC1=C2c3ccccc3C=CC12,22,13,0.31746031746031744,0.31746031746031744,0.0002422332763671875,
CCC1=C2C(=Cc3ccccc32)C2=C1C2,0,0,0.373134328358209,0.373134328358209,0.0003211498260498047,
C=CC1C(C)=CC2=C3C(=Cc4ccccc43)C=C21,0,0,0.4492753623188406,0.4492753623188406,0.00035500526428222656,
CC1=Cc2ccccc2C2=C3CC=C1C2C3,0,0,0.3380281690140845,0.3380281690140845,0.0003218650817871094,
CC=CC1=CC2=Cc3ccccc3C2=C1,0,0,0.4153846153846154,0.4153846153846154,0.00028133392333984375,
CCC1=CC2=Cc3ccccc3CC2=C1C,0,0,0.34285714285714286,0.34285714285714286,0.00029587745666503906,
CC1=CC2=Cc3ccccc3C2=C(C(C)C)CC1,0,0,0.43478260869565216,0.43478260869565216,0.0003521442413330078,
C=CCC1=CC2=Cc3ccccc3C2=C1C,0,0,0.46875,0.46875,0.00029158592224121094,
CC1CC2=C3CC(=Cc4ccccc43)C=C21,0,0,0.35714285714285715,0.35714285714285715,0.00033354759216308594,
CC1C2C3=CC4=C3c3ccccc3C=C2C41,8,3,0.39705882352941174,0.39705882352941174,0.0003497600555419922,
CC=CC1=Cc2ccccc2C1=CC,0,0,0.31343283582089554,0.31343283582089554,0.000244140625,
CCC1CCC2=Cc3ccccc3C2=C1C,0,0,0.34285714285714286,0.34285714285714286,0.00029850006103515625,
CCc1ccc2c(c1)C1=C3CC3=CC1=C2,0,0,0.3142857142857143,0.3142857142857143,0.00030040740966796875,
CC1=CC2=Cc3ccccc3C2=CC1C,0,0,0.421875,0.421875,0.00027823448181152344,
C1=C2C=C3C4C5=C2c2c1cccc2C354,0,0,0.3235294117647059,0.3235294117647059,0.00035691261291503906,
CCC1=Cc2ccccc2C2=CC=C2C1,0,0,0.35294117647058826,0.35294117647058826,0.0002834796905517578,
CC1CC12C1=CC3=Cc4ccccc4C3=C12,1,2,0.46875,0.46875,0.0003306865692138672,
CC1CCC2=C3c4ccccc4C=C1C23,0,0,0.3142857142857143,0.3142857142857143,0.00030994415283203125,
C1=C2C=C3CCCCC3=C2c2ccccc21,0,2,0.45454545454545453,0.45454545454545453,0.0003185272216796875,
CC1=CC(C)C2=CC3=Cc4ccccc4C3=C12,0,0,0.4696969696969697,0.4696969696969697,0.00034880638122558594,
CCC1=CCC1=C1C(CC)=Cc2ccccc21,0,0,0.36619718309859156,0.36619718309859156,0.00032830238342285156,
CC1=C(C(C)C)CC=C2C1=Cc1ccccc12,0,0,0.3333333333333333,0.3333333333333333,0.0003273487091064453,
CC1=C2CC34CC2=C3c2ccccc2C=C14,0,0,0.3194444444444444,0.3194444444444444,0.00036406517028808594,
CC1=CC2=C3C(=C(C)c4ccccc43)C=C2C1,0,0,0.3108108108108108,0.3108108108108108,0.0003509521484375,
C1=CC2=C3C(=C2)CC1=CCc1ccccc13,0,0,0.3333333333333333,0.3333333333333333,0.00035953521728515625,
CC1=C2C(=Cc3ccccc32)CC1,0,0,0.3870967741935484,0.3870967741935484,0.0002522468566894531,
C1=C2C=C3C4=C2c2c1cccc2C34,0,0,0.3384615384615385,0.3384615384615385,0.0002980232238769531,
CCC1=C2C(=Cc3ccccc32)C(C)=C1C,0,0,0.36764705882352944,0.36764705882352944,0.0003075599670410156,
CC1CC2=CC3=Cc4ccccc4C3=C1C2,1,0,0.46153846153846156,0.46153846153846156,0.00031638145446777344,
CC12Cc3cccc4c3C3=C1C2=CC3=C4,0,0,0.3142857142857143,0.3142857142857143,0.0003235340118408203,
C1=C2CC3C4=C(c5ccccc51)C1(C2)C4=C31,0,0,0.3150684931506849,0.3150684931506849,0.0003840923309326172,
CC1=CC(C)CC2=CC3=Cc4ccccc4C3=C12,0,0,0.4492753623188406,0.4492753623188406,0.0003643035888671875,
CC1C2=CC3=Cc4cccc3c4C=C1C2,0,0,0.3333333333333333,0.3333333333333333,0.00033545494079589844,
CCC1=CC2=C3C(=Cc4ccccc43)C=C2CC1,0,0,0.44285714285714284,0.44285714285714284,0.0003666877746582031,
CC1C2=CC3=Cc4ccccc4C3=C21,25,73,0.5084745762711864,0.5084745762711864,0.00028395652770996094,
C1=CC2=C3C(=CC2)CC1=Cc1ccccc13,0,0,0.4117647058823529,0.4117647058823529,0.00035834312438964844,
CCC1CC2=Cc3ccccc3C2=C1C,0,0,0.3582089552238806,0.3582089552238806,0.0002865791320800781,
C1=C2CC3=Cc4ccccc4C3=C12,40,46,0.45,0.45,0.00028896331787109375,
CC1C2=Cc3ccccc3C3=C4C(=C31)C24,0,0,0.373134328358209,0.373134328358209,0.0003268718719482422,
Cc1cccc2c1C1=C3C4C(=CC1=C2)C34,0,0,0.3188405797101449,0.3188405797101449,0.00030922889709472656,
CCC1=Cc2ccccc2C2=CC1C2,11,4,0.3333333333333333,0.3333333333333333,0.00029659271240234375,
CCCC1=Cc2ccccc2C1=C1CC=C1C,0,0,0.36619718309859156,0.36619718309859156,0.00032520294189453125,
CCC1=C2c3ccccc3C=C3C=C1C32,0,0,0.373134328358209,0.373134328358209,0.0002999305725097656,
CC1=Cc2ccccc2C1=C1C=C1,25,20,0.4406779661016949,0.4406779661016949,0.0002682209014892578,
C1=C2C=C3CC4=C2c2c1cccc2C34,0,0,0.3235294117647059,0.3235294117647059,0.00033783912658691406,
C=C1C(=C2C(C)=Cc3ccccc32)CC1C,0,0,0.36764705882352944,0.36764705882352944,0.00031113624572753906,
CCC1=C2C(=Cc3ccc(C)cc32)C=C1C,0,0,0.30985915492957744,0.30985915492957744,0.00030684471130371094,
CC12CC3=CC1=Cc1ccccc1C1=C3C=C12,17,10,0.4,0.4,0.00037598609924316406,
C1=CC2=C3C(=Cc4ccccc43)C2C1,0,0,0.40625,0.40625,0.0002951622009277344,
CC1C2=Cc3ccccc3C3=C(C=C=C2)C=C31,0,0,0.42028985507246375,0.42028985507246375,0.00036454200744628906,
CC1=CC2=C3C(=Cc4ccccc43)C=C1C2,0,0,0.484375,0.484375,0.000316619873046875,
C#CC1=CC2=Cc3cc4ccc3C2=C1C4,0,0,0.3142857142857143,0.3142857142857143,0.00033593177795410156,
CCc1ccc2c(c1)C=C1C=C3CC3=C12,0,0,0.3142857142857143,0.3142857142857143,0.00028634071350097656,
C=CC1=C2C(=Cc3ccccc32)C=C(C)C1,0,0,0.46875,0.46875,0.0003018379211425781,
Cc1cccc2c1C1=C3CC3=CC1=C2,0,0,0.3283582089552239,0.3283582089552239,0.00028896331787109375,
C1=C2CC1=C1C2=Cc2ccccc21,24,21,0.4576271186440678,0.4576271186440678,0.0003108978271484375,
CC1=C2CC3(C)C1=Cc1ccccc1C1=C2C=C13,0,0,0.3698630136986301,0.3698630136986301,0.0004017353057861328,
CCC1=C(CC)C2=Cc3ccccc3C2=C1,0,0,0.36231884057971014,0.36231884057971014,0.00030159950256347656,
CC1C2=Cc3ccccc3C3=C4CC(=C2)C431,0,0,0.35714285714285715,0.35714285714285715,0.00034332275390625,
C1=CC2C=C2c2ccccc21,1,1,0.32786885245901637,0.32786885245901637,0.0002200603485107422,
CCCC12C3=CC1=Cc1ccccc1C2=C3,0,0,0.35714285714285715,0.35714285714285715,0.0003230571746826172,
C1=C2C=C1C1CC2=C(c2ccccc2)C1,0,0,0.3142857142857143,0.3142857142857143,0.0003528594970703125,
CC12C3=CC4=Cc5cccc1c5C4=C32,0,0,0.3283582089552239,0.3283582089552239,0.00031185150146484375,
C1=C2C=C3c4ccccc4C=C1C3C2,0,0,0.38461538461538464,0.38461538461538464,0.0003185272216796875,
CC1=CC1=C1CC=Cc2ccccc21,0,0,0.35384615384615387,0.35384615384615387,0.0002677440643310547,
C1=C2CCC3CC2C2=CC3=C2c2ccccc21,0,0,0.375,0.375,0.000408172607421875,
CC1=CC2=C3C(=Cc4ccccc43)C=C2C1,22,26,0.484375,0.484375,0.00032448768615722656,
C1=C2C=C3C4=C2c2ccc(cc21)C3CC4,0,0,0.30985915492957744,0.30985915492957744,0.00036787986755371094,
CC1=Cc2ccccc2C2=CC2(C)C1,1,0,0.3333333333333333,0.3333333333333333,0.00026869773864746094,
CC1=Cc2ccccc2C2=C3CC12C3,2,1,0.3333333333333333,0.3333333333333333,0.0003025531768798828,
CC1=CC2=Cc3ccc(C)cc3C2=C1,0,0,0.31343283582089554,0.31343283582089554,0.0002810955047607422,
