rediscovery_C(=Cc1ccccc1)c1ccccc1_mean,rediscovery_C(=Cc1ccccc1)c1ccccc1_med,rediscovery_C(=Cc1ccccc1)c1ccccc1_min,rediscovery_C(=Cc1ccccc1)c1ccccc1_max,rediscovery_C(=Cc1ccccc1)c1ccccc1_std,total_mean,total_med,total_min,total_max,total_std,objective_calls,n_replaced,timestamps,n_failed_obj_computation,n_not_improvers_among_success_obj_computation,n_discarded_tabu,n_discarded_filters,n_discarded_rdfilters,n_discarded_sillywalks,n_discarded_sascore,n_discarded_custom_filter
0.0,0.0,0.0,0.0,0.0,0.0,0.0,0.0,0.0,0.0,0,0,0.00023102760314941406,0,0,0,0,0,0,0,0
0.0,0.0,0.0,0.0,0.0,0.0,0.0,0.0,0.0,0.0,0,0,0.0006229877471923828,0,0,0,0.0,0.0,0.0,0.0,0.0
0.0,0.0,0.0,0.0,0.0,0.0,0.0,0.0,0.0,0.0,1,1,0.0023679733276367188,0,0,0,0,0,0,0,0
0.0,0.0,0.0,0.0,0.0,0.0,0.0,0.0,0.0,0.0,3,2,0.00445246696472168,0,0,0,0,0,0,0,0
0.0,0.0,0.0,0.0,0.0,0.0,0.0,0.0,0.0,0.0,5,2,0.00918722152709961,0,0,35,0,0,0,0,0
0.0,0.0,0.0,0.0,0.0,0.0,0.0,0.0,0.0,0.0,6,1,0.01351165771484375,0,0,15,0,0,0,0,0
0.002364066193853428,0.0,0.0,0.02127659574468085,0.0066865889473905205,0.002364066193853428,0.0,0.0,0.02127659574468085,0.0066865889473905205,8,2,0.02028799057006836,0,0,12,0,0,0,0,0
0.010537760112228197,0.0,0.0,0.08,0.022676023739398483,0.010537760112228197,0.0,0.0,0.08,0.022676023739398483,12,4,0.028725624084472656,0,0,16,0,0,0,0,0
0.017056396372637162,0.0,0.0,0.08,0.02205038871056674,0.017056396372637162,0.0,0.0,0.08,0.02205038871056674,20,8,0.0405278205871582,0,0,12,0,0,0,0,0
0.019678616240611468,0.0,0.0,0.08,0.022636467871397063,0.019678616240611468,0.0,0.0,0.08,0.022636467871397063,30,10,0.05264449119567871,0,0,17,0,0,0,0,0
0.024184215958856836,0.03389830508474576,0.0,0.08,0.022221326019200252,0.024184215958856836,0.03389830508474576,0.0,0.08,0.022221326019200252,40,10,0.06081652641296387,0,0,2,0,0,0,0,0
0.02609738368993243,0.034482758620689655,0.0,0.08,0.02173497163984851,0.02609738368993243,0.034482758620689655,0.0,0.08,0.02173497163984851,50,10,0.07233166694641113,0,0,2,0,0,0,0,0
0.024905793430123047,0.03389830508474576,0.0,0.08,0.021470362466735265,0.024905793430123047,0.03389830508474576,0.0,0.08,0.021470362466735265,60,10,0.08428239822387695,0,0,10,0,0,0,0,0
0.025441988508496216,0.034482758620689655,0.0,0.08,0.02155147905628574,0.025441988508496216,0.034482758620689655,0.0,0.08,0.02155147905628574,70,10,0.0981745719909668,0,0,3,0,0,0,0,0
0.02661381454462791,0.034482758620689655,0.0,0.08,0.02102719166287199,0.02661381454462791,0.034482758620689655,0.0,0.08,0.02102719166287199,80,10,0.11545133590698242,0,0,9,0,0,0,0,0
0.028222808879539773,0.03508771929824561,0.0,0.08,0.021180204589404415,0.028222808879539773,0.03508771929824561,0.0,0.08,0.021180204589404415,90,10,0.13438701629638672,0,0,22,0,0,0,0,0
0.029296226376346744,0.03508771929824561,0.0,0.0851063829787234,0.021292760987060507,0.029296226376346744,0.03508771929824561,0.0,0.0851063829787234,0.021292760987060507,100,10,0.1497340202331543,0,0,8,0,0,0,0,0
0.030889429719557344,0.03508771929824561,0.0,0.0851063829787234,0.021430188644211427,0.030889429719557344,0.03508771929824561,0.0,0.0851063829787234,0.021430188644211427,110,10,0.16336274147033691,0,0,5,0,0,0,0,0
0.033087092761308855,0.03571428571428571,0.0,0.0851063829787234,0.022217281136856667,0.033087092761308855,0.03571428571428571,0.0,0.0851063829787234,0.022217281136856667,120,10,0.17610478401184082,0,0,7,0,0,0,0,0
0.03467343874610692,0.03571428571428571,0.0,0.0851063829787234,0.02271409309648197,0.03467343874610692,0.03571428571428571,0.0,0.0851063829787234,0.02271409309648197,130,10,0.192033052444458,0,0,9,0,0,0,0,0
0.035999004625957065,0.03636363636363636,0.0,0.08928571428571429,0.02309143826643689,0.035999004625957065,0.03636363636363636,0.0,0.08928571428571429,0.02309143826643689,140,10,0.20815277099609375,0,0,11,0,0,0,0,0
0.03739356665932043,0.03636363636363636,0.0,0.08928571428571429,0.023400367912842633,0.03739356665932043,0.03636363636363636,0.0,0.08928571428571429,0.023400367912842633,150,10,0.22150778770446777,0,0,9,0,0,0,0,0
0.03830676017040334,0.03636363636363636,0.0,0.12727272727272726,0.024855541263008547,0.03830676017040334,0.03636363636363636,0.0,0.12727272727272726,0.024855541263008547,160,10,0.23443937301635742,0,0,8,0,0,0,0,0
0.039259890553596404,0.037037037037037035,0.0,0.12727272727272726,0.024603258685298467,0.039259890553596404,0.037037037037037035,0.0,0.12727272727272726,0.024603258685298467,170,10,0.25372767448425293,0,0,18,0,0,0,0,0
0.040736386370902836,0.03773584905660377,0.0,0.17647058823529413,0.026473701916281733,0.040736386370902836,0.03773584905660377,0.0,0.17647058823529413,0.026473701916281733,180,10,0.2779049873352051,0,0,23,0,0,0,0,0
0.041654040749540856,0.03773584905660377,0.0,0.17647058823529413,0.026470887177025584,0.041654040749540856,0.03773584905660377,0.0,0.17647058823529413,0.026470887177025584,190,10,0.29619765281677246,0,0,17,0,0,0,0,0
0.04290090540706322,0.038461538461538464,0.0,0.17647058823529413,0.02664976779546308,0.04290090540706322,0.038461538461538464,0.0,0.17647058823529413,0.02664976779546308,200,10,0.31116747856140137,0,0,9,0,0,0,0,0
0.04411044213219852,0.038461538461538464,0.0,0.17647058823529413,0.027665653916346792,0.04411044213219852,0.038461538461538464,0.0,0.17647058823529413,0.027665653916346792,210,10,0.3340342044830322,0,0,29,0,0,0,0,0
0.04668161270077227,0.0392156862745098,0.0,0.2916666666666667,0.0330638476469546,0.04668161270077227,0.0392156862745098,0.0,0.2916666666666667,0.0330638476469546,220,10,0.3515944480895996,0,0,13,0,0,0,0,0
0.04814954204634292,0.04081632653061224,0.0,0.2916666666666667,0.03373496668412972,0.04814954204634292,0.04081632653061224,0.0,0.2916666666666667,0.03373496668412972,230,10,0.36829519271850586,0,0,5,0,0,0,0,0
0.05002851782752447,0.04081632653061224,0.0,0.30434782608695654,0.0378507575052521,0.05002851782752447,0.04081632653061224,0.0,0.30434782608695654,0.0378507575052521,240,10,0.3817281723022461,0,0,2,0,0,0,0,0
0.05180185700397123,0.04081632653061224,0.0,0.30434782608695654,0.040460111076689446,0.05180185700397123,0.04081632653061224,0.0,0.30434782608695654,0.040460111076689446,250,10,0.39780402183532715,0,0,1,0,0,0,0,0
0.052595260062342414,0.04411764705882353,0.0,0.30434782608695654,0.040211374284885006,0.052595260062342414,0.04411764705882353,0.0,0.30434782608695654,0.040211374284885006,260,10,0.41358160972595215,0,0,5,0,0,0,0,0
0.05340940101209766,0.046153846153846156,0.0,0.30434782608695654,0.04015988194408858,0.05340940101209766,0.046153846153846156,0.0,0.30434782608695654,0.04015988194408858,270,10,0.43239474296569824,0,0,5,0,0,0,0,0
0.054482186890313845,0.047619047619047616,0.0,0.30434782608695654,0.04093362543282735,0.054482186890313845,0.047619047619047616,0.0,0.30434782608695654,0.04093362543282735,280,10,0.45146989822387695,0,0,8,0,0,0,0,0
0.0556453731713648,0.04838709677419355,0.0,0.30434782608695654,0.04197815939530286,0.0556453731713648,0.04838709677419355,0.0,0.30434782608695654,0.04197815939530286,290,10,0.46831703186035156,0,0,6,0,0,0,0,0
0.05600746513907204,0.04838709677419355,0.0,0.30434782608695654,0.04172099307775166,0.05600746513907204,0.04838709677419355,0.0,0.30434782608695654,0.04172099307775166,300,10,0.48689770698547363,0,0,6,0,0,0,0,0
0.056596915645219986,0.04838709677419355,0.0,0.30434782608695654,0.04198738185277634,0.056596915645219986,0.04838709677419355,0.0,0.30434782608695654,0.04198738185277634,310,10,0.5065302848815918,0,0,7,0,0,0,0,0
0.05663120037329175,0.04918032786885246,0.0,0.30434782608695654,0.041440220863615845,0.05663120037329175,0.04918032786885246,0.0,0.30434782608695654,0.041440220863615845,320,10,0.5277993679046631,0,0,13,0,0,0,0,0
0.0586306692660329,0.04918032786885246,0.0,0.30434782608695654,0.04375190283330664,0.0586306692660329,0.04918032786885246,0.0,0.30434782608695654,0.04375190283330664,330,10,0.5437228679656982,0,0,2,0,0,0,0,0
0.05985856786311799,0.05084745762711865,0.0,0.30434782608695654,0.044034949547075396,0.05985856786311799,0.05084745762711865,0.0,0.30434782608695654,0.044034949547075396,340,10,0.5616953372955322,0,0,4,0,0,0,0,0
0.060365977883075655,0.05084745762711865,0.0,0.30434782608695654,0.044160826276708365,0.060365977883075655,0.05084745762711865,0.0,0.30434782608695654,0.044160826276708365,350,10,0.5811338424682617,0,0,7,0,0,0,0,0
0.06122259552754531,0.05172413793103448,0.0,0.30434782608695654,0.04484028930679763,0.06122259552754531,0.05172413793103448,0.0,0.30434782608695654,0.04484028930679763,360,10,0.5970489978790283,0,0,8,0,0,0,0,0
0.06141612589683883,0.05172413793103448,0.0,0.30434782608695654,0.04489321018558915,0.06141612589683883,0.05172413793103448,0.0,0.30434782608695654,0.04489321018558915,370,10,0.6196639537811279,0,0,11,0,0,0,0,0
0.06259579620174581,0.05263157894736842,0.0,0.30434782608695654,0.04574719936106949,0.06259579620174581,0.05263157894736842,0.0,0.30434782608695654,0.04574719936106949,380,10,0.6408214569091797,0,0,12,0,0,0,0,0
0.06408653475984132,0.05555555555555555,0.0,0.30434782608695654,0.04716685442225297,0.06408653475984132,0.05555555555555555,0.0,0.30434782608695654,0.04716685442225297,390,10,0.6613774299621582,0,0,13,0,0,0,0,0
0.06508367616166907,0.05555555555555555,0.0,0.30434782608695654,0.04846256155622028,0.06508367616166907,0.05555555555555555,0.0,0.30434782608695654,0.04846256155622028,400,10,0.681485652923584,0,0,11,0,0,0,0,0
0.06558421925650898,0.05660377358490566,0.0,0.30434782608695654,0.0491630843633693,0.06558421925650898,0.05660377358490566,0.0,0.30434782608695654,0.0491630843633693,410,10,0.7032332420349121,0,0,14,0,0,0,0,0
0.06673886731774945,0.057692307692307696,0.0,0.30434782608695654,0.05045241008035371,0.06673886731774945,0.057692307692307696,0.0,0.30434782608695654,0.05045241008035371,420,10,0.7224059104919434,0,0,6,0,0,0,0,0
0.06745350482466403,0.058823529411764705,0.0,0.30434782608695654,0.050737759287288055,0.06745350482466403,0.058823529411764705,0.0,0.30434782608695654,0.050737759287288055,430,10,0.7395708560943604,0,0,5,0,0,0,0,0
0.06843549634104922,0.05970149253731343,0.0,0.30434782608695654,0.05167355492383323,0.06843549634104922,0.05970149253731343,0.0,0.30434782608695654,0.05167355492383323,440,10,0.7668418884277344,0,0,14,0,0,0,0,0
0.06987777529965626,0.06,0.0,0.44,0.05522360531288468,0.06987777529965626,0.06,0.0,0.44,0.05522360531288468,450,10,0.7887523174285889,0,0,10,0,0,0,0,0
0.07079277655168895,0.06153846153846154,0.0,0.44,0.05548538789198253,0.07079277655168895,0.06153846153846154,0.0,0.44,0.05548538789198253,460,10,0.8269271850585938,0,0,46,0,0,0,0,0
0.0714097073049912,0.06153846153846154,0.0,0.44,0.05668111050760997,0.0714097073049912,0.06153846153846154,0.0,0.44,0.05668111050760997,470,10,0.8528347015380859,0,0,18,0,0,0,0,0
0.07225560106486174,0.0625,0.0,0.44,0.05745490240893883,0.07225560106486174,0.0625,0.0,0.44,0.05745490240893883,480,10,0.8744382858276367,0,0,3,0,0,0,0,0
0.07345559432716545,0.0625,0.0,0.44,0.05820653547826979,0.07345559432716545,0.0625,0.0,0.44,0.05820653547826979,490,10,0.898287296295166,0,0,5,0,0,0,0,0
0.07427283894525756,0.0625,0.0,0.44,0.05893076439984506,0.07427283894525756,0.0625,0.0,0.44,0.05893076439984506,500,10,0.9299745559692383,0,0,26,0,0,0,0,0
0.07564550142385319,0.06349206349206349,0.0,0.44,0.059940115482839076,0.07564550142385319,0.06349206349206349,0.0,0.44,0.059940115482839076,510,10,0.9567489624023438,0,0,11,0,0,0,0,0
0.0772966480147091,0.06349206349206349,0.0,0.44,0.0611164597739922,0.0772966480147091,0.06349206349206349,0.0,0.44,0.0611164597739922,520,10,0.9817371368408203,0,0,11,0,0,0,0,0
0.0780968337946973,0.06349206349206349,0.0,0.44,0.06218747077241951,0.0780968337946973,0.06349206349206349,0.0,0.44,0.06218747077241951,530,10,1.0110116004943848,0,0,38,0,0,0,0,0
0.07875321950479262,0.06451612903225806,0.0,0.44,0.062223378964368976,0.07875321950479262,0.06451612903225806,0.0,0.44,0.062223378964368976,540,10,1.0321300029754639,0,0,9,0,0,0,0,0
0.07957684306323139,0.06451612903225806,0.0,0.44,0.06321594850273382,0.07957684306323139,0.06451612903225806,0.0,0.44,0.06321594850273382,550,10,1.0560169219970703,0,0,9,0,0,0,0,0
0.08000486702383651,0.06557377049180328,0.0,0.44,0.06345016483763184,0.08000486702383651,0.06557377049180328,0.0,0.44,0.06345016483763184,560,10,1.0792157649993896,0,0,15,0,0,0,0,0
0.08107552324305035,0.06557377049180328,0.0,0.44,0.06412598177408105,0.08107552324305035,0.06557377049180328,0.0,0.44,0.06412598177408105,570,10,1.1059870719909668,0,0,9,0,0,0,0,0
0.08253553741133492,0.06557377049180328,0.0,0.44,0.06495878186938624,0.08253553741133492,0.06557377049180328,0.0,0.44,0.06495878186938624,580,10,1.124779224395752,0,0,0,0,0,0,0,0
0.0834033865999062,0.06557377049180328,0.0,0.44,0.06548298485972368,0.0834033865999062,0.06557377049180328,0.0,0.44,0.06548298485972368,590,10,1.1487088203430176,0,0,10,0,0,0,0,0
0.08400549856826026,0.06666666666666667,0.0,0.44,0.06563622630377396,0.08400549856826026,0.06666666666666667,0.0,0.44,0.06563622630377396,600,10,1.1756110191345215,0,0,13,0,0,0,0,0
0.08552411000638621,0.06666666666666667,0.0,0.44,0.06673383047310981,0.08552411000638621,0.06666666666666667,0.0,0.44,0.06673383047310981,610,10,1.197580099105835,0,0,3,0,0,0,0,0
0.08689590007966252,0.06666666666666667,0.0,0.44,0.0679353319851157,0.08689590007966252,0.06666666666666667,0.0,0.44,0.0679353319851157,620,10,1.2244150638580322,0,0,15,0,0,0,0,0
0.08781395201734697,0.06779661016949153,0.0,0.44,0.06804649201341212,0.08781395201734697,0.06779661016949153,0.0,0.44,0.06804649201341212,630,10,1.2482645511627197,0,0,7,0,0,0,0,0
0.0887143635957165,0.06779661016949153,0.0,0.44,0.06856967670260102,0.0887143635957165,0.06779661016949153,0.0,0.44,0.06856967670260102,640,10,1.2711806297302246,0,0,12,0,0,0,0,0
0.08960831904925876,0.06779661016949153,0.0,0.44,0.06903750639938432,0.08960831904925876,0.06779661016949153,0.0,0.44,0.06903750639938432,650,10,1.3014872074127197,0,0,12,0,0,0,0,0
0.08987451405241763,0.06779661016949153,0.0,0.44,0.06896544745683475,0.08987451405241763,0.06779661016949153,0.0,0.44,0.06896544745683475,660,10,1.3237574100494385,0,0,8,0,0,0,0,0
0.0901480210930283,0.06896551724137931,0.0,0.44,0.06873058975216549,0.0901480210930283,0.06896551724137931,0.0,0.44,0.06873058975216549,670,10,1.3458251953125,0,0,2,0,0,0,0,0
0.09100014993220451,0.06896551724137931,0.0,0.44,0.06930868859994686,0.09100014993220451,0.06896551724137931,0.0,0.44,0.06930868859994686,680,10,1.3713510036468506,0,0,7,0,0,0,0,0
0.091684497649598,0.06896551724137931,0.0,0.44,0.0698672670474571,0.091684497649598,0.06896551724137931,0.0,0.44,0.0698672670474571,690,10,1.391861915588379,0,0,4,0,0,0,0,0
0.09211611621337976,0.06896551724137931,0.0,0.44,0.0701323805070023,0.09211611621337976,0.06896551724137931,0.0,0.44,0.0701323805070023,700,10,1.4122817516326904,0,0,2,0,0,0,0,0
0.09370336614463669,0.06896551724137931,0.0,0.44,0.07237086023237846,0.09370336614463669,0.06896551724137931,0.0,0.44,0.07237086023237846,710,10,1.435945987701416,0,0,6,0,0,0,0,0
0.09489225478134473,0.07017543859649122,0.0,0.44,0.07355554883687712,0.09489225478134473,0.07017543859649122,0.0,0.44,0.07355554883687712,720,10,1.4605400562286377,0,0,4,0,0,0,0,0
0.095487984168295,0.07017543859649122,0.0,0.44,0.07367731291758149,0.095487984168295,0.07017543859649122,0.0,0.44,0.07367731291758149,730,10,1.495098352432251,0,0,10,0,0,0,0,0
0.09590783369667635,0.07142857142857142,0.0,0.44,0.07411008587925344,0.09590783369667635,0.07142857142857142,0.0,0.44,0.07411008587925344,740,10,1.5192108154296875,0,0,4,0,0,0,0,0
0.096655906392569,0.07142857142857142,0.0,0.44,0.07452533066623392,0.096655906392569,0.07142857142857142,0.0,0.44,0.07452533066623392,750,10,1.5483081340789795,0,0,10,0,0,0,0,0
0.09724141171564725,0.07142857142857142,0.0,0.44,0.07520450192362724,0.09724141171564725,0.07142857142857142,0.0,0.44,0.07520450192362724,760,10,1.5793468952178955,0,0,6,0,0,0,0,0
0.0981876337457914,0.07142857142857142,0.0,0.44,0.07588098138114732,0.0981876337457914,0.07142857142857142,0.0,0.44,0.07588098138114732,770,10,1.6120190620422363,0,0,14,0,0,0,0,0
0.09909183576171414,0.07272727272727272,0.0,0.44,0.0766974328389535,0.09909183576171414,0.07272727272727272,0.0,0.44,0.0766974328389535,780,10,1.6362485885620117,0,0,5,0,0,0,0,0
0.09952954412915309,0.07272727272727272,0.0,0.44,0.07669429461883603,0.09952954412915309,0.07272727272727272,0.0,0.44,0.07669429461883603,790,10,1.6604809761047363,0,0,3,0,0,0,0,0
0.1001388000075831,0.07272727272727272,0.0,0.44,0.07744893712605719,0.1001388000075831,0.07272727272727272,0.0,0.44,0.07744893712605719,800,10,1.6850364208221436,0,0,10,0,0,0,0,0
0.10090287301839772,0.07352941176470588,0.0,0.44,0.07852246447977143,0.10090287301839772,0.07352941176470588,0.0,0.44,0.07852246447977143,810,10,1.7110512256622314,0,0,8,0,0,0,0,0
0.10101316862135215,0.07352941176470588,0.0,0.44,0.07857396870799044,0.10101316862135215,0.07352941176470588,0.0,0.44,0.07857396870799044,820,10,1.7323720455169678,0,0,9,0,0,0,0,0
0.1024996638368606,0.07407407407407407,0.0,0.44,0.08011924531968889,0.1024996638368606,0.07407407407407407,0.0,0.44,0.08011924531968889,830,10,1.754345178604126,0,0,3,0,0,0,0,0
0.10313992517543599,0.07407407407407407,0.0,0.44,0.08076178516523871,0.10313992517543599,0.07407407407407407,0.0,0.44,0.08076178516523871,840,10,1.78537917137146,0,0,13,0,0,0,0,0
0.10459278903795037,0.07547169811320754,0.0,0.44680851063829785,0.08314448083144388,0.10459278903795037,0.07547169811320754,0.0,0.44680851063829785,0.08314448083144388,850,10,1.806835412979126,0,0,3,0,0,0,0,0
0.10530002467077944,0.07692307692307693,0.0,0.44680851063829785,0.08315462163873608,0.10530002467077944,0.07692307692307693,0.0,0.44680851063829785,0.08315462163873608,860,10,1.834134817123413,0,0,5,0,0,0,0,0
0.1060107658011985,0.07692307692307693,0.0,0.44680851063829785,0.08402759118980392,0.1060107658011985,0.07692307692307693,0.0,0.44680851063829785,0.08402759118980392,870,10,1.8568487167358398,0,0,4,0,0,0,0,0
0.10679156968667142,0.078125,0.0,0.44680851063829785,0.0844141738034818,0.10679156968667142,0.078125,0.0,0.44680851063829785,0.0844141738034818,880,10,1.8775622844696045,0,0,2,0,0,0,0,0
0.10712844609124146,0.07894736842105263,0.0,0.44680851063829785,0.08475086396839698,0.10712844609124146,0.07894736842105263,0.0,0.44680851063829785,0.08475086396839698,890,10,1.901001214981079,0,0,3,0,0,0,0,0
0.10762260553601258,0.07936507936507936,0.0,0.44680851063829785,0.08489829049591965,0.10762260553601258,0.07936507936507936,0.0,0.44680851063829785,0.08489829049591965,900,10,1.9321858882904053,0,0,10,0,0,0,0,0
0.1083341287805246,0.08,0.0,0.44680851063829785,0.08568565326867009,0.1083341287805246,0.08,0.0,0.44680851063829785,0.08568565326867009,910,10,1.9583566188812256,0,0,5,0,0,0,0,0
0.10850117679226143,0.08064516129032258,0.0,0.44680851063829785,0.08560275449509226,0.10850117679226143,0.08064516129032258,0.0,0.44680851063829785,0.08560275449509226,920,10,1.9888551235198975,0,0,18,0,0,0,0,0
0.1095796213477575,0.08064516129032258,0.0,0.44680851063829785,0.08650272612268682,0.1095796213477575,0.08064516129032258,0.0,0.44680851063829785,0.08650272612268682,930,10,2.0109384059906006,0,0,4,0,0,0,0,0
0.10956764445997315,0.08064516129032258,0.0,0.44680851063829785,0.08682327054073623,0.10956764445997315,0.08064516129032258,0.0,0.44680851063829785,0.08682327054073623,940,10,2.033658742904663,0,0,2,0,0,0,0,0
0.10953966760861902,0.08064516129032258,0.0,0.44680851063829785,0.08659406694138055,0.10953966760861902,0.08064516129032258,0.0,0.44680851063829785,0.08659406694138055,950,10,2.0581138134002686,0,0,5,0,0,0,0,0
0.10972780082912008,0.08196721311475409,0.0,0.44680851063829785,0.08644151645491892,0.10972780082912008,0.08196721311475409,0.0,0.44680851063829785,0.08644151645491892,960,10,2.0858089923858643,0,0,8,0,0,0,0,0
0.11003571054678939,0.08196721311475409,0.0,0.44680851063829785,0.08649761147510515,0.11003571054678939,0.08196721311475409,0.0,0.44680851063829785,0.08649761147510515,970,10,2.1115341186523438,0,0,3,0,0,0,0,0
0.11090833110310283,0.0821917808219178,0.0,0.44680851063829785,0.08715117816035436,0.11090833110310283,0.0821917808219178,0.0,0.44680851063829785,0.08715117816035436,980,10,2.1394221782684326,0,0,6,0,0,0,0,0
0.11165040139495803,0.08333333333333333,0.0,0.44680851063829785,0.08785576587540767,0.11165040139495803,0.08333333333333333,0.0,0.44680851063829785,0.08785576587540767,990,10,2.1734211444854736,0,0,15,0,0,0,0,0
0.11201394338271586,0.08333333333333333,0.0,0.44680851063829785,0.08799614789523275,0.11201394338271586,0.08333333333333333,0.0,0.44680851063829785,0.08799614789523275,1000,10,2.199533462524414,0,0,8,0,0,0,0,0
0.1130472392429345,0.08333333333333333,0.0,0.44680851063829785,0.08761437436708257,0.1130472392429345,0.08333333333333333,0.0,0.44680851063829785,0.08761437436708257,1010,10,2.2286722660064697,0,0,6,0,0,0,0,0
0.1142959392255004,0.08541033434650455,0.0,0.44680851063829785,0.08799637227249392,0.1142959392255004,0.08541033434650455,0.0,0.44680851063829785,0.08799637227249392,1020,10,2.2519607543945312,0,0,4,0,0,0,0,0
0.11548767037635414,0.08771929824561403,0.0,0.44680851063829785,0.08772372643751666,0.11548767037635414,0.08771929824561403,0.0,0.44680851063829785,0.08772372643751666,1030,10,2.2795910835266113,0,0,11,0,0,0,0,0
0.11666124257715656,0.08823529411764706,0.017241379310344827,0.44680851063829785,0.08735389807523446,0.11666124257715656,0.08823529411764706,0.017241379310344827,0.44680851063829785,0.08735389807523446,1040,10,2.3070688247680664,0,0,11,0,0,0,0,0
0.11759739060496346,0.08928571428571429,0.02631578947368421,0.44680851063829785,0.0871436163259884,0.11759739060496346,0.08928571428571429,0.02631578947368421,0.44680851063829785,0.0871436163259884,1050,10,2.3410158157348633,0,0,9,0,0,0,0,0
0.1193370236587811,0.09230769230769231,0.02857142857142857,0.4807692307692308,0.08821366449415609,0.1193370236587811,0.09230769230769231,0.02857142857142857,0.4807692307692308,0.08821366449415609,1062,10,2.3680522441864014,0,2,2,0,0,0,0,0
0.12083078938557269,0.09230769230769231,0.028985507246376812,0.4807692307692308,0.08834643349727729,0.12083078938557269,0.09230769230769231,0.028985507246376812,0.4807692307692308,0.08834643349727729,1072,10,2.3938748836517334,0,0,3,0,0,0,0,0
0.12265248425779682,0.09523809523809523,0.029411764705882353,0.4807692307692308,0.0888898955047963,0.12265248425779682,0.09523809523809523,0.029411764705882353,0.4807692307692308,0.0888898955047963,1082,10,2.423354387283325,0,0,6,0,0,0,0,0
0.12488144467329959,0.0967741935483871,0.029850746268656716,0.5102040816326531,0.09070647093714515,0.12488144467329959,0.0967741935483871,0.029850746268656716,0.5102040816326531,0.09070647093714515,1093,10,2.449648141860962,0,1,2,0,0,0,0,0
0.1268674311663631,0.09836065573770492,0.030303030303030304,0.5102040816326531,0.0912647438234954,0.1268674311663631,0.09836065573770492,0.030303030303030304,0.5102040816326531,0.0912647438234954,1103,10,2.483745574951172,0,0,12,0,0,0,0,0
0.12790671611649268,0.1,0.03125,0.5102040816326531,0.09083302855814811,0.12790671611649268,0.1,0.03125,0.5102040816326531,0.09083302855814811,1113,10,2.514293670654297,0,0,4,0,0,0,0,0
0.1293417983870325,0.10144927536231885,0.03125,0.5102040816326531,0.09090023913843664,0.1293417983870325,0.10144927536231885,0.03125,0.5102040816326531,0.09090023913843664,1123,10,2.5370419025421143,0,0,3,0,0,0,0,0
0.13098191198067638,0.1016949152542373,0.03125,0.5102040816326531,0.09152905319882539,0.13098191198067638,0.1016949152542373,0.03125,0.5102040816326531,0.09152905319882539,1133,10,2.560985565185547,0,0,4,0,0,0,0,0
0.13295502763928474,0.1031947261663286,0.03225806451612903,0.5102040816326531,0.09189771953786323,0.13295502763928474,0.1031947261663286,0.03225806451612903,0.5102040816326531,0.09189771953786323,1145,10,2.588597536087036,0,2,2,0,0,0,0,0
0.13457493133099593,0.1044776119402985,0.03278688524590164,0.5102040816326531,0.09206454522999297,0.13457493133099593,0.1044776119402985,0.03278688524590164,0.5102040816326531,0.09206454522999297,1156,10,2.6213173866271973,0,1,4,0,0,0,0,0
0.13585815585079775,0.10526315789473684,0.03333333333333333,0.5102040816326531,0.09185716205681928,0.13585815585079775,0.10526315789473684,0.03333333333333333,0.5102040816326531,0.09185716205681928,1169,10,2.6544415950775146,0,3,15,0,0,0,0,0
0.13687947633774708,0.10526315789473684,0.03389830508474576,0.5102040816326531,0.09166196626814511,0.13687947633774708,0.10526315789473684,0.03389830508474576,0.5102040816326531,0.09166196626814511,1179,10,2.6780402660369873,0,0,2,0,0,0,0,0
0.13881158389546747,0.10606060606060606,0.034482758620689655,0.5102040816326531,0.09194191797214961,0.13881158389546747,0.10606060606060606,0.034482758620689655,0.5102040816326531,0.09194191797214961,1191,10,2.707714557647705,0,2,4,0,0,0,0,0
0.14044860816369067,0.1079002079002079,0.034482758620689655,0.5102040816326531,0.0918277676478845,0.14044860816369067,0.1079002079002079,0.034482758620689655,0.5102040816326531,0.0918277676478845,1201,10,2.7392613887786865,0,0,6,0,0,0,0,0
0.142604227812463,0.109375,0.03508771929824561,0.5102040816326531,0.09271035334867737,0.142604227812463,0.109375,0.03508771929824561,0.5102040816326531,0.09271035334867737,1214,10,2.7752654552459717,0,3,6,0,0,0,0,0
0.1453556702593644,0.1111111111111111,0.03508771929824561,0.5102040816326531,0.09420340821832762,0.1453556702593644,0.1111111111111111,0.03508771929824561,0.5102040816326531,0.09420340821832762,1224,10,2.805525779724121,0,0,4,0,0,0,0,0
0.1472252096133794,0.1111111111111111,0.03571428571428571,0.5102040816326531,0.0948217129493837,0.1472252096133794,0.1111111111111111,0.03571428571428571,0.5102040816326531,0.0948217129493837,1235,10,2.8328802585601807,0,1,4,0,0,0,0,0
0.148026040742474,0.11278964107223989,0.03636363636363636,0.5102040816326531,0.09433712605291437,0.148026040742474,0.11278964107223989,0.03636363636363636,0.5102040816326531,0.09433712605291437,1245,10,2.8676068782806396,0,0,13,0,0,0,0,0
0.15006988126369444,0.11475409836065574,0.03773584905660377,0.5102040816326531,0.09484355635974706,0.15006988126369444,0.11475409836065574,0.03773584905660377,0.5102040816326531,0.09484355635974706,1256,10,2.8964016437530518,0,1,2,0,0,0,0,0
0.15112219983019953,0.11475409836065574,0.038461538461538464,0.5102040816326531,0.09443410781520653,0.15112219983019953,0.11475409836065574,0.038461538461538464,0.5102040816326531,0.09443410781520653,1267,10,2.923621892929077,0,1,2,0,0,0,0,0
0.15258873259750066,0.11764705882352941,0.04081632653061224,0.5102040816326531,0.09449815353607383,0.15258873259750066,0.11764705882352941,0.04081632653061224,0.5102040816326531,0.09449815353607383,1278,10,2.955173969268799,0,1,9,0,0,0,0,0
0.1538959389997349,0.12004632012352033,0.045454545454545456,0.5102040816326531,0.09468048820485159,0.1538959389997349,0.12004632012352033,0.045454545454545456,0.5102040816326531,0.09468048820485159,1290,10,2.987269878387451,0,2,4,0,0,0,0,0
0.15559720304165647,0.12121212121212122,0.04838709677419355,0.5102040816326531,0.09451407144144339,0.15559720304165647,0.12121212121212122,0.04838709677419355,0.5102040816326531,0.09451407144144339,1300,10,3.0147809982299805,0,0,3,0,0,0,0,0
0.1568170357523902,0.12414383561643835,0.04918032786885246,0.5102040816326531,0.09430190800266638,0.1568170357523902,0.12414383561643835,0.04918032786885246,0.5102040816326531,0.09430190800266638,1312,10,3.059492826461792,0,2,22,0,0,0,0,0
0.1579751090516535,0.12698412698412698,0.05084745762711865,0.5102040816326531,0.09413184188275021,0.1579751090516535,0.12698412698412698,0.05084745762711865,0.5102040816326531,0.09413184188275021,1322,10,3.0844950675964355,0,0,2,0,0,0,0,0
0.1596762907608862,0.12727272727272726,0.05357142857142857,0.5102040816326531,0.09439463980035824,0.1596762907608862,0.12727272727272726,0.05357142857142857,0.5102040816326531,0.09439463980035824,1332,10,3.1109094619750977,0,0,2,0,0,0,0,0
0.16131568312334352,0.12903225806451613,0.05555555555555555,0.5102040816326531,0.09476881562934426,0.16131568312334352,0.12903225806451613,0.05555555555555555,0.5102040816326531,0.09476881562934426,1344,10,3.147355079650879,0,2,16,0,0,0,0,0
0.16241807494629826,0.13114754098360656,0.057971014492753624,0.5102040816326531,0.09439012099511432,0.16241807494629826,0.13114754098360656,0.057971014492753624,0.5102040816326531,0.09439012099511432,1354,10,3.176717758178711,0,0,3,0,0,0,0,0
0.16394684224230976,0.13284313725490196,0.05970149253731343,0.5102040816326531,0.0945980836021172,0.16394684224230976,0.13284313725490196,0.05970149253731343,0.5102040816326531,0.0945980836021172,1364,10,3.2045223712921143,0,0,2,0,0,0,0,0
0.1654015121441415,0.13667496886674968,0.06153846153846154,0.5102040816326531,0.0945659704975646,0.1654015121441415,0.13667496886674968,0.06153846153846154,0.5102040816326531,0.0945659704975646,1377,10,3.2380714416503906,0,3,5,0,0,0,0,0
0.16724429810908267,0.13846153846153847,0.0625,0.5102040816326531,0.09491131414098289,0.16724429810908267,0.13846153846153847,0.0625,0.5102040816326531,0.09491131414098289,1388,10,3.2683629989624023,0,1,3,0,0,0,0,0
0.16912600784632162,0.13961988304093567,0.06349206349206349,0.5102040816326531,0.09541406451905705,0.16912600784632162,0.13961988304093567,0.06349206349206349,0.5102040816326531,0.09541406451905705,1398,10,3.2969634532928467,0,0,4,0,0,0,0,0
0.17012583790688518,0.140625,0.06451612903225806,0.5102040816326531,0.09503100168296515,0.17012583790688518,0.140625,0.06451612903225806,0.5102040816326531,0.09503100168296515,1408,10,3.3246002197265625,0,0,2,0,0,0,0,0
0.171727926227433,0.14073503521126762,0.06557377049180328,0.5102040816326531,0.09528570236357611,0.171727926227433,0.14073503521126762,0.06557377049180328,0.5102040816326531,0.09528570236357611,1420,10,3.352998733520508,0,2,4,0,0,0,0,0
0.1729521807978212,0.14285714285714285,0.06557377049180328,0.5102040816326531,0.09517240506674558,0.1729521807978212,0.14285714285714285,0.06557377049180328,0.5102040816326531,0.09517240506674558,1433,10,3.3929975032806396,0,3,7,0,0,0,0,0
0.17389645280389912,0.14389233954451347,0.06666666666666667,0.5102040816326531,0.09478994664324755,0.17389645280389912,0.14389233954451347,0.06666666666666667,0.5102040816326531,0.09478994664324755,1443,10,3.4211533069610596,0,0,1,0,0,0,0,0
0.17498928226428093,0.14516129032258066,0.06666666666666667,0.5102040816326531,0.0945789073275453,0.17498928226428093,0.14516129032258066,0.06666666666666667,0.5102040816326531,0.0945789073275453,1453,10,3.4530575275421143,0,0,6,0,0,0,0,0
0.17662444400168148,0.14705882352941177,0.06779661016949153,0.5102040816326531,0.09478196461820276,0.17662444400168148,0.14705882352941177,0.06779661016949153,0.5102040816326531,0.09478196461820276,1463,10,3.484471321105957,0,0,4,0,0,0,0,0
0.1781162123745029,0.14925373134328357,0.06896551724137931,0.5102040816326531,0.09437664748028092,0.1781162123745029,0.14925373134328357,0.06896551724137931,0.5102040816326531,0.09437664748028092,1475,10,3.5164902210235596,0,2,4,0,0,0,0,0
0.17971764169379487,0.15034246575342464,0.06896551724137931,0.5102040816326531,0.09448003608714196,0.17971764169379487,0.15034246575342464,0.06896551724137931,0.5102040816326531,0.09448003608714196,1485,10,3.541508436203003,0,0,5,0,0,0,0,0
0.1816304263604847,0.15202876219825373,0.07017543859649122,0.5102040816326531,0.09505638763606133,0.1816304263604847,0.15202876219825373,0.07017543859649122,0.5102040816326531,0.09505638763606133,1499,10,3.5716185569763184,0,4,4,0,0,0,0,0
0.1827437551568132,0.1527777777777778,0.07142857142857142,0.5102040816326531,0.09493672909289232,0.1827437551568132,0.1527777777777778,0.07142857142857142,0.5102040816326531,0.09493672909289232,1509,10,3.609349489212036,0,0,13,0,0,0,0,0
0.18383444988079137,0.1550509956289461,0.07246376811594203,0.5102040816326531,0.09462964265670115,0.18383444988079137,0.1550509956289461,0.07246376811594203,0.5102040816326531,0.09462964265670115,1519,10,3.6372435092926025,0,0,5,0,0,0,0,0
0.18559511949625762,0.15625,0.07352941176470588,0.5102040816326531,0.09482866316948108,0.18559511949625762,0.15625,0.07352941176470588,0.5102040816326531,0.09482866316948108,1530,10,3.6643495559692383,0,1,0,0,0,0,0,0
0.18737458255291148,0.15789473684210525,0.07352941176470588,0.5102040816326531,0.09498891570786726,0.18737458255291148,0.15789473684210525,0.07352941176470588,0.5102040816326531,0.09498891570786726,1541,10,3.7083547115325928,0,1,18,0,0,0,0,0
0.18882107549273422,0.15907522429261559,0.07547169811320754,0.5102040816326531,0.09485846547755128,0.18882107549273422,0.15907522429261559,0.07547169811320754,0.5102040816326531,0.09485846547755128,1552,10,3.7443442344665527,0,1,12,0,0,0,0,0
0.19011364187693838,0.16216216216216217,0.07575757575757576,0.5102040816326531,0.09489973049847078,0.19011364187693838,0.16216216216216217,0.07575757575757576,0.5102040816326531,0.09489973049847078,1567,10,3.78735089302063,0,5,15,0,0,0,0,0
0.1915283894990534,0.16393442622950818,0.078125,0.54,0.09506885068946098,0.1915283894990534,0.16393442622950818,0.078125,0.54,0.09506885068946098,1583,10,3.8252956867218018,0,6,5,0,0,0,0,0
0.19258995571228216,0.16393442622950818,0.07936507936507936,0.54,0.0946782664242748,0.19258995571228216,0.16393442622950818,0.07936507936507936,0.54,0.0946782664242748,1594,10,3.85713791847229,0,1,3,0,0,0,0,0
0.19379147874469702,0.16666666666666666,0.08064516129032258,0.54,0.09423876620603036,0.19379147874469702,0.16666666666666666,0.08064516129032258,0.54,0.09423876620603036,1605,10,3.8905680179595947,0,1,6,0,0,0,0,0
0.19518959009946885,0.16784037558685444,0.08196721311475409,0.54,0.09416417078069571,0.19518959009946885,0.16784037558685444,0.08196721311475409,0.54,0.09416417078069571,1617,10,3.9322664737701416,0,2,16,0,0,0,0,0
0.19672669572413343,0.16965142308922287,0.08333333333333333,0.54,0.09398293135596861,0.19672669572413343,0.16965142308922287,0.08333333333333333,0.54,0.09398293135596861,1631,10,3.975776195526123,0,4,14,0,0,0,0,0
0.19766257919040633,0.1724137931034483,0.0847457627118644,0.54,0.09352118909336721,0.19766257919040633,0.1724137931034483,0.0847457627118644,0.54,0.09352118909336721,1642,10,4.009600877761841,0,1,5,0,0,0,0,0
0.19942791271807403,0.17425810904071773,0.08771929824561403,0.54,0.09383066822599215,0.19942791271807403,0.17425810904071773,0.08771929824561403,0.54,0.09383066822599215,1655,10,4.0489113330841064,0,3,13,0,0,0,0,0
0.20096914315789047,0.17555713608345186,0.08823529411764706,0.54,0.0939879091537514,0.20096914315789047,0.17555713608345186,0.08823529411764706,0.54,0.0939879091537514,1665,10,4.083926200866699,0,0,8,0,0,0,0,0
0.20230640051879922,0.17647058823529413,0.08928571428571429,0.54,0.0939335284743547,0.20230640051879922,0.17647058823529413,0.08928571428571429,0.54,0.0939335284743547,1676,10,4.112857103347778,0,1,0,0,0,0,0,0
0.20355861467436034,0.17883795309168443,0.09230769230769231,0.54,0.09346236059528912,0.20355861467436034,0.17883795309168443,0.09230769230769231,0.54,0.09346236059528912,1690,10,4.149895191192627,0,4,6,0,0,0,0,0
0.20507275215144377,0.18321596244131455,0.09230769230769231,0.54,0.09323693325572577,0.20507275215144377,0.18321596244131455,0.09230769230769231,0.54,0.09323693325572577,1703,10,4.194401025772095,0,3,18,0,0,0,0,0
0.20690497303192557,0.18461538461538463,0.09375,0.54,0.09331646542202601,0.20690497303192557,0.18461538461538463,0.09375,0.54,0.09331646542202601,1718,10,4.236568212509155,0,5,9,0,0,0,0,0
0.208299037766134,0.18571428571428572,0.09523809523809523,0.54,0.09332081722859259,0.208299037766134,0.18571428571428572,0.09523809523809523,0.54,0.09332081722859259,1734,10,4.277812480926514,0,6,4,0,0,0,0,0
0.20945608351877634,0.18840579710144928,0.0958904109589041,0.54,0.09287406759288555,0.20945608351877634,0.18840579710144928,0.0958904109589041,0.54,0.09287406759288555,1749,10,4.322585821151733,0,5,12,0,0,0,0,0
0.21135423218633353,0.19047619047619047,0.09722222222222222,0.54,0.09325600401270971,0.21135423218633353,0.19047619047619047,0.09722222222222222,0.54,0.09325600401270971,1763,10,4.357885837554932,0,4,5,0,0,0,0,0
0.21264865444790387,0.19326542161856253,0.09836065573770492,0.54,0.09310789194823542,0.21264865444790387,0.19326542161856253,0.09836065573770492,0.54,0.09310789194823542,1779,10,4.406234264373779,0,6,10,0,0,0,0,0
0.21352803134138668,0.19378911892152142,0.1,0.54,0.09256552631582911,0.21352803134138668,0.19378911892152142,0.1,0.54,0.09256552631582911,1793,10,4.449102401733398,0,4,9,0,0,0,0,0
0.21422411308652403,0.1968455042225534,0.10144927536231885,0.54,0.0921317825894888,0.21422411308652403,0.1968455042225534,0.10144927536231885,0.54,0.0921317825894888,1810,10,4.498412132263184,0,7,13,0,0,0,0,0
0.21545143664246064,0.2,0.1016949152542373,0.54,0.09211706688761186,0.21545143664246064,0.2,0.1016949152542373,0.54,0.09211706688761186,1825,10,4.539397239685059,0,5,9,0,0,0,0,0
0.216893577940353,0.2,0.10294117647058823,0.54,0.09225800823429413,0.216893577940353,0.2,0.10294117647058823,0.54,0.09225800823429413,1837,10,4.572726011276245,0,2,6,0,0,0,0,0
0.2184439919529117,0.20280062671367022,0.1044776119402985,0.54,0.09206297721077143,0.2184439919529117,0.20280062671367022,0.1044776119402985,0.54,0.09206297721077143,1852,10,4.609350681304932,0,5,8,0,0,0,0,0
0.21950933687909868,0.2033898305084746,0.10526315789473684,0.54,0.09151493168485006,0.21950933687909868,0.2033898305084746,0.10526315789473684,0.54,0.09151493168485006,1866,10,4.658017158508301,0,4,17,0,0,0,0,0
0.22058897927229668,0.20634920634920634,0.10606060606060606,0.54,0.09124694889077409,0.22058897927229668,0.20634920634920634,0.10606060606060606,0.54,0.09124694889077409,1883,10,4.698363542556763,0,7,6,0,0,0,0,0
0.22248134339000325,0.20689655172413793,0.10666666666666667,0.54,0.09158072845855439,0.22248134339000325,0.20689655172413793,0.10666666666666667,0.54,0.09158072845855439,1901,10,4.734472036361694,0,8,5,0,0,0,0,0
0.22371565027943718,0.20967741935483872,0.109375,0.54,0.09143523035198811,0.22371565027943718,0.20967741935483872,0.109375,0.54,0.09143523035198811,1921,10,4.7853004932403564,0,10,20,0,0,0,0,0
0.22498084086578568,0.2101018675721562,0.1095890410958904,0.54,0.09146020615243143,0.22498084086578568,0.2101018675721562,0.1095890410958904,0.54,0.09146020615243143,1933,10,4.8180012702941895,0,2,8,0,0,0,0,0
0.22642591227714712,0.21212121212121213,0.1111111111111111,0.54,0.09137112238646883,0.22642591227714712,0.21212121212121213,0.1111111111111111,0.54,0.09137112238646883,1943,10,4.845823764801025,0,0,7,0,0,0,0,0
0.22751999571253076,0.21311475409836064,0.1111111111111111,0.54,0.09109711723822397,0.22751999571253076,0.21311475409836064,0.1111111111111111,0.54,0.09109711723822397,1954,10,4.882657289505005,0,1,6,0,0,0,0,0
0.22895824628523923,0.2153846153846154,0.11475409836065574,0.54,0.0910492904825982,0.22895824628523923,0.2153846153846154,0.11475409836065574,0.54,0.0910492904825982,1969,10,4.922422409057617,0,5,11,0,0,0,0,0
0.2301848827786061,0.21702898550724636,0.11475409836065574,0.54,0.09085210996133625,0.2301848827786061,0.21702898550724636,0.11475409836065574,0.54,0.09085210996133625,1981,10,4.954477310180664,0,2,3,0,0,0,0,0
0.2313988825582149,0.21778656126482213,0.11666666666666667,0.54,0.09071400621782355,0.2313988825582149,0.21778656126482213,0.11666666666666667,0.54,0.09071400621782355,1994,10,4.992051601409912,0,3,11,0,0,0,0,0
0.2327581948487332,0.21875,0.12,0.54,0.09088185156839156,0.2327581948487332,0.21875,0.12,0.54,0.09088185156839156,2014,10,5.043079614639282,0,10,8,0,0,0,0,0
0.23389163212265324,0.21875,0.12121212121212122,0.54,0.09069716078881447,0.23389163212265324,0.21875,0.12121212121212122,0.54,0.09069716078881447,2026,10,5.07756233215332,0,2,7,0,0,0,0,0
0.23474072994013823,0.21975853262131412,0.12307692307692308,0.54,0.09026574809597891,0.23474072994013823,0.21975853262131412,0.12307692307692308,0.54,0.09026574809597891,2042,10,5.121037721633911,0,6,2,0,0,0,0,0
0.23579752891593436,0.22140522875816993,0.125,0.54,0.0897189771428927,0.23579752891593436,0.22140522875816993,0.125,0.54,0.0897189771428927,2062,10,5.169543027877808,0,10,7,0,0,0,0,0
0.23668546407128402,0.2222222222222222,0.1267605633802817,0.54,0.08934106872241339,0.23668546407128402,0.2222222222222222,0.1267605633802817,0.54,0.08934106872241339,2082,10,5.219141244888306,0,10,10,0,0,0,0,0
0.23796105221079927,0.22400926402470406,0.12727272727272726,0.54,0.08890033028023354,0.23796105221079927,0.22400926402470406,0.12727272727272726,0.54,0.08890033028023354,2098,10,5.270327568054199,0,6,12,0,0,0,0,0
0.2395423297480499,0.22580645161290322,0.12857142857142856,0.54,0.08877912782459743,0.2395423297480499,0.22580645161290322,0.12857142857142856,0.54,0.08877912782459743,2115,10,5.322209358215332,0,7,9,0,0,0,0,0
0.24062178983084495,0.22611077297626292,0.13043478260869565,0.54,0.08861701490880931,0.24062178983084495,0.22611077297626292,0.13043478260869565,0.54,0.08861701490880931,2131,10,5.361409902572632,0,6,6,0,0,0,0,0
0.24213517061216913,0.22832080200501254,0.1323529411764706,0.54,0.08893144065696812,0.24213517061216913,0.22832080200501254,0.1323529411764706,0.54,0.08893144065696812,2154,10,5.421351432800293,0,13,10,0,0,0,0,0
0.24376238811607448,0.23013871374527112,0.13432835820895522,0.54,0.08893188951826984,0.24376238811607448,0.23013871374527112,0.13432835820895522,0.54,0.08893188951826984,2171,10,5.46001410484314,0,7,4,0,0,0,0,0
0.2452586903377994,0.23132664437012262,0.13432835820895522,0.54,0.08877708270268227,0.2452586903377994,0.23132664437012262,0.13432835820895522,0.54,0.08877708270268227,2188,10,5.506850004196167,0,7,13,0,0,0,0,0
0.24611347418541482,0.23333333333333334,0.136986301369863,0.54,0.08840040401128757,0.24611347418541482,0.23333333333333334,0.136986301369863,0.54,0.08840040401128757,2204,10,5.546788930892944,0,6,5,0,0,0,0,0
0.24751220716706604,0.23385416666666667,0.13846153846153847,0.54,0.08851082370324215,0.24751220716706604,0.23385416666666667,0.13846153846153847,0.54,0.08851082370324215,2231,10,5.60474419593811,0,17,13,0,0,0,0,0
0.24838166744596582,0.234375,0.1388888888888889,0.54,0.08804262062949159,0.24838166744596582,0.234375,0.1388888888888889,0.54,0.08804262062949159,2247,10,5.647237300872803,0,6,5,0,0,0,0,0
0.24920946812880837,0.2348345588235294,0.1388888888888889,0.54,0.08755400772969057,0.24920946812880837,0.2348345588235294,0.1388888888888889,0.54,0.08755400772969057,2264,10,5.692812204360962,0,7,10,0,0,0,0,0
0.25092571402015357,0.23636363636363636,0.140625,0.54,0.08773019282076155,0.25092571402015357,0.23636363636363636,0.140625,0.54,0.08773019282076155,2281,10,5.741441011428833,0,7,8,0,0,0,0,0
0.25152790698447236,0.23728813559322035,0.14084507042253522,0.54,0.08729048786100793,0.25152790698447236,0.23728813559322035,0.14084507042253522,0.54,0.08729048786100793,2303,10,5.799074411392212,0,12,11,0,0,0,0,0
0.2527972747813291,0.23728813559322035,0.14285714285714285,0.54,0.08698737079955679,0.2527972747813291,0.23728813559322035,0.14285714285714285,0.54,0.08698737079955679,2316,10,5.837011337280273,0,3,8,0,0,0,0,0
0.25396455519435773,0.23809523809523808,0.14285714285714285,0.54,0.086571252350424,0.25396455519435773,0.23809523809523808,0.14285714285714285,0.54,0.086571252350424,2332,10,5.931910753250122,0,6,7,0,0,0,0,0
0.2548639473696364,0.23977335544499723,0.14492753623188406,0.54,0.08609948497856369,0.2548639473696364,0.23977335544499723,0.14492753623188406,0.54,0.08609948497856369,2352,10,5.982930898666382,0,10,7,0,0,0,0,0
0.2561679837133154,0.2413793103448276,0.14705882352941177,0.54,0.08597673287571803,0.2561679837133154,0.2413793103448276,0.14705882352941177,0.54,0.08597673287571803,2370,10,6.031217813491821,0,8,2,0,0,0,0,0
0.2571364206911421,0.2416573971078977,0.14864864864864866,0.54,0.0854903758260792,0.2571364206911421,0.2416573971078977,0.14864864864864866,0.54,0.0854903758260792,2396,10,6.0956339836120605,0,16,19,0,0,0,0,0
0.2585873676860358,0.24242424242424243,0.14925373134328357,0.54,0.08554784615731074,0.2585873676860358,0.24242424242424243,0.14925373134328357,0.54,0.08554784615731074,2425,10,6.174128770828247,0,19,31,0,0,0,0,0
0.2596920316637958,0.24561403508771928,0.15,0.54,0.08508703163576103,0.2596920316637958,0.24561403508771928,0.15,0.54,0.08508703163576103,2443,10,6.216792821884155,0,8,6,0,0,0,0,0
0.2604700515614253,0.24561403508771928,0.1506849315068493,0.54,0.08489211132146669,0.2604700515614253,0.24561403508771928,0.1506849315068493,0.54,0.08489211132146669,2462,10,6.260011434555054,0,9,5,0,0,0,0,0
0.26162793800417056,0.2459016393442623,0.15151515151515152,0.54,0.08472750743492155,0.26162793800417056,0.2459016393442623,0.15151515151515152,0.54,0.08472750743492155,2482,10,6.320858955383301,0,10,17,0,0,0,0,0
0.2626514093737146,0.24602774274905423,0.1527777777777778,0.54,0.08426759538905766,0.2626514093737146,0.24602774274905423,0.1527777777777778,0.54,0.08426759538905766,2502,10,6.375452518463135,0,10,13,0,0,0,0,0
0.2640931739060186,0.24615384615384617,0.15492957746478872,0.54,0.08419588313840962,0.2640931739060186,0.24615384615384617,0.15492957746478872,0.54,0.08419588313840962,2529,10,6.433851003646851,0,17,14,0,0,0,0,0
0.2650628309801007,0.2463768115942029,0.15625,0.54,0.08379021702001717,0.2650628309801007,0.2463768115942029,0.15625,0.54,0.08379021702001717,2549,10,6.48221230506897,0,10,8,0,0,0,0,0
0.26609439513455685,0.25,0.15714285714285714,0.54,0.08326203553009348,0.26609439513455685,0.25,0.15714285714285714,0.54,0.08326203553009348,2573,10,6.53427267074585,0,14,3,0,0,0,0,0
0.26706897252323974,0.25,0.15873015873015872,0.54,0.08312317677366507,0.26706897252323974,0.25,0.15873015873015872,0.54,0.08312317677366507,2589,10,6.572643280029297,0,6,5,0,0,0,0,0
0.26840136020137007,0.25,0.15873015873015872,0.54,0.08320136043465248,0.26840136020137007,0.25,0.15873015873015872,0.54,0.08320136043465248,2615,10,6.634438753128052,0,16,16,0,0,0,0,0
0.26982028474594916,0.25,0.16176470588235295,0.54,0.08279076843460444,0.26982028474594916,0.25,0.16176470588235295,0.54,0.08279076843460444,2637,10,6.6933043003082275,0,12,6,0,0,0,0,0
0.2703624629932641,0.25,0.16393442622950818,0.54,0.0824778194953265,0.2703624629932641,0.25,0.16393442622950818,0.54,0.0824778194953265,2659,10,6.756711959838867,0,12,15,0,0,0,0,0
0.2710854127898624,0.2517605633802817,0.16417910447761194,0.54,0.08209315256738506,0.2710854127898624,0.2517605633802817,0.16417910447761194,0.54,0.08209315256738506,2676,10,6.80729341506958,0,7,13,0,0,0,0,0
0.27197662239983755,0.25396825396825395,0.16666666666666666,0.54,0.08186381230271848,0.27197662239983755,0.25396825396825395,0.16666666666666666,0.54,0.08186381230271848,2693,10,6.846776723861694,0,7,7,0,0,0,0,0
0.2734854631865864,0.25396825396825395,0.16666666666666666,0.54,0.08189345625676712,0.2734854631865864,0.25396825396825395,0.16666666666666666,0.54,0.08189345625676712,2720,10,6.9079718589782715,0,17,7,0,0,0,0,0
0.27436291783573125,0.2545454545454545,0.16666666666666666,0.54,0.08168752524206144,0.27436291783573125,0.2545454545454545,0.16666666666666666,0.54,0.08168752524206144,2753,10,6.989203214645386,0,23,14,0,0,0,0,0
0.2758043560563346,0.25757575757575757,0.16666666666666666,0.54,0.08155596926166048,0.2758043560563346,0.25757575757575757,0.16666666666666666,0.54,0.08155596926166048,2780,10,7.054159879684448,0,17,11,0,0,0,0,0
0.27672835713829363,0.25806451612903225,0.16666666666666666,0.54,0.08120939175976992,0.27672835713829363,0.25806451612903225,0.16666666666666666,0.54,0.08120939175976992,2796,10,7.092910289764404,0,6,4,0,0,0,0,0
0.2777598833753961,0.25862068965517243,0.16981132075471697,0.54,0.0808443583705924,0.2777598833753961,0.25862068965517243,0.16981132075471697,0.54,0.0808443583705924,2821,10,7.148982763290405,0,15,8,0,0,0,0,0
0.2787474260946583,0.25862068965517243,0.1724137931034483,0.54,0.08041952096392045,0.2787474260946583,0.25862068965517243,0.1724137931034483,0.54,0.08041952096392045,2848,10,7.216737508773804,0,17,12,0,0,0,0,0
0.2802148115233608,0.26153846153846155,0.17391304347826086,0.54,0.08025643809591723,0.2802148115233608,0.26153846153846155,0.17391304347826086,0.54,0.08025643809591723,2867,10,7.265514373779297,0,9,6,0,0,0,0,0
0.2808979298856244,0.26153846153846155,0.17567567567567569,0.54,0.07982357613554124,0.2808979298856244,0.26153846153846155,0.17567567567567569,0.54,0.07982357613554124,2895,10,7.340608596801758,0,18,16,0,0,0,0,0
0.2817028658267085,0.26153846153846155,0.17647058823529413,0.54,0.07943732157301844,0.2817028658267085,0.26153846153846155,0.17647058823529413,0.54,0.07943732157301844,2916,10,7.404837369918823,0,11,16,0,0,0,0,0
0.2826463605293662,0.26153846153846155,0.17647058823529413,0.54,0.07928626982691633,0.2826463605293662,0.26153846153846155,0.17647058823529413,0.54,0.07928626982691633,2937,10,7.449464321136475,0,11,7,0,0,0,0,0
0.2832157196573444,0.26191677175283734,0.17857142857142858,0.54,0.07879525959414976,0.2832157196573444,0.26191677175283734,0.17857142857142858,0.54,0.07879525959414976,2959,10,7.498821020126343,0,12,8,0,0,0,0,0
0.2838703517607502,0.26229508196721313,0.18055555555555555,0.54,0.07840054952899995,0.2838703517607502,0.26229508196721313,0.18055555555555555,0.54,0.07840054952899995,2990,10,7.5796709060668945,0,21,26,0,0,0,0,0
0.2849831919987888,0.26229508196721313,0.18181818181818182,0.54,0.0779685207573643,0.2849831919987888,0.26229508196721313,0.18181818181818182,0.54,0.0779685207573643,3032,10,7.692945241928101,0,32,26,0,0,0,0,0
0.2859226839749535,0.26365441906653425,0.18181818181818182,0.54,0.07761359576934167,0.2859226839749535,0.26365441906653425,0.18181818181818182,0.54,0.07761359576934167,3073,10,7.785616397857666,0,31,26,0,0,0,0,0
0.2872525365162871,0.265625,0.18461538461538463,0.54,0.07729078283066537,0.2872525365162871,0.265625,0.18461538461538463,0.54,0.07729078283066537,3103,10,7.855033874511719,0,20,11,0,0,0,0,0
0.28828914590567,0.26666666666666666,0.18461538461538463,0.54,0.07724668199747323,0.28828914590567,0.26666666666666666,0.18461538461538463,0.54,0.07724668199747323,3131,10,7.921504735946655,0,18,13,0,0,0,0,0
0.2889570650555755,0.26666666666666666,0.18461538461538463,0.54,0.07693577238329143,0.2889570650555755,0.26666666666666666,0.18461538461538463,0.54,0.07693577238329143,3157,10,7.9892168045043945,0,16,20,0,0,0,0,0
0.2898228883738805,0.26666666666666666,0.18840579710144928,0.54,0.0767213705918974,0.2898228883738805,0.26666666666666666,0.18840579710144928,0.54,0.0767213705918974,3186,10,8.070356369018555,0,19,19,0,0,0,0,0
0.29060002752186975,0.26666666666666666,0.19047619047619047,0.54,0.07637184769104535,0.29060002752186975,0.26666666666666666,0.19047619047619047,0.54,0.07637184769104535,3222,10,8.159652471542358,0,26,22,0,0,0,0,0
0.29150903209364787,0.2682569296375267,0.19117647058823528,0.54,0.07622235957540839,0.29150903209364787,0.2682569296375267,0.19117647058823528,0.54,0.07622235957540839,3244,10,8.22696042060852,0,12,12,0,0,0,0,0
0.29256515497616215,0.26894374282433986,0.1935483870967742,0.54,0.07585049142358577,0.29256515497616215,0.26894374282433986,0.1935483870967742,0.54,0.07585049142358577,3270,10,8.286576509475708,0,16,7,0,0,0,0,0
0.29318542968373845,0.2698412698412698,0.19402985074626866,0.54,0.07569354907645112,0.29318542968373845,0.2698412698412698,0.19402985074626866,0.54,0.07569354907645112,3292,10,8.344837188720703,0,12,17,0,0,0,0,0
0.29390183001156767,0.2698412698412698,0.2,0.54,0.07543142088867184,0.29390183001156767,0.2698412698412698,0.2,0.54,0.07543142088867184,3329,10,8.433311223983765,0,27,22,0,0,0,0,0
0.29476598986000646,0.2698412698412698,0.2,0.54,0.07516660980242894,0.29476598986000646,0.2698412698412698,0.2,0.54,0.07516660980242894,3364,10,8.51657509803772,0,25,15,0,0,0,0,0
0.2959909402372263,0.2711864406779661,0.2,0.54,0.07511192680171634,0.2959909402372263,0.2711864406779661,0.2,0.54,0.07511192680171634,3399,10,8.625797510147095,0,25,32,0,0,0,0,0
0.2970701223707587,0.2727272727272727,0.2028985507246377,0.54,0.07503094840387656,0.2970701223707587,0.2727272727272727,0.2028985507246377,0.54,0.07503094840387656,3432,10,8.704906225204468,0,23,11,0,0,0,0,0
0.2981656617874607,0.2727272727272727,0.20588235294117646,0.54,0.07483398444816593,0.2981656617874607,0.2727272727272727,0.20588235294117646,0.54,0.07483398444816593,3471,10,8.788681507110596,0,29,20,0,0,0,0,0
0.2990847252423255,0.27419354838709675,0.20634920634920634,0.54,0.07454826943066843,0.2990847252423255,0.27419354838709675,0.20634920634920634,0.54,0.07454826943066843,3495,10,8.84713864326477,0,14,12,0,0,0,0,0
0.3001628858608507,0.27419354838709675,0.20689655172413793,0.54,0.07429599321014708,0.3001628858608507,0.27419354838709675,0.20689655172413793,0.54,0.07429599321014708,3531,10,8.94417142868042,0,26,27,0,0,0,0,0
0.30112149276280664,0.27419354838709675,0.20967741935483872,0.54,0.07415267235625632,0.30112149276280664,0.27419354838709675,0.20967741935483872,0.54,0.07415267235625632,3573,10,9.046014308929443,0,32,27,0,0,0,0,0
0.3023364044510234,0.27586206896551724,0.20967741935483872,0.54,0.07399765769000446,0.3023364044510234,0.27586206896551724,0.20967741935483872,0.54,0.07399765769000446,3608,10,9.123592615127563,0,25,20,0,0,0,0,0
0.3030010215387665,0.27586206896551724,0.21212121212121213,0.54,0.07381826866786545,0.3030010215387665,0.27586206896551724,0.21212121212121213,0.54,0.07381826866786545,3638,10,9.193562984466553,0,20,18,0,0,0,0,0
0.3039993354732058,0.27692307692307694,0.21311475409836064,0.54,0.07364867397068169,0.3039993354732058,0.27692307692307694,0.21311475409836064,0.54,0.07364867397068169,3677,10,9.302823781967163,0,29,32,0,0,0,0,0
0.3048613734098893,0.27692307692307694,0.2153846153846154,0.54,0.07332271067089967,0.3048613734098893,0.27692307692307694,0.2153846153846154,0.54,0.07332271067089967,3714,10,9.40091848373413,0,27,21,0,0,0,0,0
0.30587645671608893,0.2786885245901639,0.2153846153846154,0.54,0.07329931648295658,0.30587645671608893,0.2786885245901639,0.2153846153846154,0.54,0.07329931648295658,3754,10,9.514426946640015,0,30,37,0,0,0,0,0
0.3066444968756025,0.2786885245901639,0.21666666666666667,0.54,0.07300305642821701,0.3066444968756025,0.2786885245901639,0.21666666666666667,0.54,0.07300305642821701,3790,10,9.59281301498413,0,26,15,0,0,0,0,0
0.30727780052406317,0.2786885245901639,0.21818181818181817,0.54,0.07271787304735454,0.30727780052406317,0.2786885245901639,0.21818181818181817,0.54,0.07271787304735454,3837,10,9.70675802230835,0,37,22,0,0,0,0,0
0.3083213676764601,0.2807017543859649,0.21875,0.54,0.07259493743619702,0.3083213676764601,0.2807017543859649,0.21875,0.54,0.07259493743619702,3884,10,9.808783531188965,0,37,26,0,0,0,0,0
0.30891463883756665,0.2807017543859649,0.22058823529411764,0.54,0.07236407747482929,0.30891463883756665,0.2807017543859649,0.22058823529411764,0.54,0.07236407747482929,3914,10,9.884720087051392,0,20,21,0,0,0,0,0
0.3101799271421611,0.28125,0.2222222222222222,0.54,0.07239914216574168,0.3101799271421611,0.28125,0.2222222222222222,0.54,0.07239914216574168,3951,10,9.97360873222351,0,27,29,0,0,0,0,0
0.3110808803768012,0.28125,0.2222222222222222,0.5555555555555556,0.07241055003681122,0.3110808803768012,0.28125,0.2222222222222222,0.5555555555555556,0.07241055003681122,4004,10,10.101122856140137,0,43,35,0,0,0,0,0
0.3122627493304123,0.2821344339622641,0.22580645161290322,0.5555555555555556,0.07226933331006888,0.3122627493304123,0.2821344339622641,0.22580645161290322,0.5555555555555556,0.07226933331006888,4040,10,10.192095041275024,0,26,24,0,0,0,0,0
0.3131880058051114,0.2833333333333333,0.22580645161290322,0.5555555555555556,0.07195322178993563,0.3131880058051114,0.2833333333333333,0.22580645161290322,0.5555555555555556,0.07195322178993563,4084,10,10.293365240097046,0,34,18,0,0,0,0,0
0.31411924980259504,0.2835820895522388,0.22857142857142856,0.5555555555555556,0.07175822888513088,0.31411924980259504,0.2835820895522388,0.22857142857142856,0.5555555555555556,0.07175822888513088,4111,10,10.376022338867188,0,17,27,0,0,0,0,0
0.3150555658398797,0.2857142857142857,0.22950819672131148,0.5555555555555556,0.07161838305978352,0.3150555658398797,0.2857142857142857,0.22950819672131148,0.5555555555555556,0.07161838305978352,4149,10,10.461791753768921,0,28,21,0,0,0,0,0
0.31608794753304104,0.2857142857142857,0.23076923076923078,0.5555555555555556,0.07157719572848346,0.31608794753304104,0.2857142857142857,0.23076923076923078,0.5555555555555556,0.07157719572848346,4194,10,10.573275089263916,0,35,9,0,0,0,0,0
0.31681404343634895,0.2857142857142857,0.23076923076923078,0.5555555555555556,0.07143071586144382,0.31681404343634895,0.2857142857142857,0.23076923076923078,0.5555555555555556,0.07143071586144382,4229,10,10.657309532165527,0,25,13,0,0,0,0,0
0.317627569004384,0.2880071905495635,0.23333333333333334,0.5555555555555556,0.0714062835787404,0.317627569004384,0.2880071905495635,0.23333333333333334,0.5555555555555556,0.0714062835787404,4262,10,10.743990659713745,0,23,21,0,0,0,0,0
0.3184858540658156,0.288135593220339,0.234375,0.5555555555555556,0.071182019238041,0.3184858540658156,0.288135593220339,0.234375,0.5555555555555556,0.071182019238041,4311,10,10.871933698654175,0,39,28,0,0,0,0,0
0.3192217761179718,0.288135593220339,0.234375,0.5555555555555556,0.07098611276369264,0.3192217761179718,0.288135593220339,0.234375,0.5555555555555556,0.07098611276369264,4369,10,10.996685266494751,0,48,29,0,0,0,0,0
0.3199276848832139,0.2903225806451613,0.2361111111111111,0.5555555555555556,0.07071190391080831,0.3199276848832139,0.2903225806451613,0.2361111111111111,0.5555555555555556,0.07071190391080831,4434,10,11.141290664672852,0,55,35,0,0,0,0,0
0.3207494519159785,0.2903225806451613,0.23728813559322035,0.5555555555555556,0.07043599286799732,0.3207494519159785,0.2903225806451613,0.23728813559322035,0.5555555555555556,0.07043599286799732,4473,10,11.255077838897705,0,29,32,0,0,0,0,0
0.3213080149881835,0.2903225806451613,0.23809523809523808,0.5555555555555556,0.07024792410494556,0.3213080149881835,0.2903225806451613,0.23809523809523808,0.5555555555555556,0.07024792410494556,4523,10,11.368165493011475,0,40,25,0,0,0,0,0
0.3217440314737057,0.2909090909090909,0.23809523809523808,0.5555555555555556,0.06996080727539505,0.3217440314737057,0.2909090909090909,0.23809523809523808,0.5555555555555556,0.06996080727539505,4549,10,11.459085941314697,0,16,25,0,0,0,0,0
0.3225945783681227,0.2909090909090909,0.2413793103448276,0.5555555555555556,0.06998289147708188,0.3225945783681227,0.2909090909090909,0.2413793103448276,0.5555555555555556,0.06998289147708188,4594,10,11.56362247467041,0,35,16,0,0,0,0,0
0.3233471240541777,0.2927055702917772,0.24193548387096775,0.5555555555555556,0.06986373532302677,0.3233471240541777,0.2927055702917772,0.24193548387096775,0.5555555555555556,0.06986373532302677,4632,10,11.665085554122925,0,28,19,0,0,0,0,0
0.32397301643723664,0.29508196721311475,0.24285714285714285,0.5555555555555556,0.06979845527402312,0.32397301643723664,0.29508196721311475,0.24285714285714285,0.5555555555555556,0.06979845527402312,4679,10,11.769932746887207,0,37,17,0,0,0,0,0
0.3250841169933765,0.29508196721311475,0.2459016393442623,0.5555555555555556,0.06970427151419287,0.3250841169933765,0.29508196721311475,0.2459016393442623,0.5555555555555556,0.06970427151419287,4723,10,11.88700008392334,0,34,22,0,0,0,0,0
0.32563646501956445,0.29658564814814814,0.2459016393442623,0.5555555555555556,0.06950432323452205,0.32563646501956445,0.29658564814814814,0.2459016393442623,0.5555555555555556,0.06950432323452205,4785,10,12.020038366317749,0,52,33,0,0,0,0,0
0.32647488420021636,0.296875,0.24615384615384617,0.5555555555555556,0.06928848157051994,0.32647488420021636,0.296875,0.24615384615384617,0.5555555555555556,0.06928848157051994,4845,10,12.163899660110474,0,50,44,0,0,0,0,0
0.3276455879512686,0.296875,0.2463768115942029,0.5555555555555556,0.06932840618133289,0.3276455879512686,0.296875,0.2463768115942029,0.5555555555555556,0.06932840618133289,4903,10,12.282950162887573,0,48,32,0,0,0,0,0
0.3285615704365471,0.3,0.2463768115942029,0.5555555555555556,0.069114897100678,0.3285615704365471,0.3,0.2463768115942029,0.5555555555555556,0.069114897100678,4954,10,12.394222736358643,0,41,29,0,0,0,0,0
0.32913184636619386,0.3,0.2463768115942029,0.5555555555555556,0.06903868404711856,0.32913184636619386,0.3,0.2463768115942029,0.5555555555555556,0.06903868404711856,5000,10,12.529592037200928,0,36,51,0,0,0,0,0
0.33009343194998175,0.30158730158730157,0.25,0.5555555555555556,0.06897189089271373,0.33009343194998175,0.30158730158730157,0.25,0.5555555555555556,0.06897189089271373,5068,10,12.687325477600098,0,58,33,0,0,0,0,0
0.33107633853290314,0.30303030303030304,0.25,0.5555555555555556,0.06894117563163916,0.33107633853290314,0.30303030303030304,0.25,0.5555555555555556,0.06894117563163916,5116,10,12.803090333938599,0,38,16,0,0,0,0,0
0.33163587409649187,0.3033008658008658,0.25,0.5555555555555556,0.06876388062673254,0.33163587409649187,0.3033008658008658,0.25,0.5555555555555556,0.06876388062673254,5166,10,12.924580335617065,0,40,15,0,0,0,0,0
0.3321424203902497,0.3050847457627119,0.2537313432835821,0.5555555555555556,0.06852443779632349,0.3321424203902497,0.3050847457627119,0.2537313432835821,0.5555555555555556,0.06852443779632349,5237,10,13.100452899932861,0,61,39,0,0,0,0,0
0.3329261744576725,0.30707196029776673,0.25396825396825395,0.5555555555555556,0.06843282933261799,0.3329261744576725,0.30707196029776673,0.25396825396825395,0.5555555555555556,0.06843282933261799,5309,10,13.2754065990448,0,62,41,0,0,0,0,0
0.3334681016405117,0.3082579185520362,0.25396825396825395,0.5555555555555556,0.06826205647912037,0.3334681016405117,0.3082579185520362,0.25396825396825395,0.5555555555555556,0.06826205647912037,5367,10,13.41214919090271,0,48,25,0,0,0,0,0
0.3340701437926191,0.3103448275862069,0.2571428571428571,0.5555555555555556,0.06815380059208347,0.3340701437926191,0.3103448275862069,0.2571428571428571,0.5555555555555556,0.06815380059208347,5425,10,13.545924186706543,0,48,25,0,0,0,0,0
0.33522337615347864,0.3114754098360656,0.25757575757575757,0.5555555555555556,0.06809410783859247,0.33522337615347864,0.3114754098360656,0.25757575757575757,0.5555555555555556,0.06809410783859247,5475,10,13.672279834747314,0,40,22,0,0,0,0,0
0.33584130504030135,0.3114754098360656,0.25806451612903225,0.5555555555555556,0.06784076953284356,0.33584130504030135,0.3114754098360656,0.25806451612903225,0.5555555555555556,0.06784076953284356,5528,10,13.801366806030273,0,43,43,0,0,0,0,0
0.336889437632527,0.3162280701754386,0.25806451612903225,0.5555555555555556,0.06783643654045124,0.336889437632527,0.3162280701754386,0.25806451612903225,0.5555555555555556,0.06783643654045124,5600,10,13.973122596740723,0,62,31,0,0,0,0,0
0.33762677021671983,0.31666666666666665,0.25862068965517243,0.5555555555555556,0.0677028494682795,0.33762677021671983,0.31666666666666665,0.25862068965517243,0.5555555555555556,0.0677028494682795,5685,10,14.166395902633667,0,75,62,0,0,0,0,0
0.33872685736999136,0.3178210678210678,0.25925925925925924,0.5555555555555556,0.0674763824122236,0.33872685736999136,0.3178210678210678,0.25925925925925924,0.5555555555555556,0.0674763824122236,5780,10,14.379648923873901,0,85,43,0,0,0,0,0
0.33953053816083173,0.3220338983050847,0.26153846153846155,0.5555555555555556,0.06739627445100546,0.33953053816083173,0.3220338983050847,0.26153846153846155,0.5555555555555556,0.06739627445100546,5848,10,14.54633641242981,0,58,39,0,0,0,0,0
0.34005573572196046,0.3220338983050847,0.26153846153846155,0.5555555555555556,0.0672992440221457,0.34005573572196046,0.3220338983050847,0.26153846153846155,0.5555555555555556,0.0672992440221457,5881,10,14.643822193145752,0,23,22,0,0,0,0,0
0.34106996086776087,0.3225806451612903,0.26153846153846155,0.5555555555555556,0.06742942018161502,0.34106996086776087,0.3225806451612903,0.26153846153846155,0.5555555555555556,0.06742942018161502,5928,10,14.756092071533203,0,37,15,0,0,0,0,0
0.34205847552764373,0.3230769230769231,0.26229508196721313,0.5555555555555556,0.06744824327475218,0.34205847552764373,0.3230769230769231,0.26229508196721313,0.5555555555555556,0.06744824327475218,5985,10,14.898645877838135,0,47,29,0,0,0,0,0
0.3425772184549755,0.3275862068965517,0.26229508196721313,0.5555555555555556,0.06727494785876409,0.3425772184549755,0.3275862068965517,0.26229508196721313,0.5555555555555556,0.06727494785876409,6085,10,15.111406803131104,0,90,36,0,0,0,0,0
0.343316927644492,0.32786885245901637,0.26229508196721313,0.5555555555555556,0.06706850660018226,0.343316927644492,0.32786885245901637,0.26229508196721313,0.5555555555555556,0.06706850660018226,6152,10,15.261115074157715,0,57,27,0,0,0,0,0
0.34425524980822203,0.33072916666666663,0.2647058823529412,0.5555555555555556,0.06699640519869093,0.34425524980822203,0.33072916666666663,0.2647058823529412,0.5555555555555556,0.06699640519869093,6228,10,15.436969757080078,0,66,43,0,0,0,0,0
0.34462719160485045,0.3333333333333333,0.265625,0.5555555555555556,0.06687481814021745,0.34462719160485045,0.3333333333333333,0.265625,0.5555555555555556,0.06687481814021745,6277,10,15.54905891418457,0,39,21,0,0,0,0,0
0.345196938724875,0.3333333333333333,0.265625,0.5555555555555556,0.0665295283772391,0.345196938724875,0.3333333333333333,0.265625,0.5555555555555556,0.0665295283772391,6372,10,15.77859616279602,0,85,81,0,0,0,0,0
0.3458914188065403,0.3333333333333333,0.26666666666666666,0.5555555555555556,0.06634426707336209,0.3458914188065403,0.3333333333333333,0.26666666666666666,0.5555555555555556,0.06634426707336209,6455,10,15.971959829330444,0,73,34,0,0,0,0,0
0.3465124099100228,0.3333333333333333,0.26666666666666666,0.5555555555555556,0.06624204777534531,0.3465124099100228,0.3333333333333333,0.26666666666666666,0.5555555555555556,0.06624204777534531,6527,10,16.13265299797058,0,62,21,0,0,0,0,0
0.3471207878761983,0.3333333333333333,0.26666666666666666,0.5555555555555556,0.06603628212085852,0.3471207878761983,0.3333333333333333,0.26666666666666666,0.5555555555555556,0.06603628212085852,6583,10,16.269541025161743,0,46,24,0,0,0,0,0
0.3482470029684714,0.3387096774193548,0.26865671641791045,0.5555555555555556,0.06591833549788187,0.3482470029684714,0.3387096774193548,0.26865671641791045,0.5555555555555556,0.06591833549788187,6680,10,16.47316575050354,0,87,34,0,0,0,0,0
0.3488038960385706,0.3387096774193548,0.26865671641791045,0.5555555555555556,0.06576265155143439,0.3488038960385706,0.3387096774193548,0.26865671641791045,0.5555555555555556,0.06576265155143439,6766,10,16.674959897994995,0,76,58,0,0,0,0,0
0.34934250363326885,0.3387096774193548,0.26865671641791045,0.5555555555555556,0.06559901573209885,0.34934250363326885,0.3387096774193548,0.26865671641791045,0.5555555555555556,0.06559901573209885,6840,10,16.843616485595703,0,64,32,0,0,0,0,0
0.3501611681090369,0.3389830508474576,0.2698412698412698,0.5555555555555556,0.06532894277020182,0.3501611681090369,0.3389830508474576,0.2698412698412698,0.5555555555555556,0.06532894277020182,6932,10,17.050484657287598,0,82,59,0,0,0,0,0
0.3508599350718338,0.3389830508474576,0.2698412698412698,0.5555555555555556,0.0650990290107452,0.3508599350718338,0.3389830508474576,0.2698412698412698,0.5555555555555556,0.0650990290107452,7011,10,17.242205381393433,0,69,38,0,0,0,0,0
0.3524657168194962,0.34375,0.2711864406779661,1.0,0.06789714814596882,0.3524657168194962,0.34375,0.2711864406779661,1.0,0.06789714814596882,7080,10,17.401815176010132,0,59,50,0,0,0,0,0
