smiles,n_success_mut,n_failures_mut,rediscovery_C(=Cc1ccccc1)c1ccccc1,total,obj_computation_time,history_data
Cc1ccc(C=Cc2ccccccccc2)cc1,0,204,0.6333333333333333,0.6333333333333333,0.0003390312194824219,C
CC1Cc2cc(C=Cc3ccccc3)cccccc1c2,3,167,0.625,0.625,0.00040912628173828125,
CC1C2CC12c1cccccc(C=Cc2ccccc2)ccc1,0,160,0.6268656716417911,0.6268656716417911,0.0004551410675048828,
CCc1cc(C=Cc2ccccc2)cccccc2c1C2,1,154,0.625,0.625,0.0003974437713623047,
CCc1c2cccccc(C=Cc3ccccc3)cc1-2,8,320,0.6557377049180327,0.6557377049180327,0.00037932395935058594,
CC#Cc1cccccc(C=Cc2ccccc2)ccc1C,1,177,0.6307692307692307,0.6307692307692307,0.0003960132598876953,
C(=Cc1ccccccc(C23CC2C3)cc1)c1ccccc1,2,173,0.6307692307692307,0.6307692307692307,0.0004296302795410156,
C=C=C1c2cccccc(C=Cc3ccccc3)ccc21,11,291,0.6507936507936508,0.6507936507936508,0.0004267692565917969,
Cc1ccc(C=Cc2ccccc2)cccccc1C1=CC1,1,173,0.6307692307692307,0.6307692307692307,0.0004248619079589844,
CCCc1c2cccccc(C=Cc3ccccc3)cc1-2,1,154,0.625,0.625,0.0003986358642578125,
C(=Cc1cccccc(CC2=CC2)ccc1)c1ccccc1,13,268,0.6461538461538462,0.6461538461538462,0.0004284381866455078,
C(=Cc1cccccc2c3c(c1)C2C3)c1ccccc1,7,289,0.6557377049180327,0.6557377049180327,0.0004343986511230469,
C=C1Cc2cc(C=Cc3ccccc3)cccccc1c2,0,138,0.625,0.625,0.0004038810729980469,
C#CC1Cc2ccc(C=Cc3ccccc3)cccccc21,1,127,0.6212121212121212,0.6212121212121212,0.0004146099090576172,
CC=C1c2cccccc(C=Cc3ccccc3)ccc21,13,287,0.6507936507936508,0.6507936507936508,0.00040721893310546875,
CC1=Cc2ccc(C=Cc3ccccc3)cccccc2C1,0,0,0.6212121212121212,0.6212121212121212,0.0004146099090576172,
CC1=C(c2cccccc(C=Cc3ccccc3)ccc2)C1,6,298,0.65625,0.65625,0.0004105567932128906,
C1=CC(c2cccccc(C=Cc3ccccc3)ccc2)C1,11,268,0.6461538461538462,0.6461538461538462,0.00043201446533203125,
CCC(C)(C)c1cccccc(C=Cc2ccccc2)ccc1,4,211,0.6363636363636364,0.6363636363636364,0.00040793418884277344,
C=C1Cc2cccccc(C=Cc3ccccc3)cc1c2,0,155,0.625,0.625,0.00042247772216796875,
C=Cc1ccccccc(C=Cc2ccccc2)cc1C,1,210,0.6349206349206349,0.6349206349206349,0.000370025634765625,
CCCc1ccccccc(C=Cc2ccccc2)cc1,6,296,0.6507936507936508,0.6507936507936508,0.00035881996154785156,
CCC(CC=Cc1ccccc1)CC=Cc1ccccc1,0,0,0.625,0.625,0.00036215782165527344,
C(=Cc1ccccc1)c1ccccccccc1,11,349,0.7777777777777778,0.7777777777777778,0.000335693359375,
Cc1ccccccc(C=Cc2ccccc2)cc1C,7,353,0.6666666666666666,0.6666666666666666,0.0003535747528076172,
C=c1ccc(C=Cc2ccccc2)cccccc1=CCC,1,138,0.6307692307692307,0.6307692307692307,0.0003972053527832031,
C=Cc1cc#cc(C=Cc2ccccc2)ccccc1,0,154,0.6290322580645161,0.6290322580645161,0.0003573894500732422,
CC1Cc2cccccc(C=Cc3ccccc3)cc1c2,2,156,0.625,0.625,0.00039649009704589844,
C(=Cc1ccccc2c(ccc1)C2)c1ccccc1,1,321,0.7068965517241379,0.7068965517241379,0.0003719329833984375,
CC(C)C(C=Cc1ccccc1)CC=Cc1ccccc1,0,1,0.6349206349206349,0.6349206349206349,0.00036597251892089844,
CC(=Cc1ccccc1)C1=C(C=Cc2ccccc2)C1C,0,0,0.6349206349206349,0.6349206349206349,0.00037932395935058594,
CC=C(C)c1ccccccc(C=Cc2ccccc2)cc1,0,174,0.6307692307692307,0.6307692307692307,0.00039315223693847656,
CC12CC1(c1cccccc(C=Cc3ccccc3)ccc1)C2,1,172,0.6363636363636364,0.6363636363636364,0.00046443939208984375,
CC=C(C=Cc1ccccc1)C=Cc1ccccc1,2,4,0.6896551724137931,0.6896551724137931,0.00032639503479003906,
C=C1c2cccc(C=Cc3ccccc3)ccccc2C1C,0,173,0.6307692307692307,0.6307692307692307,0.00042510032653808594,
CCc1cccccc(C=Cc2ccccc2)cc2c1C2,0,155,0.625,0.625,0.00039505958557128906,
Cc1cccccc(C=Cc2ccccc2)cc2c1CC2,1,154,0.625,0.625,0.0003962516784667969,
CC(C=Cc1ccccc1)=CCC=Cc1ccccc1,2,5,0.6557377049180327,0.6557377049180327,0.00035309791564941406,
C=C1C(C)C1c1cccccc(C=Cc2ccccc2)ccc1,8,207,0.6363636363636364,0.6363636363636364,0.0004382133483886719,
C=CC(C=C)c1cccccc(C=Cc2ccccc2)ccc1,1,135,0.6268656716417911,0.6268656716417911,0.00042247772216796875,
C=C(C)c1cccccccc(C=Cc2ccccc2)c1,5,218,0.6349206349206349,0.6349206349206349,0.000377655029296875,
C(=Cc1ccccc1)C1=CC1C=Cc1ccccc1,1,1,0.7068965517241379,0.7068965517241379,0.0003528594970703125,
c1c2cccccc(C=Cc3ccccc3)c-2c#1,0,166,0.6271186440677966,0.6271186440677966,0.00034427642822265625,
C=C=Cc1ccccc(C=Cc2ccccc2)cccc1,9,257,0.6507936507936508,0.6507936507936508,0.00037407875061035156,
c1cc(C=Cc2ccccc2)cccccc(C2=CC2)c#1,0,132,0.625,0.625,0.00039887428283691406,
C#Cc1cccc(C=Cc2ccccc2)ccccc1C=C,3,157,0.6307692307692307,0.6307692307692307,0.00039839744567871094,
CC1CC1=Cc1ccccccc(C=Cc2ccccc2)cc1,2,148,0.6268656716417911,0.6268656716417911,0.0004425048828125,
CC=C(C=Cc1ccccc1)CC=Cc1ccccc1,4,13,0.6557377049180327,0.6557377049180327,0.0003407001495361328,
CCCCC(C=Cc1ccccc1)C=Cc1ccccc1,0,0,0.625,0.625,0.0003612041473388672,
CCC=C(C=Cc1ccccc1)CC=Cc1ccccc1,0,1,0.625,0.625,0.00037932395935058594,
CC(C)c1c2cccccc(C=Cc3ccccc3)cc1-2,5,206,0.6349206349206349,0.6349206349206349,0.0004074573516845703,
CC(C)(C=Cc1ccccc1)C=Cc1ccccc1,0,3,0.7017543859649122,0.7017543859649122,0.00032591819763183594,
C=C=C1c2ccccccc(C=Cc3ccccc3)cc21,0,155,0.625,0.625,0.0004107952117919922,
C#Cc1ccccc(C=Cc2ccccc2)cccc1C#C,1,171,0.6307692307692307,0.6307692307692307,0.00040984153747558594,
CC1=C(c2ccccccc(C=Cc3ccccc3)cc2)C1,2,170,0.6307692307692307,0.6307692307692307,0.0004382133483886719,
C=Cc1cccccc(C)cc(C=Cc2ccccc2)c1,1,210,0.6349206349206349,0.6349206349206349,0.00037479400634765625,
C=C1CC12c1ccccc(C=Cc3ccccc3)cccc12,2,137,0.6307692307692307,0.6307692307692307,0.0004525184631347656,
C#CC1c2cccccc(C=Cc3ccccc3)cc1c2,0,117,0.625,0.625,0.00043773651123046875,
Cc1cccccc(C=Cc2ccccc2)ccc1C1=CC1,0,173,0.6307692307692307,0.6307692307692307,0.0004127025604248047,
C1=Cc2cccccc(C=Cc3ccccc3)ccc2C=1,6,229,0.640625,0.640625,0.0004215240478515625,
C=CC(=C)Cc1cccccc(C=Cc2ccccc2)ccc1,2,151,0.6268656716417911,0.6268656716417911,0.000415802001953125,
C1#CC12c1cccccc(C=Cc3ccccc3)cc2c1,0,149,0.625,0.625,0.0004322528839111328,
CC12CC1C2(C=Cc1ccccc1)C=Cc1ccccc1,0,3,0.6349206349206349,0.6349206349206349,0.00038814544677734375,
CC1(C)CC1(C=Cc1ccccc1)C=Cc1ccccc1,1,9,0.6451612903225806,0.6451612903225806,0.0003714561462402344,
CC=CC(C)c1cccccc(C=Cc2ccccc2)ccc1,0,160,0.6268656716417911,0.6268656716417911,0.0004277229309082031,
C#CCc1ccccccc(C=Cc2ccccc2)cc1,15,288,0.6507936507936508,0.6507936507936508,0.00037932395935058594,
CC1C2C(c3cccccc(C=Cc4ccccc4)ccc3)C12,0,155,0.6268656716417911,0.6268656716417911,0.0004439353942871094,
C1#CC(C=Cc2ccccc2)C1=Cc1ccccc1,0,0,0.6229508196721312,0.6229508196721312,0.00035643577575683594,
CC(C)=C1c2ccccc(C=Cc3ccccc3)cccc21,2,173,0.6307692307692307,0.6307692307692307,0.0004241466522216797,
Cc1ccccc1C=Cc1ccccc1,2,18,0.6538461538461539,0.6538461538461539,0.0002620220184326172,
C(=Cc1ccccc1)=Cc1ccccc1,0,1,0.7058823529411765,0.7058823529411765,0.0002503395080566406,
C=CCC(C)c1cccccc(C=Cc2ccccc2)ccc1,2,158,0.6268656716417911,0.6268656716417911,0.0004177093505859375,
C#CC1(C)c2cccccc(C=Cc3ccccc3)ccc21,0,159,0.6307692307692307,0.6307692307692307,0.0004379749298095703,
CCC1(C=Cc2ccccc2)CC1C=Cc1ccccc1,0,2,0.625,0.625,0.0003752708435058594,
C=Cc1cccccc(C=Cc2ccccc2)ccc1C=C,2,164,0.6307692307692307,0.6307692307692307,0.00039839744567871094,
C(=Cc1cccccc2c(cc1)=CC=2)c1ccccc1,3,152,0.6721311475409836,0.6721311475409836,0.0004076957702636719,
CC1=Cc2ccc(C=Cc3ccccc3)cccccc21,18,283,0.6507936507936508,0.6507936507936508,0.0004115104675292969,
CC1CC1c1ccccccc(C=Cc2ccccc2)cc1,1,174,0.6307692307692307,0.6307692307692307,0.0004153251647949219,
C1#CC1c1cccccc(C=Cc2ccccc2)ccc1,8,288,0.6774193548387096,0.6774193548387096,0.0004096031188964844,
CC(C)C(C=Cc1ccccc1)C=Cc1ccccc1,2,10,0.6666666666666666,0.6666666666666666,0.00034618377685546875,
CC(C)Cc1ccccc(C=Cc2ccccc2)cccc1,3,174,0.6307692307692307,0.6307692307692307,0.0004031658172607422,
C(=Cc1cccccc(C23C=C(C2)C3)ccc1)c1ccccc1,2,139,0.6268656716417911,0.6268656716417911,0.0004973411560058594,
C=C(C)C(=C)c1cccccc(C=Cc2ccccc2)ccc1,6,192,0.6363636363636364,0.6363636363636364,0.00043487548828125,
C#CC(=C)c1cccccc(C=Cc2ccccc2)ccc1,2,173,0.65625,0.65625,0.0004074573516845703,
Cc1cc(C=Cc2ccccc2)cccccc2c1C2,2,288,0.6557377049180327,0.6557377049180327,0.0003802776336669922,
CC(C)(C)c1ccccc(C=Cc2ccccc2)cccc1,3,230,0.640625,0.640625,0.000400543212890625,
C=c1cccccc(C=Cc2ccccc2)cc2c1=C=C2,3,129,0.625,0.625,0.00041222572326660156,
C(=Cc1cccccc2c(cc1)=CCC=2)c1ccccc1,9,128,0.640625,0.640625,0.0004112720489501953,
C=C1Cc2ccccc(C=Cc3ccccc3)cccc21,22,266,0.6507936507936508,0.6507936507936508,0.0004038810729980469,
CC(CC=Cc1ccccc1)CC=Cc1ccccc1,1,4,0.6557377049180327,0.6557377049180327,0.00034356117248535156,
C#CCc1ccccc(C=Cc2ccccc2)cccc1,14,300,0.6507936507936508,0.6507936507936508,0.0003864765167236328,
C(=Cc1ccccccc2cc1-2)c1ccccc1,0,166,0.6271186440677966,0.6271186440677966,0.0003402233123779297,
Cc1cccccc(C=Cc2ccccc2)ccc1C1C#C1,0,177,0.6307692307692307,0.6307692307692307,0.0004267692565917969,
Cc1c2ccccc(C=Cc3ccccc3)ccc1C2,0,167,0.6290322580645161,0.6290322580645161,0.00039196014404296875,
C(=Cc1ccccc1)CC1=CC1C=Cc1ccccc1,0,0,0.6451612903225806,0.6451612903225806,0.0003788471221923828,
C=C(C)C(C)c1cccccc(C=Cc2ccccc2)ccc1,3,214,0.6363636363636364,0.6363636363636364,0.00042366981506347656,
CCC(C=Cc1ccccc1)=Cc1ccccc1,4,57,0.6666666666666666,0.6666666666666666,0.000316619873046875,
C(=Cc1cccccc2c(cc1)C1C=C21)c1ccccc1,4,207,0.640625,0.640625,0.00042057037353515625,
CC1=CC1(C)c1cccccc(C=Cc2ccccc2)ccc1,1,215,0.6363636363636364,0.6363636363636364,0.00043845176696777344,
C=Cc1cccccc(C=Cc2ccccc2)cc(C)c1,10,336,0.6612903225806451,0.6612903225806451,0.0003769397735595703,
C#Cc1ccccccc(C=Cc2ccccc2)cc1,6,347,0.6833333333333333,0.6833333333333333,0.00035262107849121094,
CC1(c2cccccc(C=Cc3ccccc3)ccc2)C=C1,11,315,0.65625,0.65625,0.0004134178161621094,
CCC(=Cc1ccccc1)CC=Cc1ccccc1,1,30,0.6333333333333333,0.6333333333333333,0.00032711029052734375,
CC(=C=Cc1ccccc1)C=Cc1ccccc1,1,12,0.6666666666666666,0.6666666666666666,0.0003066062927246094,
C=C1c2cccccc(C=Cc3ccccc3)cc3c2C13,0,146,0.625,0.625,0.0004286766052246094,
C(=Cc1cccccc(C2CC2)ccc1)c1ccccc1,10,306,0.6774193548387096,0.6774193548387096,0.00041937828063964844,
CC1C2c3cccccc(C=Cc4ccccc4)ccc3C12,0,0,0.6212121212121212,0.6212121212121212,0.0004367828369140625,
C#CCc1cccccc(C=Cc2ccccc2)ccc1,9,335,0.6774193548387096,0.6774193548387096,0.0003714561462402344,
CC#Cc1cccccccc(C=Cc2ccccc2)c1,0,154,0.625,0.625,0.00036597251892089844,
CC1(C)CC1c1cccccc(C=Cc2ccccc2)ccc1,3,198,0.6363636363636364,0.6363636363636364,0.00045943260192871094,
CC#Cc1ccccc(C=Cc2ccccc2)cccc1,11,319,0.6507936507936508,0.6507936507936508,0.0003857612609863281,
CC1(C)Cc2cccccc(C=Cc3ccccc3)ccc21,0,174,0.6307692307692307,0.6307692307692307,0.00042557716369628906,
CC1=Cc2cc(C=Cc3ccccc3)cccccc1c2,0,154,0.625,0.625,0.0004260540008544922,
C(=Cc1cccccc2c(cc1)=C1CC=21)c1ccccc1,0,23,0.640625,0.640625,0.00042700767517089844,
CCC#Cc1cccccc(C=Cc2ccccc2)ccc1,12,259,0.6461538461538462,0.6461538461538462,0.00039649009704589844,
CC12c3cccccc(C=Cc4ccccc4)cc1c32,1,211,0.6666666666666666,0.6666666666666666,0.0003845691680908203,
C=CC(CC)c1cccccc(C=Cc2ccccc2)ccc1,0,160,0.6268656716417911,0.6268656716417911,0.00043463706970214844,
C=Cc1ccccc(C=Cc2ccccc2)cccc1CC,2,171,0.6307692307692307,0.6307692307692307,0.0003974437713623047,
CC1(c2cccccc(C=Cc3ccccc3)ccc2)C#C1,6,285,0.65625,0.65625,0.0004324913024902344,
C=C=Cc1cccccccc(C=Cc2ccccc2)c1,7,283,0.6507936507936508,0.6507936507936508,0.00038552284240722656,
C=C(C)c1ccccc(C=Cc2ccccc2)cccc1C,6,240,0.640625,0.640625,0.0004057884216308594,
C=C1CC1c1cccccc(C=Cc2ccccc2)ccc1,11,261,0.65625,0.65625,0.0004246234893798828,
C=c1ccccc(C=Cc2ccccc2)cccc1=C1C#C1,0,5,0.6307692307692307,0.6307692307692307,0.0004172325134277344,
C1=CC=1c1c2cccccc(C=Cc3ccccc3)cc1-2,1,155,0.625,0.625,0.0004417896270751953,
C(C=Cc1ccccc1)=CCC=Cc1ccccc1,1,9,0.6779661016949152,0.6779661016949152,0.0003402233123779297,
C(=Cc1cccccc2cc(c1)C21C=C1)c1ccccc1,0,156,0.625,0.625,0.00043654441833496094,
C(=Cc1ccccc1)CCC=Cc1ccccc1,2,24,0.7142857142857143,0.7142857142857143,0.00031495094299316406,
Cc1cc(C=Cc2ccccc2)cccccc2c1=C=C=2,0,122,0.625,0.625,0.00042438507080078125,
CCC1(c2cccccc(C=Cc3ccccc3)ccc2)C#C1,0,163,0.6268656716417911,0.6268656716417911,0.00042700767517089844,
C(=Cc1cccccc2ccc1=2)c1ccccc1,0,81,0.6271186440677966,0.6271186440677966,0.00033855438232421875,
CC1C(C=Cc2ccccc2)=C1C=Cc1ccccc1,2,4,0.711864406779661,0.711864406779661,0.0003597736358642578,
CCC(C)c1ccccccc(C=Cc2ccccc2)cc1,0,173,0.6307692307692307,0.6307692307692307,0.0003955364227294922,
CC#Cc1ccccc(C=Cc2ccccc2)cccc1C,2,177,0.6307692307692307,0.6307692307692307,0.00040078163146972656,
C=c1ccc(C=Cc2ccccc2)cccccc1=C1C=C1,1,89,0.6307692307692307,0.6307692307692307,0.0004215240478515625,
C#Cc1cccccccc(C=Cc2ccccc2)c1,6,322,0.6557377049180327,0.6557377049180327,0.0003573894500732422,
C=C(C)C1c2cccccc(C=Cc3ccccc3)ccc21,3,169,0.6307692307692307,0.6307692307692307,0.0004317760467529297,
CC#CCc1cccccc(C=Cc2ccccc2)ccc1,9,252,0.6461538461538462,0.6461538461538462,0.00039505958557128906,
Cc1cccccc(C=Cc2ccccc2)ccc1C1C=C1,0,173,0.6307692307692307,0.6307692307692307,0.000415802001953125,
CC=c1c2cccccc(C=Cc3ccccc3)cc1c2,1,147,0.625,0.625,0.0004165172576904297,
C=C(C#CC)c1cccccc(C=Cc2ccccc2)ccc1,0,81,0.6268656716417911,0.6268656716417911,0.00041294097900390625,
CC1(c2ccccc(C=Cc3ccccc3)cccc2)C=C1,1,174,0.6307692307692307,0.6307692307692307,0.0004169940948486328,
CC1C=C1c1ccccc(C=Cc2ccccc2)cccc1,3,173,0.6307692307692307,0.6307692307692307,0.00041484832763671875,
C=Cc1cc(C=Cc2ccccc2)ccccccc1C,4,207,0.6349206349206349,0.6349206349206349,0.0003764629364013672,
CCc1ccccc(C=Cc2ccccc2)cccc1C,9,366,0.6612903225806451,0.6612903225806451,0.000377655029296875,
CC=Cc1c#ccc(C=Cc2ccccc2)ccccc1,2,148,0.625,0.625,0.00037860870361328125,
C=CCc1ccccccc(C=Cc2ccccc2)cc1,12,301,0.6507936507936508,0.6507936507936508,0.0003848075866699219,
CC12Cc3cccccc(C=Cc4ccccc4)cc1c32,0,155,0.625,0.625,0.0004153251647949219,
C(=Cc1ccccc1)C(=Cc1ccccc1)C1CC1,3,31,0.6333333333333333,0.6333333333333333,0.00035309791564941406,
C1=C=C(c2cccccc(C=Cc3ccccc3)ccc2)C=1,11,241,0.6461538461538462,0.6461538461538462,0.0004353523254394531,
C=C=C(C=C)c1cccccc(C=Cc2ccccc2)ccc1,1,93,0.6268656716417911,0.6268656716417911,0.00041794776916503906,
C(=Cc1cccccc(C2C34C5C3C254)ccc1)c1ccccc1,1,93,0.6268656716417911,0.6268656716417911,0.0005006790161132812,
C(=Cc1cccccc2c(C3C=C3)c-2c1)c1ccccc1,1,154,0.625,0.625,0.0004317760467529297,
C=C1c2cc(C=Cc3ccccc3)cccccc(C)c21,1,208,0.6349206349206349,0.6349206349206349,0.0004038810729980469,
C1#Cc2ccc(C=Cc3ccccc3)cccccc2C1,3,225,0.640625,0.640625,0.0004124641418457031,
Cc1cc(C=Cc2ccccc2)cccccc2c1C2C,2,207,0.6349206349206349,0.6349206349206349,0.0003986358642578125,
CC1(c2cccccc(C=Cc3ccccc3)ccc2)C2CC21,0,156,0.6268656716417911,0.6268656716417911,0.0004477500915527344,
C=CC(C)c1ccccccc(C=Cc2ccccc2)cc1,1,173,0.6307692307692307,0.6307692307692307,0.0003936290740966797,
C#CC=Cc1cccccc(C=Cc2ccccc2)ccc1,10,167,0.6461538461538462,0.6461538461538462,0.0004172325134277344,
C(=Cc1cccccc2c3c(c1)C=2C=3)c1ccccc1,6,227,0.6557377049180327,0.6557377049180327,0.0004401206970214844,
C=c1ccc(C=Cc2ccccc2)cccccc1=C1C#C1,0,51,0.6307692307692307,0.6307692307692307,0.00042247772216796875,
CC(C1=CC1)c1cccccc(C=Cc2ccccc2)ccc1,0,159,0.6268656716417911,0.6268656716417911,0.00045561790466308594,
C1=Cc2ccccc(C=Cc3ccccc3)cccc2C=1,3,203,0.640625,0.640625,0.0004105567932128906,
CC1=C2CC12c1cccccc(C=Cc2ccccc2)ccc1,2,158,0.6268656716417911,0.6268656716417911,0.00044989585876464844,
C1=CC=c2cccc(C=Cc3ccccc3)ccccc2=1,7,82,0.640625,0.640625,0.000415802001953125,
Cc1cccccc(C=Cc2ccccc2)ccc1,8,365,0.75,0.75,0.0003390312194824219,
C=C1C2=C1C2c1cccccc(C=Cc2ccccc2)ccc1,0,115,0.6268656716417911,0.6268656716417911,0.0004596710205078125,
C(=Cc1cccccc(CC2CC2)ccc1)c1ccccc1,18,243,0.6461538461538462,0.6461538461538462,0.0004253387451171875,
CC1(c2ccccc(C=Cc3ccccc3)cccc2)CC1,0,177,0.6307692307692307,0.6307692307692307,0.0004203319549560547,
CC1(c2ccccc(C=Cc3ccccc3)cccc2)C#C1,4,173,0.6307692307692307,0.6307692307692307,0.0004181861877441406,
C=CCCc1cccccc(C=Cc2ccccc2)ccc1,7,261,0.6461538461538462,0.6461538461538462,0.0004057884216308594,
C=Cc1c2cccccc(C=Cc3ccccc3)cc1-2,4,247,0.6557377049180327,0.6557377049180327,0.0003898143768310547,
C#CC1c2cccccc(C=Cc3ccccc3)ccc21,16,266,0.6507936507936508,0.6507936507936508,0.0004146099090576172,
C(=Cc1cccccc(CC2C=C2)ccc1)c1ccccc1,11,243,0.6461538461538462,0.6461538461538462,0.0004215240478515625,
C(=Cc1ccccccc2c(c1)C=C2)c1ccccc1,1,247,0.6451612903225806,0.6451612903225806,0.0003979206085205078,
C(=Cc1cccccc(C23CC2C3)ccc1)c1ccccc1,12,226,0.65625,0.65625,0.0004401206970214844,
C(=Cc1cc2ccccccc1-2)c1ccccc1,0,166,0.6271186440677966,0.6271186440677966,0.0003457069396972656,
CCC(C)C(C=Cc1ccccc1)C=Cc1ccccc1,0,1,0.6349206349206349,0.6349206349206349,0.0003643035888671875,
C=CCc1cccc(C=Cc2ccccc2)ccccc1C,1,177,0.6307692307692307,0.6307692307692307,0.0003974437713623047,
C1#Cc2cccccc(C=Cc3ccccc3)ccc2C1,4,226,0.640625,0.640625,0.0003936290740966797,
Cc1cccc(C=Cc2ccccc2)ccccc1C(C)C,5,231,0.640625,0.640625,0.00039696693420410156,
C1=CC1=Cc1ccccccc(C=Cc2ccccc2)cc1,16,246,0.6461538461538462,0.6461538461538462,0.0004513263702392578,
C=CC(C)=Cc1cccccc(C=Cc2ccccc2)ccc1,2,152,0.6268656716417911,0.6268656716417911,0.0004177093505859375,
C=CC(C)Cc1cccccc(C=Cc2ccccc2)ccc1,1,159,0.6268656716417911,0.6268656716417911,0.0004343986511230469,
C#Cc1cccc(C=Cc2ccccc2)ccccc1CC,0,175,0.6307692307692307,0.6307692307692307,0.0003962516784667969,
C(=Cc1ccccc1)C1=C(C=Cc2ccccc2)C1,3,18,0.7368421052631579,0.7368421052631579,0.0003464221954345703,
C=CC1(C)c2cccccc(C=Cc3ccccc3)ccc21,2,160,0.6307692307692307,0.6307692307692307,0.0004379749298095703,
CCCCc1cccccc(C=Cc2ccccc2)ccc1,4,268,0.6461538461538462,0.6461538461538462,0.00039005279541015625,
CCC12c3cccccc(C=Cc4ccccc4)cc1c32,0,147,0.625,0.625,0.00042057037353515625,
CC1(C)C=C1c1cccccc(C=Cc2ccccc2)ccc1,4,211,0.6363636363636364,0.6363636363636364,0.0004405975341796875,
CC1=CC1c1ccccc(C=Cc2ccccc2)cccc1,2,182,0.6307692307692307,0.6307692307692307,0.000423431396484375,
C=c1cccccc(C=Cc2ccccc2)ccc1=C(C)C,3,164,0.640625,0.640625,0.0003998279571533203,
CC1(c2cccccc(C=Cc3ccccc3)ccc2)C2=C1C2,0,160,0.6268656716417911,0.6268656716417911,0.00045490264892578125,
CC1=C(c2ccccc(C=Cc3ccccc3)cccc2)C1,4,183,0.6307692307692307,0.6307692307692307,0.0004215240478515625,
C(=Cc1cccccc(CC23CC2C3)ccc1)c1ccccc1,2,158,0.6268656716417911,0.6268656716417911,0.00045108795166015625,
C(=Cc1cccccccc(C2C=C2)c1)c1ccccc1,0,155,0.625,0.625,0.0004138946533203125,
Cc1ccccc(C=Cc2ccccc2)ccc(C)c1,4,222,0.639344262295082,0.639344262295082,0.00035858154296875,
C(=Cc1ccccccc(C23C4C2C43)cc1)c1ccccc1,4,174,0.6307692307692307,0.6307692307692307,0.0004534721374511719,
Cc1cccc(C=Cc2ccccc2)ccccc1C1C#C1,0,178,0.6307692307692307,0.6307692307692307,0.00042319297790527344,
C(=Cc1cccccc2c3c1c23)c1ccccc1,0,217,0.6379310344827587,0.6379310344827587,0.0003674030303955078,
CCC(CC)c1cccccc(C=Cc2ccccc2)ccc1,0,160,0.6268656716417911,0.6268656716417911,0.00042510032653808594,
C#Cc1ccc(C=Cc2ccccc2)cccccc1CC,2,175,0.6307692307692307,0.6307692307692307,0.0003952980041503906,
C(=Cc1ccccc2cc-2cc1)c1ccccc1,5,343,0.6842105263157895,0.6842105263157895,0.00034236907958984375,
C=c1ccccc(C=Cc2ccccc2)cccc1=C(C)C,1,154,0.640625,0.640625,0.000400543212890625,
C(=Cc1cccc2c3c(ccc1)C23)c1ccccc1,0,203,0.6333333333333333,0.6333333333333333,0.00039649009704589844,
Cc1ccccccc(C=Cc2ccccc2)cc1,8,366,0.7192982456140351,0.7192982456140351,0.0003333091735839844,
CC1Cc2cccc(C=Cc3ccccc3)ccccc21,13,298,0.6507936507936508,0.6507936507936508,0.00039505958557128906,
C(=Cc1cccccc(C2C3=C4C3C42)ccc1)c1ccccc1,0,2,0.6268656716417911,0.6268656716417911,0.0004994869232177734,
CC1=CC(c2cccccc(C=Cc3ccccc3)ccc2)=C1,1,160,0.6268656716417911,0.6268656716417911,0.00044465065002441406,
C=Cc1cccc(C=Cc2ccccc2)ccccc1CC,1,174,0.6307692307692307,0.6307692307692307,0.0003986358642578125,
C(=CC1CC(C=Cc2ccccc2)C1)c1ccccc1,3,7,0.6557377049180327,0.6557377049180327,0.0003733634948730469,
CCc1cccccc(C=Cc2ccccc2)cc(C)c1,2,208,0.6349206349206349,0.6349206349206349,0.0003802776336669922,
C=Cc1c2ccccc(C=Cc3ccccc3)ccc1-2,0,167,0.6290322580645161,0.6290322580645161,0.0003902912139892578,
CC=c1cccccc(C=Cc2ccccc2)ccc1=CC,1,155,0.6307692307692307,0.6307692307692307,0.0003952980041503906,
C1#CC12c1ccccccc(C=Cc3ccccc3)cc12,0,154,0.625,0.625,0.0004048347473144531,
C1#CC1=Cc1ccccccc(C=Cc2ccccc2)cc1,15,245,0.6461538461538462,0.6461538461538462,0.0004439353942871094,
CC1=c2ccccccc(C=Cc3ccccc3)cc2=C1,1,98,0.625,0.625,0.0003876686096191406,
C=C(C)C1c2ccccc(C=Cc3ccccc3)cccc21,6,171,0.6307692307692307,0.6307692307692307,0.0004303455352783203,
C=C(CC)c1ccccccc(C=Cc2ccccc2)cc1,4,175,0.6307692307692307,0.6307692307692307,0.00038909912109375,
C=Cc1cc(C=Cc2ccccc2)cccccc2c1C2,0,155,0.625,0.625,0.000392913818359375,
C=C(c1cccccc(C=Cc2ccccc2)ccc1)C1C#C1,0,126,0.6268656716417911,0.6268656716417911,0.00045180320739746094,
CC1=CC12c1cccccc(C=Cc3ccccc3)ccc12,1,181,0.6307692307692307,0.6307692307692307,0.00044989585876464844,
C1=C2CC=1C2c1cccccc(C=Cc2ccccc2)ccc1,3,158,0.6268656716417911,0.6268656716417911,0.0004832744598388672,
C(=Cc1cccccc(C2C3C4C2C34)ccc1)c1ccccc1,1,144,0.6268656716417911,0.6268656716417911,0.0004956722259521484,
Cc1cccccc(C=Cc2ccccc2)ccc1C1=C=C1,0,180,0.6307692307692307,0.6307692307692307,0.00042939186096191406,
C=Cc1cccccccc(C=Cc2ccccc2)c1,22,359,0.6833333333333333,0.6833333333333333,0.0003783702850341797,
C=C(C)c1cccc(C=Cc2ccccc2)ccccc1C,3,227,0.640625,0.640625,0.00041294097900390625,
CCC(C=Cc1ccccc1)CC=Cc1ccccc1,1,8,0.6557377049180327,0.6557377049180327,0.0003452301025390625,
C#CCC(=C)c1cccccc(C=Cc2ccccc2)ccc1,0,105,0.6268656716417911,0.6268656716417911,0.00041222572326660156,
C(=Cc1cccccc(CC23C=C2C3)ccc1)c1ccccc1,0,101,0.6268656716417911,0.6268656716417911,0.00046634674072265625,
CC#CC(C)c1cccccc(C=Cc2ccccc2)ccc1,0,162,0.6268656716417911,0.6268656716417911,0.00042366981506347656,
C(=Cc1cccccc(C2C3=CC2C3)ccc1)c1ccccc1,2,160,0.6268656716417911,0.6268656716417911,0.00048279762268066406,
C(=Cc1ccccccc2c(c1)CC2)c1ccccc1,1,247,0.6451612903225806,0.6451612903225806,0.0003848075866699219,
C=c1ccc(C=Cc2ccccc2)cccccc1=CC,3,182,0.6612903225806451,0.6612903225806451,0.0003783702850341797,
C=C=C=C(C)c1cccccc(C=Cc2ccccc2)ccc1,0,102,0.6268656716417911,0.6268656716417911,0.0004143714904785156,
CCc1cc(C)cccccc(C=Cc2ccccc2)c1,1,209,0.6349206349206349,0.6349206349206349,0.00037169456481933594,
C=C(C)c1ccc(C=Cc2ccccc2)cccccc1C,8,223,0.640625,0.640625,0.0004036426544189453,
C=CC1c2cccccc(C=Cc3ccccc3)ccc21,18,259,0.6507936507936508,0.6507936507936508,0.0004184246063232422,
C(=Cc1ccccccc(C2CC2)cc1)c1ccccc1,11,290,0.6507936507936508,0.6507936507936508,0.0004200935363769531,
Cc1cc2ccccc(C=Cc3ccccc3)cc1-2,0,203,0.6333333333333333,0.6333333333333333,0.0003581047058105469,
C=C1Cc2cccccc(C=Cc3ccccc3)ccc21,13,268,0.6507936507936508,0.6507936507936508,0.0004010200500488281,
C(=Cc1cccccc(C2=C3C4C2C34)ccc1)c1ccccc1,0,145,0.6268656716417911,0.6268656716417911,0.000507354736328125,
C#CC=c1ccc(C=Cc2ccccc2)cccccc1=C,2,147,0.6307692307692307,0.6307692307692307,0.00040602684020996094,
C#CC(C)c1ccccccc(C=Cc2ccccc2)cc1,3,175,0.6307692307692307,0.6307692307692307,0.0003917217254638672,
C1#CC1c1c2cccccc(C=Cc3ccccc3)cc1-2,0,100,0.625,0.625,0.0004258155822753906,
CCc1c#ccc(C=Cc2ccccc2)ccccc1,2,251,0.6557377049180327,0.6557377049180327,0.00035762786865234375,
CC1=CC1=Cc1cccccc(C=Cc2ccccc2)ccc1,0,142,0.6268656716417911,0.6268656716417911,0.0004353523254394531,
Cc1cccccc(C=CC=Cc2ccccc2)ccc1,0,155,0.625,0.625,0.0003821849822998047,
C=c1c2cc(C=Cc3ccccc3)cccccc1=C=C2,0,1,0.625,0.625,0.0004177093505859375,
C(=Cc1ccccc2c3c(cc1)c2=C3)c1ccccc1,0,156,0.6290322580645161,0.6290322580645161,0.0004482269287109375,
C1=CC=1c1ccccc(C=Cc2ccccc2)cccc1,14,295,0.6507936507936508,0.6507936507936508,0.0004100799560546875,
CC(C)Cc1ccccccc(C=Cc2ccccc2)cc1,4,173,0.6307692307692307,0.6307692307692307,0.00038433074951171875,
CC(C)(C)c1cccccc(C=Cc2ccccc2)ccc1,13,307,0.6666666666666666,0.6666666666666666,0.000408172607421875,
C(=Cc1cccccc2c3c(c1)CC23)c1ccccc1,3,240,0.6451612903225806,0.6451612903225806,0.0003952980041503906,
C(=CC1C2CC12C=Cc1ccccc1)c1ccccc1,0,2,0.6451612903225806,0.6451612903225806,0.00039124488830566406,
C(=CCC=Cc1ccccc1)=Cc1ccccc1,0,3,0.6551724137931034,0.6551724137931034,0.0003108978271484375,
C1=Cc2ccc(C=Cc3ccccc3)cccccc2C1,5,225,0.640625,0.640625,0.0004200935363769531,
C=C=C(C)c1ccccccc(C=Cc2ccccc2)cc1,2,176,0.6307692307692307,0.6307692307692307,0.0003905296325683594,
C(=Cc1ccccccc2c(c1)C21C=C1)c1ccccc1,1,155,0.625,0.625,0.0004181861877441406,
C(=Cc1ccccccc(C23C=C2C3)cc1)c1ccccc1,0,166,0.6307692307692307,0.6307692307692307,0.0004546642303466797,
C(=Cc1cccccc(C23C=C2C3)ccc1)c1ccccc1,5,223,0.65625,0.65625,0.00045561790466308594,
CC(C)(C=Cc1ccccc1)c1ccccc1,0,21,0.625,0.625,0.0002884864807128906,
C=CCc1c2cccccc(C=Cc3ccccc3)cc1-2,0,156,0.625,0.625,0.00040650367736816406,
C(=Cc1ccccccccc1)C1=CC1,8,509,0.6226415094339622,0.6226415094339622,0.0002815723419189453,
CC(C)=C=Cc1cccccc(C=Cc2ccccc2)ccc1,2,159,0.6268656716417911,0.6268656716417911,0.0004258155822753906,
Cc1c2cccccc(C=Cc3ccccc3)cc1C2C,2,209,0.6349206349206349,0.6349206349206349,0.00041174888610839844,
C(=Cc1ccccc(C23C4=C2C43)cccc1)c1ccccc1,2,136,0.6307692307692307,0.6307692307692307,0.0004658699035644531,
C=c1ccccc(C=Cc2ccccc2)cccc1=CCC,2,149,0.6307692307692307,0.6307692307692307,0.0003979206085205078,
C=C=C(CC)c1cccccc(C=Cc2ccccc2)ccc1,0,162,0.6268656716417911,0.6268656716417911,0.00041675567626953125,
CCCc1cccccccc(C=Cc2ccccc2)c1,0,158,0.625,0.625,0.0003788471221923828,
C(=CC1C2C(=Cc3ccccc3)C12)c1ccccc1,0,14,0.6333333333333333,0.6333333333333333,0.0003719329833984375,
C=Cc1ccccc(C=Cc2ccccc2)cccc1C=C,2,171,0.6307692307692307,0.6307692307692307,0.0003979206085205078,
C=C1c2ccc(C=Cc3ccccc3)cccccc2C1C,2,179,0.6307692307692307,0.6307692307692307,0.0004239082336425781,
CCc1cccccc(C=Cc2ccccc2)ccc1CC,0,181,0.6307692307692307,0.6307692307692307,0.00039315223693847656,
C#CC#Cc1cccccc(C=Cc2ccccc2)ccc1,13,255,0.6461538461538462,0.6461538461538462,0.0004074573516845703,
C(=CC1(C=Cc2ccccc2)CCC1)c1ccccc1,2,18,0.6557377049180327,0.6557377049180327,0.00036263465881347656,
C(=CC1CC1=Cc1ccccc1)c1ccccc1,1,4,0.6551724137931034,0.6551724137931034,0.0003440380096435547,
CC(=Cc1ccccc1)C1=C(C=Cc2ccccc2)C1,0,2,0.6557377049180327,0.6557377049180327,0.0003612041473388672,
C(=CC=Cc1ccccc1)C=Cc1ccccc1,3,9,0.7142857142857143,0.7142857142857143,0.00031495094299316406,
CC(=C1C=C1)c1cccccc(C=Cc2ccccc2)ccc1,1,152,0.6268656716417911,0.6268656716417911,0.0004482269287109375,
C(=Cc1ccccc2ccc=2c1)c1ccccc1,2,154,0.6551724137931034,0.6551724137931034,0.0003542900085449219,
CCC(C)(C=Cc1ccccc1)CC=Cc1ccccc1,0,1,0.6349206349206349,0.6349206349206349,0.00036787986755371094,
C1=Cc2cccccc(C=Cc3ccccc3)ccc2C1,8,223,0.640625,0.640625,0.00042438507080078125,
C(=Cc1cccccc2cc(c1)CC2)c1ccccc1,3,263,0.6451612903225806,0.6451612903225806,0.0004024505615234375,
CC(C)=Cc1ccccccc(C=Cc2ccccc2)cc1,14,316,0.65625,0.65625,0.00040793418884277344,
C=CCC(C=Cc1ccccc1)=Cc1ccccc1,1,4,0.6333333333333333,0.6333333333333333,0.00032448768615722656,
C(=Cc1ccccc(C2C=C2)cccc1)c1ccccc1,14,320,0.6507936507936508,0.6507936507936508,0.00042724609375,
C(=Cc1c2c3c-2cccccc1=3)c1ccccc1,0,23,0.6271186440677966,0.6271186440677966,0.0003643035888671875,
CCC(C)=Cc1ccccccc(C=Cc2ccccc2)cc1,0,161,0.6268656716417911,0.6268656716417911,0.0004284381866455078,
C=C1Cc2cccc(C=Cc3ccccc3)ccccc21,11,262,0.6507936507936508,0.6507936507936508,0.0004248619079589844,
C=CCc1cccccc(C=Cc2ccccc2)ccc1,11,352,0.6774193548387096,0.6774193548387096,0.0003819465637207031,
CCC(C)c1ccccc(C=Cc2ccccc2)cccc1,1,182,0.6307692307692307,0.6307692307692307,0.0004069805145263672,
C#Cc1c2cccccc(C=Cc3ccccc3)cc1-2,4,273,0.6557377049180327,0.6557377049180327,0.00038814544677734375,
CC12C3C1C32c1cccccc(C=Cc2ccccc2)ccc1,2,186,0.6363636363636364,0.6363636363636364,0.0004646778106689453,
CC1(C)c2ccccc(C=Cc3ccccc3)cccc21,9,351,0.6612903225806451,0.6612903225806451,0.0004162788391113281,
C=CC(C)(C)c1cccccc(C=Cc2ccccc2)ccc1,4,205,0.6363636363636364,0.6363636363636364,0.00041222572326660156,
C=CCc1cccccc(C=Cc2ccccc2)ccc1C,4,179,0.6307692307692307,0.6307692307692307,0.0004074573516845703,
Cc1c#ccc(C=Cc2ccccc2)ccccc1,3,307,0.6896551724137931,0.6896551724137931,0.0003409385681152344,
CC(c1cccccc(C=Cc2ccccc2)ccc1)C1C#C1,0,161,0.6268656716417911,0.6268656716417911,0.0004360675811767578,
C1#CC1c1ccccccc(C=Cc2ccccc2)cc1,9,248,0.6507936507936508,0.6507936507936508,0.00039124488830566406,
C=CC=Cc1cccccc(C=Cc2ccccc2)ccc1,11,197,0.6461538461538462,0.6461538461538462,0.00040340423583984375,
CCc1cccccccc(C=Cc2ccccc2)c1,7,347,0.6557377049180327,0.6557377049180327,0.0003483295440673828,
C=C1C2=CC12c1cccccc(C=Cc2ccccc2)ccc1,1,151,0.6268656716417911,0.6268656716417911,0.0004703998565673828,
CC1c2ccccc(C=Cc3ccccc3)cccc2C1C,2,182,0.6307692307692307,0.6307692307692307,0.0004177093505859375,
C=Cc1cccccc(C=Cc2ccccc2)cc(C=C)c1,1,166,0.6307692307692307,0.6307692307692307,0.00040268898010253906,
CCC1(c2cccccc(C=Cc3ccccc3)ccc2)CC1,0,160,0.6268656716417911,0.6268656716417911,0.00044417381286621094,
Cc1ccccc(C=Cc2ccccc2)cc2cc1-2,0,203,0.6333333333333333,0.6333333333333333,0.0003685951232910156,
C#CCc1cccccc(C=Cc2ccccc2)ccc1C,1,183,0.6307692307692307,0.6307692307692307,0.0003902912139892578,
C=CC1c2ccccc(C=Cc3ccccc3)cccc21,8,230,0.6507936507936508,0.6507936507936508,0.00039768218994140625,
CC1=C(c2cccccc(C=Cc3ccccc3)ccc2)C1C,3,211,0.6363636363636364,0.6363636363636364,0.0004355907440185547,
C(=Cc1ccccc1)CCCCC=Cc1ccccc1,2,11,0.6451612903225806,0.6451612903225806,0.00034546852111816406,
C(=Cc1cccccc(C2C3CC32)ccc1)c1ccccc1,13,219,0.6461538461538462,0.6461538461538462,0.0004665851593017578,
C#CC(=C)Cc1cccccc(C=Cc2ccccc2)ccc1,0,151,0.6268656716417911,0.6268656716417911,0.00043082237243652344,
C=C=c1ccccc(C=Cc2ccccc2)cccc1=C,5,147,0.6612903225806451,0.6612903225806451,0.00037980079650878906,
C(=Cc1ccccc1)CC=Cc1ccccc1,0,33,0.7547169811320755,0.7547169811320755,0.00030112266540527344,
CC#Cc1cccc(C=Cc2ccccc2)ccccc1C,2,189,0.6307692307692307,0.6307692307692307,0.0004115104675292969,
Cc1cc2cc(C=Cc3ccccc3)ccccc1-2,1,202,0.6333333333333333,0.6333333333333333,0.0003521442413330078,
C=C1C(=C)c2ccc(C=Cc3ccccc3)cccccc21,0,90,0.6307692307692307,0.6307692307692307,0.0004444122314453125,
CC(C)c1ccccccc(C=Cc2ccccc2)cc1,9,339,0.6612903225806451,0.6612903225806451,0.0003783702850341797,
CC(C=Cc1ccccc1)c1ccccc1,2,48,0.6481481481481481,0.6481481481481481,0.00027108192443847656,
CC(C)C(C=Cc1ccccc1)=Cc1ccccc1,1,41,0.6440677966101694,0.6440677966101694,0.00031638145446777344,
C(=Cc1cccccc2c(cc1)C=C2)c1ccccc1,1,267,0.6721311475409836,0.6721311475409836,0.00038886070251464844,
C#CC(C)=Cc1cccccc(C=Cc2ccccc2)ccc1,4,146,0.6268656716417911,0.6268656716417911,0.00042700767517089844,
CC(C)c1ccccc(C=Cc2ccccc2)cccc1,9,362,0.6612903225806451,0.6612903225806451,0.0003764629364013672,
CC1(C)Cc2cccc(C=Cc3ccccc3)ccccc21,3,180,0.6307692307692307,0.6307692307692307,0.0004286766052246094,
CC1Cc2ccc(C=Cc3ccccc3)cccccc21,10,289,0.6507936507936508,0.6507936507936508,0.0004105567932128906,
CC1=c2cccc(C=Cc3ccccc3)ccccc2=C1,5,150,0.6507936507936508,0.6507936507936508,0.0004153251647949219,
C(=Cc1cccccc(CC23C4=C2C43)ccc1)c1ccccc1,0,129,0.6268656716417911,0.6268656716417911,0.00046944618225097656,
CC1=C=C1Cc1cccccc(C=Cc2ccccc2)ccc1,0,160,0.6268656716417911,0.6268656716417911,0.0004429817199707031,
C=C=c1cccc(C=Cc2ccccc2)ccccc1=C,2,144,0.6612903225806451,0.6612903225806451,0.0003807544708251953,
C(=Cc1ccccc2c(ccc1)C1=C2C1)c1ccccc1,9,203,0.640625,0.640625,0.0004253387451171875,
C=C=c1ccccccc(C=Cc2ccccc2)cc1=C,1,131,0.6349206349206349,0.6349206349206349,0.0003676414489746094,
C=C(c1cccccc(C=Cc2ccccc2)ccc1)C1C=C1,1,117,0.6268656716417911,0.6268656716417911,0.00044798851013183594,
C=C1CC1=Cc1cccccc(C=Cc2ccccc2)ccc1,1,92,0.6268656716417911,0.6268656716417911,0.0004394054412841797,
C=CC1(c2cccccc(C=Cc3ccccc3)ccc2)C=C1,1,93,0.6268656716417911,0.6268656716417911,0.0004394054412841797,
CC1c2ccccc(C=Cc3ccccc3)cccc21,11,357,0.6833333333333333,0.6833333333333333,0.0003986358642578125,
C(=Cc1ccccc2c(ccc1)CCC2)c1ccccc1,4,222,0.640625,0.640625,0.00042629241943359375,
C=C=C=Cc1cccccc(C=Cc2ccccc2)ccc1,7,134,0.6461538461538462,0.6461538461538462,0.0004127025604248047,
C(=Cc1ccccc2c(ccc1)=CCC=2)c1ccccc1,10,144,0.640625,0.640625,0.0004134178161621094,
CC1(C)Cc2ccccc(C=Cc3ccccc3)cccc21,3,180,0.6307692307692307,0.6307692307692307,0.0004303455352783203,
C#CCc1cccccccc(C=Cc2ccccc2)c1,0,155,0.625,0.625,0.0003764629364013672,
CC1=C2C1=C2c1cccccc(C=Cc2ccccc2)ccc1,0,114,0.6268656716417911,0.6268656716417911,0.00045752525329589844,
C=C1CC12c1cccccc(C=Cc3ccccc3)ccc12,0,141,0.6307692307692307,0.6307692307692307,0.00043463706970214844,
CC1CC12c1ccccc(C=Cc3ccccc3)cccc12,5,183,0.6307692307692307,0.6307692307692307,0.0004413127899169922,
C(=Cc1ccccc1)CC1CC1=Cc1ccccc1,2,7,0.6229508196721312,0.6229508196721312,0.0003452301025390625,
C=CC(=CC)c1cccccc(C=Cc2ccccc2)ccc1,0,150,0.6268656716417911,0.6268656716417911,0.0004181861877441406,
C(=Cc1cccccc2c3c(c1)C=3C=2)c1ccccc1,1,112,0.6451612903225806,0.6451612903225806,0.0004200935363769531,
CCC=Cc1ccccccc(C=Cc2ccccc2)cc1,10,259,0.6461538461538462,0.6461538461538462,0.000408172607421875,
CC1=CC1c1cccccc(C=Cc2ccccc2)ccc1,17,328,0.65625,0.65625,0.0004150867462158203,
C=c1cccccc(C=Cc2ccccc2)cc2c1=C2,3,153,0.6557377049180327,0.6557377049180327,0.00038313865661621094,
C1#CC(c2cccccc(C=Cc3ccccc3)ccc2)C1,15,250,0.6461538461538462,0.6461538461538462,0.0004248619079589844,
C=c1cccccc(C=Cc2ccccc2)ccc1=C1CC1,1,55,0.6307692307692307,0.6307692307692307,0.00041365623474121094,
CC1=C=C1c1ccccccc(C=Cc2ccccc2)cc1,1,183,0.6307692307692307,0.6307692307692307,0.0004150867462158203,
C=CC1c2cccccc(C=Cc3ccccc3)cc1c2,0,1,0.625,0.625,0.00043392181396484375,
C(=Cc1ccccccc2c(c1)=CC=2)c1ccccc1,2,139,0.6451612903225806,0.6451612903225806,0.0003972053527832031,
C=c1cc(C=Cc2ccccc2)cccccc(C)c1=C,0,170,0.6451612903225806,0.6451612903225806,0.0003745555877685547,
CC(C=Cc1ccccc1)C(C)C=Cc1ccccc1,1,17,0.6666666666666666,0.6666666666666666,0.0003409385681152344,
CC1C2=C(c3cccccc(C=Cc4ccccc4)ccc3)C21,1,145,0.6268656716417911,0.6268656716417911,0.0004482269287109375,
C=c1ccc(C=Cc2ccccc2)cccccc1=C1CC1,1,128,0.6307692307692307,0.6307692307692307,0.0004303455352783203,
C(=Cc1ccccc1)CC1CC(C=Cc2ccccc2)C1,0,0,0.625,0.625,0.0003972053527832031,
C#Cc1cc(C=Cc2ccccc2)ccccccc1C,1,210,0.6349206349206349,0.6349206349206349,0.0003750324249267578,
C(=Cc1ccccccc(C23C4=C2C43)cc1)c1ccccc1,2,128,0.6307692307692307,0.6307692307692307,0.0004589557647705078,
CC1=C=C1c1ccccc(C=Cc2ccccc2)cccc1,1,179,0.6307692307692307,0.6307692307692307,0.00041031837463378906,
C#Cc1ccc(C=Cc2ccccc2)cccccc1C=C,2,155,0.6307692307692307,0.6307692307692307,0.0003895759582519531,
Cc1cc(C=Cc2ccccc2)cccccc2c1C#C2,0,154,0.625,0.625,0.0004062652587890625,
C#CC(C#C)c1cccccc(C=Cc2ccccc2)ccc1,0,121,0.6268656716417911,0.6268656716417911,0.00041794776916503906,
C#CC(C)(C)c1cccccc(C=Cc2ccccc2)ccc1,3,199,0.6363636363636364,0.6363636363636364,0.00040912628173828125,
CC1CC1=Cc1cccccc(C=Cc2ccccc2)ccc1,1,154,0.6268656716417911,0.6268656716417911,0.0004405975341796875,
CC(C)c1cccccccc(C=Cc2ccccc2)c1,0,210,0.6349206349206349,0.6349206349206349,0.00037097930908203125,
C=CCc1c#ccc(C=Cc2ccccc2)ccccc1,1,141,0.625,0.625,0.0003752708435058594,
C=CC=Cc1ccccccc(C=Cc2ccccc2)cc1,9,204,0.6461538461538462,0.6461538461538462,0.0004134178161621094,
C(=Cc1cc2ccccccc1=2)c1ccccc1,3,80,0.6271186440677966,0.6271186440677966,0.0003457069396972656,
C#CC1(C)c2ccccc(C=Cc3ccccc3)cccc21,1,158,0.6307692307692307,0.6307692307692307,0.0004258155822753906,
C=C=CC(=C)c1cccccc(C=Cc2ccccc2)ccc1,1,114,0.6268656716417911,0.6268656716417911,0.00043082237243652344,
C#Cc1cccccc(C=Cc2ccccc2)ccc1C,4,324,0.6612903225806451,0.6612903225806451,0.0003814697265625,
CC1(C)Cc2ccc(C=Cc3ccccc3)cccccc21,2,182,0.6307692307692307,0.6307692307692307,0.00043845176696777344,
CC=Cc1ccccc(C=CC)cccc1,23,696,0.6296296296296297,0.6296296296296297,0.0002875328063964844,
CC(C)=Cc1ccccc(C=Cc2ccccc2)cccc1,3,181,0.6307692307692307,0.6307692307692307,0.00040078163146972656,
C(=Cc1cccccc(C2=C3C=C2C3)ccc1)c1ccccc1,2,138,0.6268656716417911,0.6268656716417911,0.0004897117614746094,
CCCc1cccccc(C=Cc2ccccc2)ccc1C,0,184,0.6307692307692307,0.6307692307692307,0.0003933906555175781,
CC(C)Cc1cccccc(C=Cc2ccccc2)ccc1,9,283,0.65625,0.65625,0.0003972053527832031,
Cc1c2cccccc(C=Cc3ccccc3)cc1CC2,0,154,0.625,0.625,0.00039649009704589844,
C=Cc1cccc(C=Cc2ccccccccc2)c1,0,167,0.6290322580645161,0.6290322580645161,0.0003554821014404297,
C=C(C1=CC1)c1cccccc(C=Cc2ccccc2)ccc1,1,148,0.6268656716417911,0.6268656716417911,0.00045990943908691406,
C#CC(=C)c1ccccccc(C=Cc2ccccc2)cc1,3,146,0.6307692307692307,0.6307692307692307,0.00040602684020996094,
C=Cc1cccc(C=Cc2ccccc2)c1,1,19,0.6481481481481481,0.6481481481481481,0.00027370452880859375,
CCc1ccccccc(C=Cc2ccccc2)cc1,6,346,0.6833333333333333,0.6833333333333333,0.00034809112548828125,
CC(C)=CCc1cccccc(C=Cc2ccccc2)ccc1,0,160,0.6268656716417911,0.6268656716417911,0.000423431396484375,
Cc1ccc(C=Cc2ccccc2)cccccc1C1C#C1,0,184,0.6307692307692307,0.6307692307692307,0.00041556358337402344,
C=C=C=c1cccccc(C=Cc2ccccc2)ccc1=C,1,9,0.6307692307692307,0.6307692307692307,0.00038814544677734375,
C=CC(C=Cc1ccccc1)=Cc1ccccc1,0,8,0.6666666666666666,0.6666666666666666,0.00031447410583496094,
C1=C=c2cc(C=Cc3ccccc3)ccccccc2=1,2,155,0.6451612903225806,0.6451612903225806,0.00037360191345214844,
CCc1ccccccc(C=Cc2ccccc2)cc1C,2,208,0.6349206349206349,0.6349206349206349,0.0003676414489746094,
C=C(C)c1cccccc(C=Cc2ccccc2)ccc1,11,346,0.6885245901639344,0.6885245901639344,0.00038051605224609375,
Cc1ccccc(C=Cc2ccccc2)cccc1C1=CC1,0,184,0.6307692307692307,0.6307692307692307,0.0004222393035888672,
C=C(C=Cc1ccccc1)c1ccccc1,0,16,0.6481481481481481,0.6481481481481481,0.0002999305725097656,
C=C(C)C=Cc1cccccc(C=Cc2ccccc2)ccc1,0,143,0.6268656716417911,0.6268656716417911,0.0004363059997558594,
CC=C(C)Cc1cccccc(C=Cc2ccccc2)ccc1,0,161,0.6268656716417911,0.6268656716417911,0.00041484832763671875,
C=C1c2c3cccccc(C=Cc4ccccc4)cc2C13,0,105,0.6349206349206349,0.6349206349206349,0.0004477500915527344,
C(=Cc1cccccc(C2=C3CC2C3)ccc1)c1ccccc1,1,160,0.6268656716417911,0.6268656716417911,0.0004839897155761719,
C=CCc1ccc(C=Cc2ccccc2)cccccc1C,1,184,0.6307692307692307,0.6307692307692307,0.0004107952117919922,
C(#Cc1ccccc1)C=Cc1ccccc1,0,22,0.6363636363636364,0.6363636363636364,0.0002772808074951172,
CC1=C(Cc2cccccc(C=Cc3ccccc3)ccc2)C1,0,162,0.6268656716417911,0.6268656716417911,0.00043511390686035156,
C#CC(C=Cc1ccccc1)=Cc1ccccc1,1,37,0.6666666666666666,0.6666666666666666,0.0003223419189453125,
C(=Cc1ccccc2c(ccc1)=C1CC=21)c1ccccc1,1,36,0.640625,0.640625,0.00043582916259765625,
CC(C)C=Cc1cccccc(C=Cc2ccccc2)ccc1,0,163,0.6268656716417911,0.6268656716417911,0.00042247772216796875,
CC1c2cccccc(C=Cc3ccccc3)ccc2C1C,2,180,0.6307692307692307,0.6307692307692307,0.0004267692565917969,
C#CC(C)c1cccccc(C=Cc2ccccc2)ccc1,8,240,0.65625,0.65625,0.0003910064697265625,
C=Cc1cccccc(C=C)cc(C=Cc2ccccc2)c1,0,56,0.6307692307692307,0.6307692307692307,0.00039696693420410156,
CCC=C(C)c1cccccc(C=Cc2ccccc2)ccc1,0,163,0.6268656716417911,0.6268656716417911,0.00041937828063964844,
CC(c1cccccc(C=Cc2ccccc2)ccc1)C1C=C1,0,161,0.6268656716417911,0.6268656716417911,0.00044608116149902344,
C=C(C=Cc1ccccc1)C(C)=Cc1ccccc1,1,10,0.6440677966101694,0.6440677966101694,0.0003254413604736328,
C=C1c2cccccc(C=Cc3ccccc3)ccc2C1C,2,176,0.6307692307692307,0.6307692307692307,0.0004215240478515625,
C=C=CCc1cccccc(C=Cc2ccccc2)ccc1,12,249,0.6461538461538462,0.6461538461538462,0.0004031658172607422,
C#Cc1ccccc(C=Cc2ccccc2)cccc1C,9,358,0.6612903225806451,0.6612903225806451,0.0003752708435058594,
CC1=c2ccccc(C=Cc3ccccc3)cccc2=C1,3,137,0.6507936507936508,0.6507936507936508,0.0004024505615234375,
C(=Cc1cccccc2c(cc1)C21CC1)c1ccccc1,14,268,0.6507936507936508,0.6507936507936508,0.0004360675811767578,
C#Cc1cc(C)cccccc(C=Cc2ccccc2)c1,1,208,0.6349206349206349,0.6349206349206349,0.00038433074951171875,
Cc1cc(C=Cc2ccccc2)cccccc2c1C=C2,0,155,0.625,0.625,0.00041604042053222656,
C(=Cc1cccccc2ccc1-2)c1ccccc1,0,166,0.6271186440677966,0.6271186440677966,0.00036072731018066406,
C=C1C2CC12c1cccccc(C=Cc2ccccc2)ccc1,2,144,0.6268656716417911,0.6268656716417911,0.00046372413635253906,
C(=Cc1cccccc2c3c(c1)C3=C2)c1ccccc1,3,228,0.6451612903225806,0.6451612903225806,0.00041484832763671875,
C#CC(=C=C)c1cccccc(C=Cc2ccccc2)ccc1,0,77,0.6268656716417911,0.6268656716417911,0.00043511390686035156,
C#CC=c1ccccc(C=Cc2ccccc2)cccc1=C,0,76,0.6307692307692307,0.6307692307692307,0.0003943443298339844,
CC1C=C1Cc1cccccc(C=Cc2ccccc2)ccc1,0,160,0.6268656716417911,0.6268656716417911,0.0004451274871826172,
CC1c2cc(C=Cc3ccccc3)cccccc3c2C31,0,154,0.625,0.625,0.00040912628173828125,
CC1=c2cc(C=Cc3ccccc3)cccccc3c2=C13,0,14,0.625,0.625,0.00041222572326660156,
C1=CC=c2ccccc(C=Cc3ccccc3)cccc2=1,2,87,0.640625,0.640625,0.00039649009704589844,
Cc1cccc(C=Cc2ccccc2)ccccc1C1=C=C1,2,180,0.6307692307692307,0.6307692307692307,0.00041866302490234375,
Cc1c2ccccc(C=Cc3ccccc3)ccc1-2,2,332,0.6610169491525424,0.6610169491525424,0.0003707408905029297,
C1#CC12c1cccccc(C=Cc3ccccc3)ccc12,10,261,0.6507936507936508,0.6507936507936508,0.00041985511779785156,
C#CC12c3cccccc(C=Cc4ccccc4)cc1c32,1,153,0.625,0.625,0.000431060791015625,
CC1CC(C=Cc2ccccc2)=C1C=Cc1ccccc1,0,0,0.6774193548387096,0.6774193548387096,0.0003972053527832031,
C(=Cc1ccccc1)C1=C(Cc2ccccc2)C1,0,1,0.6271186440677966,0.6271186440677966,0.000331878662109375,
C#CC=C(C)c1cccccc(C=Cc2ccccc2)ccc1,0,123,0.6268656716417911,0.6268656716417911,0.0004241466522216797,
C=C1C(=C)c2cccc(C=Cc3ccccc3)ccccc21,0,78,0.6307692307692307,0.6307692307692307,0.0004334449768066406,
C1#CC1c1cccccccc(C=Cc2ccccc2)c1,0,155,0.625,0.625,0.0004024505615234375,
C=C=Cc1cccccc(C=Cc2ccccc2)cc(C)c1,0,180,0.6307692307692307,0.6307692307692307,0.0003979206085205078,
CC(C)=C1c2cccccc(C=Cc3ccccc3)ccc21,1,179,0.6307692307692307,0.6307692307692307,0.00042366981506347656,
C=CCc1cccccccc(C=Cc2ccccc2)c1,1,153,0.625,0.625,0.0003705024719238281,
C(=Cc1cccccc(C23C4C25CC453)ccc1)c1ccccc1,3,150,0.6268656716417911,0.6268656716417911,0.0005178451538085938,
C(=CC1CCC1C=Cc1ccccc1)c1ccccc1,0,2,0.6451612903225806,0.6451612903225806,0.00036978721618652344,
c1cccccc(C=Cc2ccccc2)ccc#1,1,321,0.7142857142857143,0.7142857142857143,0.0003352165222167969,
C1=C2C=1c1cccc(C=Cc3ccccc3)ccccc12,6,222,0.640625,0.640625,0.0004417896270751953,
CC(C=Cc1ccccc1)CC(C)C=Cc1ccccc1,0,0,0.6349206349206349,0.6349206349206349,0.0003695487976074219,
C=C=C(C)Cc1cccccc(C=Cc2ccccc2)ccc1,0,160,0.6268656716417911,0.6268656716417911,0.0004222393035888672,
C(=Cc1ccccc2c3c(c=2c1)C3)c1ccccc1,1,126,0.6229508196721312,0.6229508196721312,0.0003952980041503906,
C=c1cccc(C=Cc2ccccc2)ccccc1=C=CC,0,96,0.6307692307692307,0.6307692307692307,0.0003917217254638672,
C=Cc1c#cccc(C=Cc2ccccc2)cccc1,0,130,0.6290322580645161,0.6290322580645161,0.00036025047302246094,
Cc1ccccc(C=Cc2ccccc2)cccc1C,8,362,0.6949152542372882,0.6949152542372882,0.0003612041473388672,
CC1c2cccccc(C=Cc3ccccc3)cc1c2,9,345,0.6557377049180327,0.6557377049180327,0.000396728515625,
C=C(C=Cc1ccccc1)CCCC=Cc1ccccc1,0,0,0.625,0.625,0.0003688335418701172,
CC=C(C)c1ccccc(C=Cc2ccccc2)cccc1,10,197,0.6307692307692307,0.6307692307692307,0.0004112720489501953,
C(=Cc1ccccc1)c1ccccc1,0,0,1.0,1.0,0.0002422332763671875,
CC1=Cc2ccccccc(C=Cc3ccccc3)cc21,1,154,0.625,0.625,0.00039887428283691406,
C(=Cc1ccccc1)CCCC=Cc1ccccc1,2,22,0.6779661016949152,0.6779661016949152,0.00033020973205566406,
CC1C2C1C2(C=Cc1ccccc1)C=Cc1ccccc1,0,0,0.6349206349206349,0.6349206349206349,0.00038909912109375,
C=CC(=C)c1ccccccc(C=Cc2ccccc2)cc1,3,121,0.6307692307692307,0.6307692307692307,0.00040721893310546875,
C=CC(=C)c1ccccc(C=Cc2ccccc2)cccc1,0,145,0.6307692307692307,0.6307692307692307,0.0003955364227294922,
Cc1ccc(C=Cc2ccccc2)cc1,0,0,0.6226415094339622,0.6226415094339622,0.0002624988555908203,
CC1=C(C)c2ccc(C=Cc3ccccc3)cccccc21,0,178,0.6307692307692307,0.6307692307692307,0.0004229545593261719,
C#Cc1ccccc(C=Cc2ccccc2)cccc1C=C,1,165,0.6307692307692307,0.6307692307692307,0.0003993511199951172,
C(=Cc1ccccc2c(ccc1)C=C2)c1ccccc1,3,301,0.6721311475409836,0.6721311475409836,0.00040030479431152344,
Cc1ccc(C=Cc2ccccc2)cccccc1C1=C=C1,1,178,0.6307692307692307,0.6307692307692307,0.0004267692565917969,
CCCC(C=Cc1ccccc1)CC=Cc1ccccc1,0,0,0.625,0.625,0.0003685951232910156,
C(=Cc1ccccc1)CCc1ccccc1,0,26,0.6363636363636364,0.6363636363636364,0.00027489662170410156,
C(C=Cc1ccccc1)=Cc1ccccc1,3,41,0.8,0.8,0.0002722740173339844,
C#Cc1ccccc(C=Cc2ccccc2)cccc1CC,4,173,0.6307692307692307,0.6307692307692307,0.00038909912109375,
C#Cc1c2cccccc(C=Cc3ccccc3)cc1C2,0,150,0.625,0.625,0.00040435791015625,
Cc1cccccc(C=Cc2ccccc2)cc(C)c1C,0,247,0.6451612903225806,0.6451612903225806,0.0003743171691894531,
CC1=CC1=Cc1ccccccc(C=Cc2ccccc2)cc1,1,160,0.6268656716417911,0.6268656716417911,0.0004413127899169922,
C=C1CC(c2cccccc(C=Cc3ccccc3)ccc2)C1,1,159,0.6268656716417911,0.6268656716417911,0.0004315376281738281,
C(=Cc1cccccc2c(cc1)C1=CC12)c1ccccc1,12,218,0.640625,0.640625,0.000446319580078125,
C(=Cc1cccccc(C23C4=C2C43)ccc1)c1ccccc1,3,167,0.65625,0.65625,0.00045609474182128906,
CC1(CC=Cc2ccccc2)CC1C=Cc1ccccc1,0,0,0.625,0.625,0.0003993511199951172,
CCCc1cccc(C=Cc2ccccc2)ccccc1C,1,176,0.6307692307692307,0.6307692307692307,0.0003948211669921875,
CC1c2ccccccc(C=Cc3ccccc3)cc21,3,324,0.6557377049180327,0.6557377049180327,0.0003745555877685547,
C1=CC(c2cccccc(C=Cc3ccccc3)ccc2)C=1,9,197,0.6461538461538462,0.6461538461538462,0.0004372596740722656,
C#Cc1ccc(C=Cc2ccccc2)cccccc1C,7,335,0.6612903225806451,0.6612903225806451,0.0003635883331298828,
Cc1ccccc(C=Cc2ccccc2)cccc1C1C#C1,0,180,0.6307692307692307,0.6307692307692307,0.0004267692565917969,
CCc1cccccc(C=Cc2ccccc2)ccc1,3,358,0.711864406779661,0.711864406779661,0.00034880638122558594,
C=C(CC)Cc1cccccc(C=Cc2ccccc2)ccc1,2,160,0.6268656716417911,0.6268656716417911,0.0004150867462158203,
C(=Cc1ccccc2c(ccc1)C1CC21)c1ccccc1,17,213,0.640625,0.640625,0.00044083595275878906,
C#CC(=CC)c1cccccc(C=Cc2ccccc2)ccc1,2,134,0.6268656716417911,0.6268656716417911,0.0004298686981201172,
C1#Cc2cc(C=Cc3ccccc3)ccccccc21,1,244,0.6451612903225806,0.6451612903225806,0.00037217140197753906,
C(=Cc1ccccccc(C2CCC2)cc1)c1ccccc1,0,0,0.6212121212121212,0.6212121212121212,0.00042438507080078125,
CC=C1c2ccccccc(C=Cc3ccccc3)cc21,0,153,0.625,0.625,0.0004119873046875,
C(=Cc1ccccc2c(ccc1)C21CC1)c1ccccc1,4,208,0.6507936507936508,0.6507936507936508,0.00042057037353515625,
CC1CC(c2cccccc(C=Cc3ccccc3)ccc2)C1,0,159,0.6268656716417911,0.6268656716417911,0.0004558563232421875,
C#CCCc1cccccc(C=Cc2ccccc2)ccc1,17,245,0.6461538461538462,0.6461538461538462,0.00039196014404296875,
C(=Cc1ccccc2c3c-2c(c1)C3)c1ccccc1,0,153,0.6229508196721312,0.6229508196721312,0.0003936290740966797,
CCCc1cccccc(C=Cc2ccccc2)ccc1,11,355,0.6774193548387096,0.6774193548387096,0.0003762245178222656,
C=C=c1c2cccccc(C=Cc3ccccc3)cc1c2,0,87,0.625,0.625,0.0004317760467529297,
C=c1cccccc(C=Cc2ccccc2)ccc1=CCC,5,153,0.6307692307692307,0.6307692307692307,0.0003914833068847656,
C1#Cc2ccccc(C=Cc3ccccc3)cccc2C1,5,227,0.640625,0.640625,0.00040268898010253906,
CC(C=CC=Cc1ccccc1)=Cc1ccccc1,0,1,0.6333333333333333,0.6333333333333333,0.0003275871276855469,
C=c1c2cc(C=Cc3ccccc3)cccccc1=CC2,0,63,0.625,0.625,0.0004088878631591797,
C=Cc1ccccc(C=CC2=C=C2)cccc1,10,436,0.625,0.625,0.0003230571746826172,
C(=Cc1cccccc2c3c(c1)C3C2)c1ccccc1,1,203,0.6451612903225806,0.6451612903225806,0.0004074573516845703,
C(=Cc1ccccccc(C=C2CC2)cc1)c1ccccc1,11,172,0.6461538461538462,0.6461538461538462,0.00044417381286621094,
C=c1c2cccccc(C=Cc3ccccc3)cc1c2C,3,203,0.6349206349206349,0.6349206349206349,0.0004467964172363281,
C=C=C=c1cccc(C=Cc2ccccc2)ccccc1=C,0,1,0.6307692307692307,0.6307692307692307,0.0003902912139892578,
CCC(C)Cc1cccccc(C=Cc2ccccc2)ccc1,0,162,0.6268656716417911,0.6268656716417911,0.00041747093200683594,
c1ccccc(C=Cc2ccccc2)cccc#1,4,311,0.7142857142857143,0.7142857142857143,0.00032019615173339844,
C=c1cccccc(C=Cc2ccccc2)ccc1=C1C=C1,0,52,0.6307692307692307,0.6307692307692307,0.000408172607421875,
C(=Cc1cccccc2cc-2c1)c1ccccc1,7,354,0.7142857142857143,0.7142857142857143,0.00034880638122558594,
C1#CC1Cc1cccccc(C=Cc2ccccc2)ccc1,12,246,0.6461538461538462,0.6461538461538462,0.00041747093200683594,
CC1C2=CC21c1cccccc(C=Cc2ccccc2)ccc1,1,153,0.6268656716417911,0.6268656716417911,0.00044655799865722656,
CCC1c2cccccc(C=Cc3ccccc3)ccc21,8,303,0.6507936507936508,0.6507936507936508,0.00039005279541015625,
C#CC(=C)c1ccccc(C=Cc2ccccc2)cccc1,2,120,0.6307692307692307,0.6307692307692307,0.00040340423583984375,
C(=Cc1cc2cccccc-2c1)c1ccccc1,2,246,0.6842105263157895,0.6842105263157895,0.0003654956817626953,
C=CCc1ccccc(C=Cc2ccccc2)cccc1C,0,177,0.6307692307692307,0.6307692307692307,0.00040149688720703125,
CC=C1c2ccccc(C=Cc3ccccc3)cccc21,4,276,0.6507936507936508,0.6507936507936508,0.0004107952117919922,
CC=C=C(C)c1cccccc(C=Cc2ccccc2)ccc1,1,160,0.6268656716417911,0.6268656716417911,0.00041985511779785156,
CC(C)C1c2ccccc(C=Cc3ccccc3)cccc21,3,173,0.6307692307692307,0.6307692307692307,0.0004169940948486328,
Cc1ccccc(C=Cc2ccccc2)cccc1C1=C=C1,1,176,0.6307692307692307,0.6307692307692307,0.0004317760467529297,
C=C=Cc1ccccc(C=Cc2ccccc2)cccc1C,2,175,0.6307692307692307,0.6307692307692307,0.0003876686096191406,
C(=Cc1cccccccc(C2=CC2)c1)c1ccccc1,0,153,0.625,0.625,0.0004048347473144531,
Cc1cccccc(C=Cc2ccccc2)cc2c1C=C2,0,154,0.625,0.625,0.0004048347473144531,
C(=Cc1cccccc(C23C4=C2C3C4)ccc1)c1ccccc1,2,142,0.6268656716417911,0.6268656716417911,0.0004982948303222656,
C1=CC=1Cc1cccccc(C=Cc2ccccc2)ccc1,15,242,0.6461538461538462,0.6461538461538462,0.0004248619079589844,
Cc1cccc(C=Cc2ccccc2)c1,0,11,0.6538461538461539,0.6538461538461539,0.0002651214599609375,
Cc1cccccc(C=Cc2ccccc2)cc2c1=CC=2,0,107,0.625,0.625,0.0004019737243652344,
C=C1c2ccccc(C=Cc3ccccc3)cccc21,6,306,0.6833333333333333,0.6833333333333333,0.00038814544677734375,
C=C1CC1=Cc1ccccccc(C=Cc2ccccc2)cc1,1,93,0.6268656716417911,0.6268656716417911,0.00045180320739746094,
C=C=C(C)c1cccccc(C=Cc2ccccc2)ccc1,10,291,0.65625,0.65625,0.00039958953857421875,
CC12CC1C2c1cccccc(C=Cc2ccccc2)ccc1,0,155,0.6268656716417911,0.6268656716417911,0.00045371055603027344,
C=C=Cc1c2cccccc(C=Cc3ccccc3)cc1-2,0,150,0.625,0.625,0.0004150867462158203,
C=C1CC1(C)c1cccccc(C=Cc2ccccc2)ccc1,2,185,0.6363636363636364,0.6363636363636364,0.00044345855712890625,
Cc1ccccc(C=Cc2ccccc2)cccc1C1CC1,1,172,0.6307692307692307,0.6307692307692307,0.0004229545593261719,
C1#Cc2cccc(C=Cc3ccccc3)ccccc2C1,7,223,0.640625,0.640625,0.0004069805145263672,
C=Cc1ccccc(C=Cc2ccccc2)cccc1C,14,358,0.6612903225806451,0.6612903225806451,0.0003788471221923828,
CC(C=Cc1ccccc1)=Cc1ccccc1,5,60,0.7037037037037037,0.7037037037037037,0.0003037452697753906,
C#CC=c1cccc(C=Cc2ccccc2)ccccc1=C,1,77,0.6307692307692307,0.6307692307692307,0.0003962516784667969,
CC1=c2ccc(C=Cc3ccccc3)cccccc2=C1,6,136,0.6507936507936508,0.6507936507936508,0.0004093647003173828,
CC1C(C)C1c1cccccc(C=Cc2ccccc2)ccc1,1,151,0.6363636363636364,0.6363636363636364,0.0004425048828125,
CC=C(C)c1cccccc(C=Cc2ccccc2)ccc1,14,322,0.65625,0.65625,0.0003943443298339844,
CC1=Cc2cc(C=Cc3ccccc3)ccccccc21,0,155,0.625,0.625,0.0004057884216308594,
CC1C2=C1C2c1cccccc(C=Cc2ccccc2)ccc1,0,153,0.6268656716417911,0.6268656716417911,0.0004458427429199219,
CC1(c2cccccc(C=Cc3ccccc3)ccc2)CC1,13,297,0.65625,0.65625,0.0004353523254394531,
C(C=Cc1ccccc1)=Cc1ccccccccc1,4,254,0.6451612903225806,0.6451612903225806,0.00037789344787597656,
CC=c1cc(C=Cc2ccccc2)cccccc2c1=C2,1,114,0.625,0.625,0.0003886222839355469,
C=C1C2=C(c3cccccc(C=Cc4ccccc4)ccc3)C12,0,106,0.6268656716417911,0.6268656716417911,0.00046372413635253906,
C=C1C=C1c1ccccc(C=Cc2ccccc2)cccc1,4,158,0.6307692307692307,0.6307692307692307,0.0004162788391113281,
CCc1ccccc(C=Cc2ccccc2)cccc1,10,368,0.6833333333333333,0.6833333333333333,0.0003571510314941406,
C=C=C=Cc1ccccccc(C=Cc2ccccc2)cc1,11,131,0.6461538461538462,0.6461538461538462,0.0004024505615234375,
CC=Cc1ccccc(C=Cc2ccccc2)cccc1,28,328,0.6507936507936508,0.6507936507936508,0.00038743019104003906,
C=c1ccc(C=Cc2ccccc2)cccccc1=C=CC,1,108,0.6307692307692307,0.6307692307692307,0.000408172607421875,
CC12Cc3cc(C=Cc4ccccc4)cccccc1c32,0,155,0.625,0.625,0.0004286766052246094,
Cc1c2cccccc(C=Cc3ccccc3)cc1C=C2,0,155,0.625,0.625,0.00041794776916503906,
CC1C=C(c2cccccc(C=Cc3ccccc3)ccc2)C1,0,160,0.6268656716417911,0.6268656716417911,0.0004425048828125,
C#CC1(c2cccccc(C=Cc3ccccc3)ccc2)C=C1,2,134,0.6268656716417911,0.6268656716417911,0.0004432201385498047,
C=C=c1cc(C=Cc2ccccc2)ccccccc1=C,1,121,0.6349206349206349,0.6349206349206349,0.0003724098205566406,
CC#Cc1ccccccc(C=Cc2ccccc2)cc1,12,299,0.6507936507936508,0.6507936507936508,0.0003714561462402344,
C=CC(=C)c1cccccc(C=Cc2ccccc2)ccc1,4,199,0.65625,0.65625,0.0004017353057861328,
CC=c1ccccc(C=Cc2ccccc2)cccc1=CC,0,136,0.6307692307692307,0.6307692307692307,0.00040984153747558594,
C(=Cc1cccccc(C23CC(C2)C3)ccc1)c1ccccc1,0,159,0.6268656716417911,0.6268656716417911,0.0004906654357910156,
CC1(C)c2ccccccc(C=Cc3ccccc3)cc21,2,208,0.6349206349206349,0.6349206349206349,0.00040793418884277344,
CC=Cc1ccccccc(C=Cc2ccccc2)cc1,13,321,0.6774193548387096,0.6774193548387096,0.0003848075866699219,
C(=Cc1cccccccc(C2CC2)c1)c1ccccc1,0,156,0.625,0.625,0.0004050731658935547,
Cc1cccccc(C)cc(C=Cc2ccccc2)c1,0,218,0.639344262295082,0.639344262295082,0.00036025047302246094,
Cc1ccc(C=Cc2ccccc2)cccccc1C(C)C,5,223,0.640625,0.640625,0.00038933753967285156,
C=C1Cc2ccc(C=Cc3ccccc3)cccccc21,14,287,0.6507936507936508,0.6507936507936508,0.0004220008850097656,
C=C(C)Cc1cccccc(C=Cc2ccccc2)ccc1,14,326,0.65625,0.65625,0.00039696693420410156,
C(=Cc1cccccc(CC23C4C2C43)ccc1)c1ccccc1,0,119,0.6268656716417911,0.6268656716417911,0.0004782676696777344,
C(=CC1(C=Cc2ccccc2)CC1)c1ccccc1,3,35,0.6896551724137931,0.6896551724137931,0.00034928321838378906,
C=Cc1c#ccc(C=Cc2ccccc2)ccccc1,3,197,0.6557377049180327,0.6557377049180327,0.00037360191345214844,
Cc1cccc(C=Cc2ccccc2)ccccc1C1=CC1,3,179,0.6307692307692307,0.6307692307692307,0.00043654441833496094,
CCC(C=Cc1ccccc1)CCC=Cc1ccccc1,0,0,0.625,0.625,0.0003666877746582031,
C=c1ccccccc(C=Cc2ccccc2)cc1=C,3,193,0.6666666666666666,0.6666666666666666,0.00035834312438964844,
C=c1cccc(C=Cc2ccccc2)ccccc1=C1C=C1,2,68,0.6307692307692307,0.6307692307692307,0.0004153251647949219,
C(=Cc1cccccc(C2=C3C=C32)ccc1)c1ccccc1,8,138,0.6461538461538462,0.6461538461538462,0.0004470348358154297,
CC1=C=C1c1cccccc(C=Cc2ccccc2)ccc1,13,317,0.65625,0.65625,0.0004355907440185547,
Cc1cc(C=Cc2ccccc2)cccccc2c1CC2,0,154,0.625,0.625,0.00039839744567871094,
C(=Cc1cccccc(C2C34CC23C4)ccc1)c1ccccc1,1,89,0.6268656716417911,0.6268656716417911,0.0004911422729492188,
C1#CC1c1c#ccc(C=Cc2ccccc2)ccccc1,0,138,0.625,0.625,0.0004115104675292969,
C(=Cc1cccccc(C2C3=CC32)ccc1)c1ccccc1,18,246,0.6461538461538462,0.6461538461538462,0.0004642009735107422,
CC1CC1c1cccccc(C=Cc2ccccc2)ccc1,14,304,0.65625,0.65625,0.0004329681396484375,
C=Cc1cccccc(C=Cc2ccccc2)ccc1C,14,342,0.6612903225806451,0.6612903225806451,0.00038909912109375,
C#CC1(c2cccccc(C=Cc3ccccc3)ccc2)CC1,0,96,0.6268656716417911,0.6268656716417911,0.0004444122314453125,
C#Cc1cccccc(C=Cc2ccccc2)cc(C)c1,0,209,0.6349206349206349,0.6349206349206349,0.00037026405334472656,
C=c1cccc(C=Cc2ccccc2)ccccc1=C1CC1,0,5,0.6307692307692307,0.6307692307692307,0.00040340423583984375,
CC1(C=Cc2ccccc2)CC1C=Cc1ccccc1,1,23,0.6557377049180327,0.6557377049180327,0.0003592967987060547,
C=C1C=C1c1ccccccc(C=Cc2ccccc2)cc1,1,151,0.6307692307692307,0.6307692307692307,0.00042319297790527344,
C(=Cc1ccccc2c(ccc1)C21C=C1)c1ccccc1,17,280,0.6507936507936508,0.6507936507936508,0.0004363059997558594,
CC1=C(C)C1c1cccccc(C=Cc2ccccc2)ccc1,3,213,0.6363636363636364,0.6363636363636364,0.00042819976806640625,
C1=CC=c2cccccc(C=Cc3ccccc3)ccc2=1,1,68,0.640625,0.640625,0.000396728515625,
CCc1c2ccccc(C=Cc3ccccc3)ccc1-2,0,167,0.6290322580645161,0.6290322580645161,0.0003752708435058594,
C#Cc1cccccc(C=Cc2ccccc2)ccc1C#C,2,174,0.6307692307692307,0.6307692307692307,0.0004019737243652344,
CC1CC1c1ccccc(C=Cc2ccccc2)cccc1,8,178,0.6307692307692307,0.6307692307692307,0.000438690185546875,
Cc1cccccc(C=Cc2ccccc2)cc2c1C2C,4,205,0.6349206349206349,0.6349206349206349,0.0003876686096191406,
C=C=c1cccccc(C=Cc2ccccc2)ccc1=CC,1,41,0.6307692307692307,0.6307692307692307,0.0003917217254638672,
CC1(C)c2cccccc(C=Cc3ccccc3)ccc21,8,335,0.6612903225806451,0.6612903225806451,0.0004143714904785156,
C=CC=c1ccc(C=Cc2ccccc2)cccccc1=C,2,95,0.6307692307692307,0.6307692307692307,0.0003898143768310547,
CC1C=C1c1ccccccc(C=Cc2ccccc2)cc1,0,179,0.6307692307692307,0.6307692307692307,0.00041556358337402344,
C1#CC(c2ccccc(C=Cc3ccccc3)cccc2)C1,0,0,0.6212121212121212,0.6212121212121212,0.00042319297790527344,
CC(C=Cc1ccccc1)C=Cc1ccccc1,0,16,0.7272727272727273,0.7272727272727273,0.00031280517578125,
C(=Cc1cccc2cc(ccc1)C2)c1ccccc1,0,202,0.6333333333333333,0.6333333333333333,0.0003871917724609375,
CCC1(C)c2cccccc(C=Cc3ccccc3)ccc21,2,174,0.6307692307692307,0.6307692307692307,0.00043511390686035156,
CCC=Cc1cccccc(C=Cc2ccccc2)ccc1,11,271,0.6461538461538462,0.6461538461538462,0.00039386749267578125,
CC1=CC1c1ccccccc(C=Cc2ccccc2)cc1,0,175,0.6307692307692307,0.6307692307692307,0.0004127025604248047,
C=CC(C)=Cc1ccccccc(C=Cc2ccccc2)cc1,0,145,0.6268656716417911,0.6268656716417911,0.00041961669921875,
C=Cc1ccc(C=Cc2ccccc2)cccccc1CC,4,171,0.6307692307692307,0.6307692307692307,0.00039887428283691406,
Cc1cccc(C=Cc2ccccccccc2)c1,0,203,0.6333333333333333,0.6333333333333333,0.0003447532653808594,
C=c1cccc(C=Cc2ccccc2)ccccc1=C1C#C1,1,73,0.6307692307692307,0.6307692307692307,0.0004355907440185547,
C=C=Cc1cccccc(C=Cc2ccccc2)ccc1C,1,173,0.6307692307692307,0.6307692307692307,0.00040149688720703125,
C(=Cc1cccccc(C=C2CC2)ccc1)c1ccccc1,4,174,0.6461538461538462,0.6461538461538462,0.0004208087921142578,
c1ccccccc(C=Cc2ccccc2)cc#1,4,314,0.6551724137931034,0.6551724137931034,0.0003287792205810547,
Cc1c2cccc(C=Cc3ccccc3)cccc1-2,0,202,0.6333333333333333,0.6333333333333333,0.00036597251892089844,
C(=Cc1ccccc1)Cc1ccccc1,3,49,0.6730769230769231,0.6730769230769231,0.0002605915069580078,
CC#Cc1c#ccc(C=Cc2ccccc2)ccccc1,1,145,0.625,0.625,0.00037670135498046875,
C=C(C)c1cccccc(C=Cc2ccccc2)ccc1C,6,230,0.640625,0.640625,0.00040149688720703125,
Cc1c#ccccccc(C=Cc2ccccc2)c1,0,202,0.6333333333333333,0.6333333333333333,0.0003476142883300781,
CC1CC1(C)c1cccccc(C=Cc2ccccc2)ccc1,2,215,0.6363636363636364,0.6363636363636364,0.0004324913024902344,
C=c1cc(C=Cc2ccccc2)cccccc2c1=C2,3,148,0.6557377049180327,0.6557377049180327,0.00038886070251464844,
C=c1cc(C=Cc2ccccc2)cccccc2c1=C2C,0,99,0.6349206349206349,0.6349206349206349,0.00041174888610839844,
C=C1CC1Cc1cccccc(C=Cc2ccccc2)ccc1,1,158,0.6268656716417911,0.6268656716417911,0.00043082237243652344,
C=C=c1ccccc(C=Cc2ccccc2)cccc1=CC,0,68,0.6307692307692307,0.6307692307692307,0.00039505958557128906,
C(=Cc1cccccc2c3c(c1)=CC=32)c1ccccc1,1,102,0.6451612903225806,0.6451612903225806,0.0004124641418457031,
CC(C)=C(C=Cc1ccccc1)C=Cc1ccccc1,0,5,0.6666666666666666,0.6666666666666666,0.00034308433532714844,
CC1Cc2cc(C=Cc3ccccc3)ccccccc21,0,156,0.625,0.625,0.0003960132598876953,
C=C1C=C1c1cccccc(C=Cc2ccccc2)ccc1,6,185,0.65625,0.65625,0.000423431396484375,
Cc1cccccc(C=Cc2ccccc2)cc2c1C2,5,318,0.6557377049180327,0.6557377049180327,0.0003821849822998047,
C#CC1c2ccccccc(C=Cc3ccccc3)cc21,1,153,0.625,0.625,0.0003902912139892578,
CC(C)=Cc1cccccc(C=Cc2ccccc2)ccc1,11,338,0.65625,0.65625,0.00040268898010253906,
C=c1ccccc(C=Cc2ccccc2)cccc1=C,5,192,0.6949152542372882,0.6949152542372882,0.0003666877746582031,
C1=C2C=1C2c1cccccc(C=Cc2ccccc2)ccc1,4,177,0.6461538461538462,0.6461538461538462,0.0004456043243408203,
CC1CC1(C=Cc1ccccc1)C=Cc1ccccc1,3,28,0.6666666666666666,0.6666666666666666,0.00035071372985839844,
CC=Cc1cccc(C=Cc2ccccc2)ccccc1C,6,177,0.6307692307692307,0.6307692307692307,0.00040721893310546875,
CC1(C)c2cccccc(C=Cc3ccccc3)cc1c2,8,218,0.6349206349206349,0.6349206349206349,0.00043654441833496094,
CC=Cc1cccccc(C=Cc2ccccc2)cc(C)c1,4,179,0.6307692307692307,0.6307692307692307,0.00038933753967285156,
C=C=c1cccc(C=Cc2ccccc2)ccccc1=CC,0,67,0.6307692307692307,0.6307692307692307,0.0003991127014160156,
C(=Cc1ccccc2c3c(c1)c23)c1ccccc1,0,241,0.6666666666666666,0.6666666666666666,0.0004050731658935547,
C#Cc1c#cccc(C=Cc2ccccc2)cccc1,1,145,0.6290322580645161,0.6290322580645161,0.00035858154296875,
C=C=C(C)c1ccccc(C=Cc2ccccc2)cccc1,0,169,0.6307692307692307,0.6307692307692307,0.0004096031188964844,
CC(=Cc1ccccc1)CC=Cc1ccccc1,3,45,0.6666666666666666,0.6666666666666666,0.0003066062927246094,
CCC(C)c1cccccc(C=Cc2ccccc2)ccc1,16,337,0.65625,0.65625,0.00040030479431152344,
C=C1Cc2ccccccc(C=Cc3ccccc3)cc21,1,153,0.625,0.625,0.0004017353057861328,
CC(=C1C#C1)c1cccccc(C=Cc2ccccc2)ccc1,1,156,0.6268656716417911,0.6268656716417911,0.00044417381286621094,
c1cc(C=Cc2ccccc2)cccccc(C2C=C2)c#1,1,151,0.625,0.625,0.00041413307189941406,
CC1Cc2ccccc(C=Cc3ccccc3)cccc21,8,304,0.6507936507936508,0.6507936507936508,0.0003979206085205078,
C=Cc1ccccc(C=Cc2ccccc2)cccc1,10,373,0.6833333333333333,0.6833333333333333,0.00035452842712402344,
C=C1C=C(c2cccccc(C=Cc3ccccc3)ccc2)C1,1,151,0.6268656716417911,0.6268656716417911,0.0004477500915527344,
C#Cc1cccccc(C=Cc2ccccc2)ccc1CC,3,166,0.6307692307692307,0.6307692307692307,0.0004010200500488281,
C=C=c1cccccc(C=Cc2ccccc2)ccc1=C,1,81,0.6612903225806451,0.6612903225806451,0.0003807544708251953,
C#CC(C)Cc1cccccc(C=Cc2ccccc2)ccc1,0,160,0.6268656716417911,0.6268656716417911,0.00041866302490234375,
Cc1cc2cc(C=Cc3ccccc3)ccccc1=2,1,136,0.6333333333333333,0.6333333333333333,0.00037097930908203125,
C=C=C1c2ccccc(C=Cc3ccccc3)cccc21,10,278,0.6507936507936508,0.6507936507936508,0.0004100799560546875,
C=c1ccc(C=Cc2ccccc2)ccccc2c1=C2,0,72,0.6290322580645161,0.6290322580645161,0.00038814544677734375,
Cc1cccc(C=Cc2ccccc2)ccccc1C1CC1,1,177,0.6307692307692307,0.6307692307692307,0.0004291534423828125,
CCCc1c#ccc(C=Cc2ccccc2)ccccc1,0,154,0.625,0.625,0.0003871917724609375,
CC1=c2cccccc(C=Cc3ccccc3)ccc2=C1,6,112,0.6507936507936508,0.6507936507936508,0.0004055500030517578,
Cc1cccccc(C=Cc2ccccc2)cc2c1C#C2,0,154,0.625,0.625,0.00040650367736816406,
C=c1ccccc(C=Cc2ccccc2)ccc2c1=C2,0,107,0.6290322580645161,0.6290322580645161,0.0003917217254638672,
CC=C=Cc1ccccccc(C=Cc2ccccc2)cc1,8,262,0.6461538461538462,0.6461538461538462,0.0004019737243652344,
C#CC(C)=Cc1ccccccc(C=Cc2ccccc2)cc1,0,144,0.6268656716417911,0.6268656716417911,0.0004112720489501953,
C(=Cc1ccccc1)C(=Cc1ccccc1)C1=CC1,2,13,0.6333333333333333,0.6333333333333333,0.00035834312438964844,
C=C1C(C)=C1c1cccccc(C=Cc2ccccc2)ccc1,0,126,0.6363636363636364,0.6363636363636364,0.00043654441833496094,
CC(C)C#Cc1cccccc(C=Cc2ccccc2)ccc1,1,158,0.6268656716417911,0.6268656716417911,0.0004096031188964844,
CC=CC(C=Cc1ccccc1)=Cc1ccccc1,0,2,0.6333333333333333,0.6333333333333333,0.0003364086151123047,
C(=Cc1ccccc2c(ccc1)=CC=2)c1ccccc1,1,146,0.6721311475409836,0.6721311475409836,0.00040149688720703125,
Cc1cc(C=Cc2ccccc2)cccccc2c1=CC=2,0,114,0.625,0.625,0.0003986358642578125,
C1=C=c2cccc(C=Cc3ccccc3)ccccc2=1,2,178,0.6721311475409836,0.6721311475409836,0.0003941059112548828,
C(=Cc1ccc2cccccc1-2)c1ccccc1,0,166,0.6271186440677966,0.6271186440677966,0.00036215782165527344,
Cc1c2cccccc(C=Cc3ccccc3)cc1C#C2,0,155,0.625,0.625,0.00040721893310546875,
CC1(Cc2cccccc(C=Cc3ccccc3)ccc2)C#C1,0,155,0.6268656716417911,0.6268656716417911,0.0004296302795410156,
C=C1C(=C)C1c1cccccc(C=Cc2ccccc2)ccc1,0,33,0.6363636363636364,0.6363636363636364,0.0004286766052246094,
C(=CC1CC1C=Cc1ccccc1)c1ccccc1,2,21,0.6779661016949152,0.6779661016949152,0.00034737586975097656,
C(=Cc1ccccc2c(ccc1)C1=CC12)c1ccccc1,8,231,0.640625,0.640625,0.00043654441833496094,
Cc1cccccc(C=Cc2ccccc2)ccc1C(C)C,3,235,0.640625,0.640625,0.0003833770751953125,
C#CC(=Cc1ccccc1)CC=Cc1ccccc1,0,2,0.6333333333333333,0.6333333333333333,0.0003330707550048828,
CCc1cccccc(C=Cc2ccccc2)ccc1C,3,348,0.6612903225806451,0.6612903225806451,0.00037169456481933594,
CC(=C1CC1)c1cccccc(C=Cc2ccccc2)ccc1,0,129,0.6268656716417911,0.6268656716417911,0.000453948974609375,
C#CC=c1cccccc(C=Cc2ccccc2)ccc1=C,0,133,0.6307692307692307,0.6307692307692307,0.0003936290740966797,
C1=Cc2ccccc(C=Cc3ccccc3)cccc2C1,11,226,0.640625,0.640625,0.00042819976806640625,
Cc1cccccc(C=Cc2ccccc2)cc2c1=C=C=2,0,80,0.625,0.625,0.0003952980041503906,
C(=CC1(C=Cc2ccccc2)C2CC21)c1ccccc1,4,12,0.6557377049180327,0.6557377049180327,0.0003914833068847656,
Cc1ccccc(C=Cc2ccccc2)ccc2c1C2,0,167,0.6290322580645161,0.6290322580645161,0.0003752708435058594,
CC(C)C(C)c1cccccc(C=Cc2ccccc2)ccc1,2,214,0.6363636363636364,0.6363636363636364,0.0004146099090576172,
CC1=Cc2cccccc(C=Cc3ccccc3)cc1c2,0,157,0.625,0.625,0.00040841102600097656,
C=Cc1ccccc(C=Cc2ccccc2)ccc(C)c1,1,212,0.6349206349206349,0.6349206349206349,0.00037360191345214844,
CC12Cc3c1cccccc(C=Cc1ccccc1)cc32,0,155,0.625,0.625,0.0004305839538574219,
C1#CC(c2cccccc(C=Cc3ccccc3)ccc2)=C1,11,262,0.6461538461538462,0.6461538461538462,0.00043129920959472656,
CCC(C=Cc1ccccc1)=CCC=Cc1ccccc1,0,0,0.625,0.625,0.0003674030303955078,
C=C(C)Cc1ccccc(C=Cc2ccccc2)cccc1,0,168,0.6307692307692307,0.6307692307692307,0.0003955364227294922,
C=c1cccc(C=Cc2ccccc2)ccccc1=CC,0,184,0.6612903225806451,0.6612903225806451,0.0003724098205566406,
C(=Cc1ccccc(C2=CC2)cccc1)c1ccccc1,13,320,0.6507936507936508,0.6507936507936508,0.0004074573516845703,
C=c1ccccccc(C=Cc2ccccc2)cc1=CC,0,164,0.6349206349206349,0.6349206349206349,0.0003745555877685547,
CC=CCc1cccccc(C=Cc2ccccc2)ccc1,7,262,0.6461538461538462,0.6461538461538462,0.0003910064697265625,
C=c1cccccc(C=Cc2ccccc2)cc2c1=C2C,0,107,0.6349206349206349,0.6349206349206349,0.0004029273986816406,
C=CC=c1cccccc(C=Cc2ccccc2)ccc1=C,2,103,0.6307692307692307,0.6307692307692307,0.00039386749267578125,
C#Cc1cc(C=Cc2ccccc2)cccccc2c1C2,0,148,0.625,0.625,0.0003979206085205078,
C=Cc1cccccc(C=Cc2ccccc2)cc(CC)c1,0,170,0.6307692307692307,0.6307692307692307,0.0003998279571533203,
C=Cc1ccccccc(C=Cc2ccccc2)cc1,7,355,0.711864406779661,0.711864406779661,0.0003631114959716797,
C=Cc1cccccc(C=Cc2ccccc2)ccc1,16,354,0.711864406779661,0.711864406779661,0.00036144256591796875,
C(=Cc1cccccc(C2C3CC2C3)ccc1)c1ccccc1,2,160,0.6268656716417911,0.6268656716417911,0.00047898292541503906,
C1#Cc2cccc(C=Cc3ccccc3)ccccc21,3,318,0.6721311475409836,0.6721311475409836,0.00040411949157714844,
C=c1cccccc(C=Cc2ccccc2)ccc1=C,4,189,0.6949152542372882,0.6949152542372882,0.0003566741943359375,
CC=Cc1ccc(C=Cc2ccccc2)cccccc1C,2,169,0.6307692307692307,0.6307692307692307,0.0004096031188964844,
CC1(c2cccccc(C=Cc3ccccc3)ccc2)C=CC1,1,159,0.6268656716417911,0.6268656716417911,0.00044536590576171875,
C=C(C)Cc1ccccccc(C=Cc2ccccc2)cc1,1,167,0.6307692307692307,0.6307692307692307,0.0003962516784667969,
C=c1c2cccccc(C=Cc3ccccc3)cc1=CC2,1,151,0.625,0.625,0.00041747093200683594,
C(=Cc1ccccc(C2CC2)cccc1)c1ccccc1,7,292,0.6507936507936508,0.6507936507936508,0.0004134178161621094,
C=C(C=CC)c1cccccc(C=Cc2ccccc2)ccc1,1,155,0.6268656716417911,0.6268656716417911,0.0004215240478515625,
C=c1cccc(C=Cc2ccccc2)ccccc1=C(C)C,2,161,0.640625,0.640625,0.00039768218994140625,
C(=Cc1cccccc(C23C4CC2C43)ccc1)c1ccccc1,1,156,0.6268656716417911,0.6268656716417911,0.00048160552978515625,
C#CCc1cccc(C=Cc2ccccc2)ccccc1C,1,168,0.6307692307692307,0.6307692307692307,0.00040149688720703125,
C=C=c1cc(C=Cc2ccccc2)cccccc2c1=C2,1,95,0.625,0.625,0.00041222572326660156,
C=CC#Cc1cccccc(C=Cc2ccccc2)ccc1,9,184,0.6461538461538462,0.6461538461538462,0.0004088878631591797,
Cc1c2cccccc(C=Cc3ccccc3)cc1C2,5,321,0.6557377049180327,0.6557377049180327,0.0003943443298339844,
CC=C=Cc1cccccc(C=Cc2ccccc2)ccc1,9,255,0.6461538461538462,0.6461538461538462,0.00039768218994140625,
C(=Cc1cccccc(C2=C3CC32)ccc1)c1ccccc1,8,225,0.6461538461538462,0.6461538461538462,0.0004553794860839844,
C1#CC1c1ccccc(C=Cc2ccccc2)cccc1,8,282,0.6507936507936508,0.6507936507936508,0.0004105567932128906,
C=C1c2cc(C=Cc3ccccc3)cccccc3c2C13,0,133,0.625,0.625,0.00041604042053222656,
CC#Cc1ccc(C=Cc2ccccc2)cccccc1C,0,169,0.6307692307692307,0.6307692307692307,0.0004057884216308594,
C=c1ccccc(C=Cc2ccccc2)cccc1=C=CC,0,100,0.6307692307692307,0.6307692307692307,0.0003936290740966797,
C=Cc1cccc(C=Cc2ccccc2)ccccc1C,9,321,0.6612903225806451,0.6612903225806451,0.00038242340087890625,
C(=Cc1cccccc2c(cc1)C21C=C1)c1ccccc1,13,236,0.6507936507936508,0.6507936507936508,0.0004355907440185547,
CCC1(C)c2ccccc(C=Cc3ccccc3)cccc21,0,170,0.6307692307692307,0.6307692307692307,0.00042366981506347656,
CC1=Cc2cccc(C=Cc3ccccc3)ccccc21,11,288,0.6507936507936508,0.6507936507936508,0.000431060791015625,
C=C(C)C#Cc1cccccc(C=Cc2ccccc2)ccc1,1,151,0.6268656716417911,0.6268656716417911,0.0004227161407470703,
C#Cc1ccccccc(C=Cc2ccccc2)cc1C,1,206,0.6349206349206349,0.6349206349206349,0.0003726482391357422,
Cc1ccccc(C=Cc2ccccc2)cccc1C1C=C1,1,172,0.6307692307692307,0.6307692307692307,0.00042247772216796875,
C#Cc1cccccc(C=Cc2ccccc2)cc2c1C2,0,154,0.625,0.625,0.00041413307189941406,
C(=Cc1cccccc(C2CCC2)ccc1)c1ccccc1,9,258,0.6461538461538462,0.6461538461538462,0.00042939186096191406,
C(=Cc1cccccc2cc(c1)C2)c1ccccc1,4,365,0.6896551724137931,0.6896551724137931,0.00038123130798339844,
C=C=Cc1ccccccc(C=Cc2ccccc2)cc1,10,302,0.6774193548387096,0.6774193548387096,0.0003943443298339844,
C(=Cc1ccccc2ccc-2c1)c1ccccc1,7,327,0.6551724137931034,0.6551724137931034,0.0003674030303955078,
C(#CC=Cc1ccccc1)C=Cc1ccccc1,0,0,0.7142857142857143,0.7142857142857143,0.0003180503845214844,
C#CCc1c#ccc(C=Cc2ccccc2)ccccc1,1,153,0.625,0.625,0.0003886222839355469,
C1=CC=1c1ccccccc(C=Cc2ccccc2)cc1,11,282,0.6507936507936508,0.6507936507936508,0.0004093647003173828,
C(=Cc1ccccc2c3c(c-2c1)C3)c1ccccc1,0,153,0.6229508196721312,0.6229508196721312,0.0003993511199951172,
CC(C)C1c2cccccc(C=Cc3ccccc3)ccc21,1,171,0.6307692307692307,0.6307692307692307,0.00040841102600097656,
CC1C(C=Cc2ccccc2)CC1C=Cc1ccccc1,0,0,0.625,0.625,0.0003867149353027344,
C#Cc1cccccc(C=Cc2ccccc2)ccc1,3,329,0.711864406779661,0.711864406779661,0.00035762786865234375,
CC=Cc1cccccccc(C=Cc2ccccc2)c1,14,311,0.6507936507936508,0.6507936507936508,0.0003769397735595703,
CC1CCC1(C=Cc1ccccc1)C=Cc1ccccc1,0,0,0.625,0.625,0.0003757476806640625,
Cc1ccccc(C=Cc2ccccc2)cccc1,9,362,0.7192982456140351,0.7192982456140351,0.00036144256591796875,
C(=Cc1cccccc(C23C4C2C43)ccc1)c1ccccc1,12,224,0.65625,0.65625,0.0004754066467285156,
C=C=c1cccccc(C=Cc2ccccc2)ccc1=C=C,1,17,0.6307692307692307,0.6307692307692307,0.0004100799560546875,
C1=C=c2cccccc(C=Cc3ccccc3)ccc2=C=1,0,13,0.640625,0.640625,0.0003895759582519531,
C(=Cc1cccccc(C23C4=CC2C43)ccc1)c1ccccc1,0,49,0.6268656716417911,0.6268656716417911,0.0005009174346923828,
C=c1cc(C=Cc2ccccc2)cccccc2c1=C=C2,0,108,0.625,0.625,0.0003948211669921875,
CC1(c2ccccccc(C=Cc3ccccc3)cc2)C#C1,2,176,0.6307692307692307,0.6307692307692307,0.0004112720489501953,
C=C1c2cccccc(C=Cc3ccccc3)cc(C)c21,2,202,0.6349206349206349,0.6349206349206349,0.00040411949157714844,
C(=Cc1cccccc2c(cc1)CCC2)c1ccccc1,6,232,0.640625,0.640625,0.0004210472106933594,
C=Cc1ccc(C=Cc2ccccc2)cccccc1C,7,330,0.6612903225806451,0.6612903225806451,0.0003864765167236328,
C(=Cc1ccccc(C23C=C2C3)cccc1)c1ccccc1,0,153,0.6307692307692307,0.6307692307692307,0.0004494190216064453,
C=Cc1cc(C)cccccc(C=Cc2ccccc2)c1,1,204,0.6349206349206349,0.6349206349206349,0.0003674030303955078,
CC#Cc1cccccc(C=Cc2ccccc2)ccc1,7,340,0.6774193548387096,0.6774193548387096,0.00037407875061035156,
CC1(c2cccccc(C=Cc3ccccc3)ccc2)C=C=C1,1,152,0.6268656716417911,0.6268656716417911,0.0004436969757080078,
C(=Cc1ccccc2cc(cc1)C2)c1ccccc1,8,356,0.6610169491525424,0.6610169491525424,0.0003948211669921875,
CC(C=Cc1ccccc1)CCC=Cc1ccccc1,5,13,0.6557377049180327,0.6557377049180327,0.00034618377685546875,
CC=C(CC)c1cccccc(C=Cc2ccccc2)ccc1,1,158,0.6268656716417911,0.6268656716417911,0.0004093647003173828,
CCC1(c2cccccc(C=Cc3ccccc3)ccc2)C=C1,2,158,0.6268656716417911,0.6268656716417911,0.00042939186096191406,
C(=Cc1cccccc2c3c(c1)C=C23)c1ccccc1,5,241,0.6451612903225806,0.6451612903225806,0.00042629241943359375,
CC(C)c1c#ccc(C=Cc2ccccc2)ccccc1,1,196,0.6349206349206349,0.6349206349206349,0.0003771781921386719,
C#CC(CC)c1cccccc(C=Cc2ccccc2)ccc1,0,159,0.6268656716417911,0.6268656716417911,0.0004169940948486328,
C=c1ccc(C=Cc2ccccc2)cccccc1=C(C)C,6,144,0.640625,0.640625,0.0003952980041503906,
CCc1cccc(C=Cc2ccccc2)ccccc1C,8,369,0.6612903225806451,0.6612903225806451,0.00038170814514160156,
C=C1C=C1Cc1cccccc(C=Cc2ccccc2)ccc1,1,133,0.6268656716417911,0.6268656716417911,0.0004482269287109375,
C=C(C1=C=C1)c1cccccc(C=Cc2ccccc2)ccc1,3,156,0.6268656716417911,0.6268656716417911,0.00045752525329589844,
C(=Cc1ccccc(C23C4C2C43)cccc1)c1ccccc1,3,174,0.6307692307692307,0.6307692307692307,0.0004582405090332031,
C(=Cc1cccccc(C2C=C2)ccc1)c1ccccc1,17,359,0.6774193548387096,0.6774193548387096,0.00041484832763671875,
C(=Cc1cccccc(C2=CCC2)ccc1)c1ccccc1,13,272,0.6461538461538462,0.6461538461538462,0.00042724609375,
C1#CC1=Cc1cccccc(C=Cc2ccccc2)ccc1,9,219,0.6461538461538462,0.6461538461538462,0.0004298686981201172,
CC12CC1=C2c1cccccc(C=Cc2ccccc2)ccc1,0,153,0.6268656716417911,0.6268656716417911,0.0004506111145019531,
CC(C)(CC=Cc1ccccc1)CC=Cc1ccccc1,0,1,0.6349206349206349,0.6349206349206349,0.00036644935607910156,
CC1(c2cccccc(C=Cc3ccccc3)ccc2)C2=CC21,0,161,0.6268656716417911,0.6268656716417911,0.0004439353942871094,
C=C(C)CCc1cccccc(C=Cc2ccccc2)ccc1,0,160,0.6268656716417911,0.6268656716417911,0.00042366981506347656,
C=C1c2ccccccc(C=Cc3ccccc3)cc21,7,316,0.6557377049180327,0.6557377049180327,0.000392913818359375,
C=C(C)C(C=Cc1ccccc1)=Cc1ccccc1,3,8,0.6440677966101694,0.6440677966101694,0.0003349781036376953,
CC1=Cc2ccccc(C=Cc3ccccc3)cccc21,16,299,0.6507936507936508,0.6507936507936508,0.00041484832763671875,
CC(C=Cc1ccccc1)CC=Cc1ccccc1,3,16,0.6896551724137931,0.6896551724137931,0.0003314018249511719,
C(=CC=Cc1ccccc1)=Cc1ccccc1,1,7,0.6909090909090909,0.6909090909090909,0.000301361083984375,
CC1=c2ccccc(C=Cc3ccccc3)cccc2=C1C,0,103,0.6307692307692307,0.6307692307692307,0.00042891502380371094,
C=C1C2C1C2c1cccccc(C=Cc2ccccc2)ccc1,1,132,0.6268656716417911,0.6268656716417911,0.00046753883361816406,
c1c2ccccc(C=Cc3ccccc3)cc-2c#1,2,277,0.6551724137931034,0.6551724137931034,0.0003571510314941406,
C(=Cc1ccccccc2c(c1)C2)c1ccccc1,6,321,0.6779661016949152,0.6779661016949152,0.00036334991455078125,
C(=Cc1ccccc1)CC1(C=Cc2ccccc2)C2CC21,0,1,0.625,0.625,0.00042366981506347656,
C(=Cc1c2c3cccccc2c13)c1ccccc1,0,18,0.6379310344827587,0.6379310344827587,0.0003879070281982422,
C1=C2C3C=1C23c1cccccc(C=Cc2ccccc2)ccc1,0,106,0.6268656716417911,0.6268656716417911,0.0004794597625732422,
C=CC1(c2cccccc(C=Cc3ccccc3)ccc2)C#C1,0,29,0.6268656716417911,0.6268656716417911,0.0004360675811767578,
C(=Cc1cccccc2cc(c1)C21CC1)c1ccccc1,0,147,0.625,0.625,0.00042891502380371094,
C(=Cc1ccccc(C23CC2C3)cccc1)c1ccccc1,0,170,0.6307692307692307,0.6307692307692307,0.0004425048828125,
C=C=Cc1c#ccc(C=Cc2ccccc2)ccccc1,0,52,0.625,0.625,0.0003833770751953125,
Cc1ccc(C=Cc2ccccc2)cccccc1C1CC1,2,181,0.6307692307692307,0.6307692307692307,0.00041031837463378906,
C=CC(C)c1cccccc(C=Cc2ccccc2)ccc1,11,323,0.65625,0.65625,0.0004024505615234375,
Cc1cccccccc(C=Cc2ccccc2)c1,13,363,0.6896551724137931,0.6896551724137931,0.0003311634063720703,
CC(C)CCc1cccccc(C=Cc2ccccc2)ccc1,0,160,0.6268656716417911,0.6268656716417911,0.00042128562927246094,
Cc1cccccc(C=Cc2ccccc2)cc(C)c1,7,363,0.6666666666666666,0.6666666666666666,0.0003540515899658203,
C=C(C)C=Cc1ccccccc(C=Cc2ccccc2)cc1,1,159,0.6268656716417911,0.6268656716417911,0.00043487548828125,
C#CCc1ccc(C=Cc2ccccc2)cccccc1C,3,181,0.6307692307692307,0.6307692307692307,0.0003936290740966797,
C=C(C=Cc1ccccc1)CC=Cc1ccccc1,4,16,0.6896551724137931,0.6896551724137931,0.00032782554626464844,
CC1c2c3cccccc(C=Cc4ccccc4)cc2C31,1,203,0.6349206349206349,0.6349206349206349,0.00043129920959472656,
CC#Cc1c2cccccc(C=Cc3ccccc3)cc1-2,0,153,0.625,0.625,0.00040149688720703125,
CC(C)(C)Cc1cccccc(C=Cc2ccccc2)ccc1,2,192,0.6363636363636364,0.6363636363636364,0.0004172325134277344,
Cc1cccc(C=Cc2ccccc2)ccccc1C1C=C1,1,182,0.6307692307692307,0.6307692307692307,0.00042438507080078125,
CC(C=Cc1ccccc1)C(C)(C)C=Cc1ccccc1,0,2,0.6451612903225806,0.6451612903225806,0.0003657341003417969,
C#CCC(C)c1cccccc(C=Cc2ccccc2)ccc1,1,161,0.6268656716417911,0.6268656716417911,0.0004189014434814453,
C#Cc1cc(C=C)cccccc(C=Cc2ccccc2)c1,0,89,0.6307692307692307,0.6307692307692307,0.00040030479431152344,
CCCc1ccccc(C=Cc2ccccc2)cccc1,15,310,0.6507936507936508,0.6507936507936508,0.0003695487976074219,
CC1=C2c3cc(C=Cc4ccccc4)cccccc1c32,0,153,0.625,0.625,0.0004248619079589844,
C(=Cc1cccccc2cc(c1)C=C2)c1ccccc1,0,237,0.6451612903225806,0.6451612903225806,0.00041103363037109375,
C=CCC(=C)c1cccccc(C=Cc2ccccc2)ccc1,0,144,0.6268656716417911,0.6268656716417911,0.00041937828063964844,
C=Cc1c2cccccc(C=Cc3ccccc3)cc1C2,0,153,0.625,0.625,0.00040721893310546875,
C1#Cc2ccc(C=Cc3ccccc3)cccccc21,3,296,0.6721311475409836,0.6721311475409836,0.0003886222839355469,
C1#CC12c1ccccc(C=Cc3ccccc3)cccc12,9,261,0.6507936507936508,0.6507936507936508,0.00043702125549316406,
CC1C=C1c1cccccc(C=Cc2ccccc2)ccc1,17,341,0.65625,0.65625,0.0004222393035888672,
CC1=C2C1C2c1cccccc(C=Cc2ccccc2)ccc1,0,160,0.6268656716417911,0.6268656716417911,0.0004665851593017578,
C#Cc1ccccc(C=Cc2ccccc2)cccc1,11,355,0.6833333333333333,0.6833333333333333,0.00036597251892089844,
Cc1cc(C=Cc2ccccc2)ccccc2cc1-2,0,203,0.6333333333333333,0.6333333333333333,0.00034737586975097656,
C=C=c1cccccc(C=Cc2ccccc2)cc2c1=C2,0,39,0.625,0.625,0.0003955364227294922,
C(=Cc1ccccccc2c(c1)C21CC1)c1ccccc1,0,154,0.625,0.625,0.00042819976806640625,
CC1=CC(c2cccccc(C=Cc3ccccc3)ccc2)C1,0,164,0.6268656716417911,0.6268656716417911,0.0004467964172363281,
C(=Cc1ccc2ccccc2c1)c1ccccc1,0,166,0.6271186440677966,0.6271186440677966,0.00037169456481933594,
C(=Cc1cccccc2c(cc1)C2)c1ccccc1,6,338,0.7068965517241379,0.7068965517241379,0.000377655029296875,
C(=CCCC=Cc1ccccc1)=Cc1ccccc1,0,0,0.6229508196721312,0.6229508196721312,0.00034356117248535156,
C(=Cc1cccc2cc-2ccc1)c1ccccc1,3,330,0.6551724137931034,0.6551724137931034,0.00034737586975097656,
CC1(c2cccccc(C=Cc3ccccc3)ccc2)C#CC1,0,162,0.6268656716417911,0.6268656716417911,0.0004334449768066406,
CC1=C2c3cccccc(C=Cc4ccccc4)cc1c32,0,154,0.625,0.625,0.0004241466522216797,
C(=Cc1cccccc2c(C3CC3)c-2c1)c1ccccc1,0,132,0.625,0.625,0.0004305839538574219,
CC(C)=C(C)c1cccccc(C=Cc2ccccc2)ccc1,11,221,0.6363636363636364,0.6363636363636364,0.000431060791015625,
CC=c1cccccc(C=Cc2ccccc2)cc2c1=C2,1,111,0.625,0.625,0.0003948211669921875,
C=C(CC)c1cccccc(C=Cc2ccccc2)ccc1,10,313,0.65625,0.65625,0.0003898143768310547,
C=C(C=Cc1ccccc1)CCC=Cc1ccccc1,1,7,0.6557377049180327,0.6557377049180327,0.00035309791564941406,
CC(C)=Cc1cccccccc(C=Cc2ccccc2)c1,0,184,0.6307692307692307,0.6307692307692307,0.0003979206085205078,
Cc1c#cccccc(C=Cc2ccccc2)cc1,0,202,0.6333333333333333,0.6333333333333333,0.000339508056640625,
C=c1c2ccccc(C=Cc3ccccc3)ccc1c2,5,176,0.6290322580645161,0.6290322580645161,0.0004305839538574219,
C=C(CC)c1ccccc(C=Cc2ccccc2)cccc1,2,183,0.6307692307692307,0.6307692307692307,0.00039124488830566406,
C=Cc1cccccc2c(C=Cc3ccccc3)c-2c1,0,160,0.6290322580645161,0.6290322580645161,0.00036978721618652344,
CC1CC12c1cccccc(C=Cc3ccccc3)ccc12,2,182,0.6307692307692307,0.6307692307692307,0.0004334449768066406,
c1cc(C=Cc2ccccc2)cccccc(C2CC2)c#1,1,153,0.625,0.625,0.0004036426544189453,
C=C(c1cccccc(C=Cc2ccccc2)ccc1)C1CC1,2,159,0.6268656716417911,0.6268656716417911,0.00045943260192871094,
CC1(c2ccccccc(C=Cc3ccccc3)cc2)C=C1,3,180,0.6307692307692307,0.6307692307692307,0.0004112720489501953,
C=C(C)c1c2cccccc(C=Cc3ccccc3)cc1-2,0,157,0.6349206349206349,0.6349206349206349,0.00040602684020996094,
C1=CC=c2ccc(C=Cc3ccccc3)cccccc2=1,6,64,0.640625,0.640625,0.00038814544677734375,
Cc1ccc(C=Cc2ccccc2)ccccc2c1C2,0,167,0.6290322580645161,0.6290322580645161,0.00037169456481933594,
C=c1cccccc(C=Cc2ccccc2)cc2c1=CC2,0,122,0.625,0.625,0.00039505958557128906,
CCC(C=Cc1ccccc1)C=Cc1ccccc1,0,14,0.6896551724137931,0.6896551724137931,0.00032138824462890625,
C1=CC=1c1cccccccc(C=Cc2ccccc2)c1,0,156,0.625,0.625,0.00038933753967285156,
C=c1cccccc(C=Cc2ccccc2)ccc1=CC,1,188,0.6612903225806451,0.6612903225806451,0.0003714561462402344,
CC(CC=Cc1ccccc1)CCC=Cc1ccccc1,0,1,0.625,0.625,0.0003745555877685547,
C=C(C)c1ccccc(C=Cc2ccccc2)cccc1,13,370,0.6612903225806451,0.6612903225806451,0.000377655029296875,
C(=Cc1ccccc2c3c(cc1)C23)c1ccccc1,2,289,0.6610169491525424,0.6610169491525424,0.0003941059112548828,
CC1(Cc2cccccc(C=Cc3ccccc3)ccc2)CC1,1,162,0.6268656716417911,0.6268656716417911,0.00043129920959472656,
C(=Cc1ccccc2c3c(cc1)C2C3)c1ccccc1,0,166,0.6290322580645161,0.6290322580645161,0.0004336833953857422,
CC(C)c1cccccc(C=Cc2ccccc2)ccc1,9,349,0.6885245901639344,0.6885245901639344,0.0003771781921386719,
C=C1CC1c1ccccc(C=Cc2ccccc2)cccc1,1,156,0.6307692307692307,0.6307692307692307,0.0004177093505859375,
C=C1Cc2cc(C=Cc3ccccc3)ccccccc21,0,156,0.625,0.625,0.0004010200500488281,
C#Cc1c2ccccc(C=Cc3ccccc3)ccc1-2,0,166,0.6290322580645161,0.6290322580645161,0.0003752708435058594,
C(=Cc1ccccc2c3c(c-3c1)C2)c1ccccc1,0,153,0.6229508196721312,0.6229508196721312,0.00039505958557128906,
CC1=Cc2cccccc(C=Cc3ccccc3)ccc21,9,296,0.6507936507936508,0.6507936507936508,0.0004162788391113281,
C=C=c1ccc(C=Cc2ccccc2)cccccc1=CC,1,126,0.6307692307692307,0.6307692307692307,0.0003952980041503906,
C#CC1c2ccccc(C=Cc3ccccc3)cccc21,6,247,0.6507936507936508,0.6507936507936508,0.0004107952117919922,
C(=Cc1ccccc1)CC1=CC1=Cc1ccccc1,0,7,0.6229508196721312,0.6229508196721312,0.0003464221954345703,
C=CC1c2ccccccc(C=Cc3ccccc3)cc21,0,154,0.625,0.625,0.0003986358642578125,
C(=Cc1ccccccc(C2=CC2)cc1)c1ccccc1,10,310,0.6507936507936508,0.6507936507936508,0.0004038810729980469,
C=C1c2ccccc(C=Cc3ccccc3)cccc2C1C,1,172,0.6307692307692307,0.6307692307692307,0.0004220008850097656,
C=c1cc(C=Cc2ccccc2)cccccc2c1=CC2,1,125,0.625,0.625,0.0004088878631591797,
C#Cc1cccccc(C=Cc2ccccc2)ccc1C=C,0,167,0.6307692307692307,0.6307692307692307,0.0004096031188964844,
C(=Cc1cccccc(C23C45C6C24C635)ccc1)c1ccccc1,0,117,0.6268656716417911,0.6268656716417911,0.0005383491516113281,
CC12C3=C1C32c1cccccc(C=Cc2ccccc2)ccc1,0,145,0.6363636363636364,0.6363636363636364,0.00047278404235839844,
C(=Cc1cccccc2c3c(c1)C23)c1ccccc1,5,291,0.6896551724137931,0.6896551724137931,0.0003771781921386719,
CC1=c2cccccc(C=Cc3ccccc3)ccc2=C1C,0,49,0.6307692307692307,0.6307692307692307,0.0004227161407470703,
CC(C1=C=C1)c1cccccc(C=Cc2ccccc2)ccc1,0,153,0.6268656716417911,0.6268656716417911,0.00044035911560058594,
CC1(c2cccccc(C=Cc3ccccc3)ccc2)C2=C=C21,1,155,0.6268656716417911,0.6268656716417911,0.00046634674072265625,
CC1Cc2cccccc(C=Cc3ccccc3)ccc21,21,308,0.6507936507936508,0.6507936507936508,0.0004105567932128906,
C=c1cccccc(C=Cc2ccccc2)ccc1=C1C#C1,1,36,0.6307692307692307,0.6307692307692307,0.0003974437713623047,
C#CC(C=C)c1cccccc(C=Cc2ccccc2)ccc1,1,98,0.6268656716417911,0.6268656716417911,0.00044155120849609375,
C=CC=C(C)c1cccccc(C=Cc2ccccc2)ccc1,1,155,0.6268656716417911,0.6268656716417911,0.0004165172576904297,
C1=CC=1c1cccccc(C=Cc2ccccc2)ccc1,6,296,0.6774193548387096,0.6774193548387096,0.0004017353057861328,
CCCc1ccccc(C=Cc2ccccc2)cccc1C,1,178,0.6307692307692307,0.6307692307692307,0.00039768218994140625,
Cc1cc2ccccc(C=Cc3ccccc3)cc1=2,0,117,0.6333333333333333,0.6333333333333333,0.0003616809844970703,
CC1CC(C=Cc2ccccc2)(C=Cc2ccccc2)C1,0,6,0.6349206349206349,0.6349206349206349,0.00036907196044921875,
C=c1cc(C=Cc2ccccc2)ccccccc1=CC,1,163,0.6349206349206349,0.6349206349206349,0.00037217140197753906,
CCC1c2cccccc(C=Cc3ccccc3)cc1c2,1,154,0.625,0.625,0.00042510032653808594,
CC1=c2cc(C=Cc3ccccc3)ccccccc2=C1,0,98,0.625,0.625,0.0003859996795654297,
CC(C=Cc1ccccc1)=CC(C)C=Cc1ccccc1,0,1,0.6349206349206349,0.6349206349206349,0.0003724098205566406,
C1=C2C=1c1ccc(C=Cc3ccccc3)cccccc12,7,223,0.640625,0.640625,0.00042724609375,
C=Cc1cc#ccc(C=Cc2ccccc2)cccc1,0,102,0.6290322580645161,0.6290322580645161,0.00035381317138671875,
C1=CC=1C=Cc1ccccccccc1,1,362,0.6226415094339622,0.6226415094339622,0.0002696514129638672,
CC1(C=Cc2ccccc2)CC(C=Cc2ccccc2)C1,0,2,0.6349206349206349,0.6349206349206349,0.00038123130798339844,
CCc1ccc(C=Cc2ccccc2)cccccc1C,8,344,0.6612903225806451,0.6612903225806451,0.0003726482391357422,
CC(C)(C=Cc1ccccc1)CC=Cc1ccccc1,5,7,0.6666666666666666,0.6666666666666666,0.0003502368927001953,
C1=CCC=1c1cccccc(C=Cc2ccccc2)ccc1,12,244,0.6461538461538462,0.6461538461538462,0.0004169940948486328,
C(=Cc1ccccc1)C1=CC=C1C=Cc1ccccc1,1,7,0.7,0.7,0.00037932395935058594,
CC(C)(C)C(C=Cc1ccccc1)C=Cc1ccccc1,0,1,0.6451612903225806,0.6451612903225806,0.00036835670471191406,
C#CC(C)c1ccccc(C=Cc2ccccc2)cccc1,2,170,0.6307692307692307,0.6307692307692307,0.0004012584686279297,
C1#Cc2cc1cccccc(C=Cc1ccccc1)c2,3,241,0.6451612903225806,0.6451612903225806,0.00040078163146972656,
C=C(C)c1c#ccc(C=Cc2ccccc2)ccccc1,0,123,0.6349206349206349,0.6349206349206349,0.000377655029296875,
C1=Cc2cccc(C=Cc3ccccc3)ccccc2C1,9,218,0.640625,0.640625,0.0004191398620605469,
CC1=CC1Cc1cccccc(C=Cc2ccccc2)ccc1,1,160,0.6268656716417911,0.6268656716417911,0.00044846534729003906,
CCCc1ccc(C=Cc2ccccc2)cccccc1C,1,173,0.6307692307692307,0.6307692307692307,0.00039577484130859375,
C#Cc1cccc(C=Cc2ccccc2)ccccc1C,11,342,0.6612903225806451,0.6612903225806451,0.0003800392150878906,
CCc1c2cccccc(C=Cc3ccccc3)cc1C2,0,156,0.625,0.625,0.0004105567932128906,
C=CC=c1cccc(C=Cc2ccccc2)ccccc1=C,1,105,0.6307692307692307,0.6307692307692307,0.00040459632873535156,
C=C(C)c1ccccccc(C=Cc2ccccc2)cc1,8,338,0.6612903225806451,0.6612903225806451,0.00037980079650878906,
CC1=C=C(c2cccccc(C=Cc3ccccc3)ccc2)C1,1,159,0.6268656716417911,0.6268656716417911,0.00044727325439453125,
C(=Cc1cccccc(C2=C3C4=C2C34)ccc1)c1ccccc1,1,103,0.6268656716417911,0.6268656716417911,0.0004968643188476562,
C=C(c1cccccc(C=Cc2ccccc2)ccc1)C(C)C,5,209,0.6363636363636364,0.6363636363636364,0.00041961669921875,
C(=Cc1ccccc2c(ccc1)C1C=C21)c1ccccc1,12,210,0.640625,0.640625,0.0004353523254394531,
Cc1cccccc(C=Cc2ccccc2)ccc1C,7,353,0.6949152542372882,0.6949152542372882,0.0003542900085449219,
CC(C)(C)c1ccccccc(C=Cc2ccccc2)cc1,6,223,0.640625,0.640625,0.00039696693420410156,
C=c1cccc(C=Cc2ccccc2)ccccc1=CCC,0,137,0.6307692307692307,0.6307692307692307,0.00039839744567871094,
CC1(c2ccccccc(C=Cc3ccccc3)cc2)CC1,1,173,0.6307692307692307,0.6307692307692307,0.0004241466522216797,
CC(=Cc1ccccc1)CCC=Cc1ccccc1,0,28,0.6333333333333333,0.6333333333333333,0.00033092498779296875,
C(=Cc1cccccc2c(C3=CC3)c-2c1)c1ccccc1,0,76,0.625,0.625,0.00041484832763671875,
C#CCc1ccccc(C=Cc2ccccc2)cccc1C,5,173,0.6307692307692307,0.6307692307692307,0.0003952980041503906,
C#Cc1c#ccc(C=Cc2ccccc2)ccccc1,1,181,0.6557377049180327,0.6557377049180327,0.0003542900085449219,
C=c1cccccc(C=Cc2ccccc2)ccc1=C=CC,1,98,0.6307692307692307,0.6307692307692307,0.0003898143768310547,
Cc1c#cccc(C=Cc2ccccc2)cccc1,3,329,0.6610169491525424,0.6610169491525424,0.0003459453582763672,
C(=Cc1cccccc(C23C4=CC2=C43)ccc1)c1ccccc1,0,77,0.6268656716417911,0.6268656716417911,0.0004868507385253906,
C1=CC=1c1c#ccc(C=Cc2ccccc2)ccccc1,0,80,0.625,0.625,0.00040721893310546875,
CC(C)C=Cc1ccccccc(C=Cc2ccccc2)cc1,0,160,0.6268656716417911,0.6268656716417911,0.0004315376281738281,
C=c1ccccc(C=Cc2ccccc2)cccc1=CC,2,172,0.6612903225806451,0.6612903225806451,0.0003726482391357422,
Cc1c#ccccc(C=Cc2ccccc2)ccc1,0,202,0.6333333333333333,0.6333333333333333,0.00034928321838378906,
CCCC(C)c1cccccc(C=Cc2ccccc2)ccc1,0,161,0.6268656716417911,0.6268656716417911,0.00042891502380371094,
C(=Cc1c2cccccc3c-2c1-3)c1ccccc1,0,45,0.6271186440677966,0.6271186440677966,0.0003781318664550781,
C=C=Cc1ccc(C=Cc2ccccc2)cccccc1C,0,177,0.6307692307692307,0.6307692307692307,0.0003829002380371094,
CC1=CC12c1ccccc(C=Cc3ccccc3)cccc12,3,173,0.6307692307692307,0.6307692307692307,0.00043964385986328125,
CC1C(C=Cc2ccccc2)=C1c1ccccc1,0,0,0.6379310344827587,0.6379310344827587,0.0003387928009033203,
CC1c2cccccc(C=Cc3ccccc3)cc3c2C31,0,149,0.625,0.625,0.00040221214294433594,
C=CC(=Cc1ccccc1)CC=Cc1ccccc1,1,8,0.6333333333333333,0.6333333333333333,0.00033402442932128906,
C#CC1(c2cccccc(C=Cc3ccccc3)ccc2)C#C1,0,94,0.6268656716417911,0.6268656716417911,0.0004448890686035156,
CCC(C)=Cc1cccccc(C=Cc2ccccc2)ccc1,2,158,0.6268656716417911,0.6268656716417911,0.0004222393035888672,
C=CC=c1ccccc(C=Cc2ccccc2)cccc1=C,0,93,0.6307692307692307,0.6307692307692307,0.00040078163146972656,
CC1c2cccccc(C=Cc3ccccc3)ccc21,4,338,0.6833333333333333,0.6833333333333333,0.00037288665771484375,
C#CC=Cc1ccccccc(C=Cc2ccccc2)cc1,7,190,0.6461538461538462,0.6461538461538462,0.00042748451232910156,
CC=Cc1cccccc(C=Cc2ccccc2)ccc1,20,351,0.6774193548387096,0.6774193548387096,0.0003712177276611328,
CC12c3ccccc(C=Cc4ccccc4)ccc1c32,2,217,0.639344262295082,0.639344262295082,0.00042557716369628906,
CC1Cc2ccccccc(C=Cc3ccccc3)cc21,0,155,0.625,0.625,0.0003974437713623047,
CCc1c#cccc(C=Cc2ccccc2)cccc1,0,166,0.6290322580645161,0.6290322580645161,0.0003604888916015625,
C(=Cc1cccccc(C2C34C5=C3C524)ccc1)c1ccccc1,0,65,0.6268656716417911,0.6268656716417911,0.0005106925964355469,
C=c1ccccc(C=Cc2ccccc2)cccc1=C1C=C1,0,68,0.6307692307692307,0.6307692307692307,0.00041413307189941406,
C(=Cc1cccccc2c(cc1)CC2)c1ccccc1,9,336,0.6721311475409836,0.6721311475409836,0.0003972053527832031,
C1=CC=C(C=Cc2ccccc2)C=C2C3=C(C=C1)C2C3,3,254,0.6557377049180327,0.6557377049180327,0.00042891502380371094,
C=C1CC1c1ccccccc(C=Cc2ccccc2)cc1,3,176,0.6307692307692307,0.6307692307692307,0.0004093647003173828,
Cc1cccccc(C=Cc2ccccc2)ccc1C1CC1,2,178,0.6307692307692307,0.6307692307692307,0.0004138946533203125,
C=CC1(C)c2ccccc(C=Cc3ccccc3)cccc21,3,173,0.6307692307692307,0.6307692307692307,0.0004143714904785156,
C(=Cc1cccccc2c(cc1)C1=C2C1)c1ccccc1,15,217,0.640625,0.640625,0.0004425048828125,
Cc1c2cccccc(C=Cc3ccccc3)cc1-2,7,333,0.6896551724137931,0.6896551724137931,0.00035309791564941406,
CC1(Cc2cccccc(C=Cc3ccccc3)ccc2)C=C1,0,162,0.6268656716417911,0.6268656716417911,0.0004372596740722656,
C(=Cc1cccccc2c3c(c1)c2=C3)c1ccccc1,2,214,0.6557377049180327,0.6557377049180327,0.0004379749298095703,
C(=Cc1ccccc2c(ccc1)CC2)c1ccccc1,4,334,0.6721311475409836,0.6721311475409836,0.00039267539978027344,
C=c1c2cccccc(C=Cc3ccccc3)cc1c2,4,200,0.6557377049180327,0.6557377049180327,0.00038909912109375,
C(=Cc1ccccccc(C2C=C2)cc1)c1ccccc1,10,310,0.6507936507936508,0.6507936507936508,0.00040793418884277344,
CC=Cc1ccccc(C=Cc2ccccc2)cccc1C,8,192,0.6307692307692307,0.6307692307692307,0.0004055500030517578,
C(=Cc1cccccc(C2=CC2)ccc1)c1ccccc1,12,369,0.6774193548387096,0.6774193548387096,0.00041103363037109375,
C=CC1(c2cccccc(C=Cc3ccccc3)ccc2)CC1,3,157,0.6268656716417911,0.6268656716417911,0.0004563331604003906,
C=C=c1ccc(C=Cc2ccccc2)cccccc1=C,4,151,0.6612903225806451,0.6612903225806451,0.00038552284240722656,
C#CCc1c2cccccc(C=Cc3ccccc3)cc1-2,1,154,0.625,0.625,0.0003886222839355469,
CCC1c2ccccc(C=Cc3ccccc3)cccc21,8,297,0.6507936507936508,0.6507936507936508,0.00042128562927246094,
CC=C=C1c2cccccc(C=Cc3ccccc3)ccc21,0,1,0.6212121212121212,0.6212121212121212,0.0004086494445800781,
CCc1cc(C=Cc2ccccc2)ccccccc1C,2,204,0.6349206349206349,0.6349206349206349,0.000377655029296875,
CC1=c2c3cccccc(C=Cc4ccccc4)cc2c31,1,204,0.6349206349206349,0.6349206349206349,0.00046253204345703125,
CC1(c2cccccc(C=Cc3ccccc3)ccc2)CCC1,0,160,0.6268656716417911,0.6268656716417911,0.0004298686981201172,
Cc1ccccc(C=Cc2ccccc2)cccc1C(C)C,7,225,0.640625,0.640625,0.0003948211669921875,
CC(=C=Cc1ccccc1)CC=Cc1ccccc1,2,2,0.6333333333333333,0.6333333333333333,0.0003292560577392578,
C=C=Cc1cccccc(C=Cc2ccccc2)ccc1,10,297,0.6774193548387096,0.6774193548387096,0.0003819465637207031,
C1=C=c2ccccc(C=Cc3ccccc3)cccc2=C=1,1,38,0.640625,0.640625,0.0004096031188964844,
CCCC(C=Cc1ccccc1)=Cc1ccccc1,3,34,0.6333333333333333,0.6333333333333333,0.0003190040588378906,
C=C(C=Cc1ccccc1)C=Cc1ccccc1,0,18,0.7272727272727273,0.7272727272727273,0.00031304359436035156,
C=c1cccccc(C=Cc2ccccc2)cc(C)c1=C,3,167,0.6451612903225806,0.6451612903225806,0.00038313865661621094,
CCC(=C=Cc1ccccc1)C=Cc1ccccc1,0,2,0.6333333333333333,0.6333333333333333,0.0003299713134765625,
C=CC(C)c1ccccc(C=Cc2ccccc2)cccc1,7,181,0.6307692307692307,0.6307692307692307,0.00039696693420410156,
C=C=Cc1cccc(C=Cc2ccccc2)ccccc1C,0,176,0.6307692307692307,0.6307692307692307,0.0003910064697265625,
CC(c1cccccc(C=Cc2ccccc2)ccc1)C1CC1,1,160,0.6268656716417911,0.6268656716417911,0.0004341602325439453,
CC1CC1Cc1cccccc(C=Cc2ccccc2)ccc1,0,159,0.6268656716417911,0.6268656716417911,0.00044727325439453125,
C=C1c2cccccc(C=Cc3ccccc3)ccc21,6,341,0.6833333333333333,0.6833333333333333,0.000400543212890625,
CCC1c2ccccccc(C=Cc3ccccc3)cc21,0,155,0.625,0.625,0.00039076805114746094,
CC12C=C1C2c1cccccc(C=Cc2ccccc2)ccc1,0,152,0.6268656716417911,0.6268656716417911,0.0004696846008300781,
CC(C=Cc1ccccc1)=CC=Cc1ccccc1,1,16,0.6896551724137931,0.6896551724137931,0.00032973289489746094,
C1=CC1=Cc1cccccc(C=Cc2ccccc2)ccc1,10,203,0.6461538461538462,0.6461538461538462,0.00044274330139160156,
Cc1ccc(C=Cc2ccccc2)cccccc1C1C=C1,0,175,0.6307692307692307,0.6307692307692307,0.00041484832763671875,
CC(=Cc1ccccc1)C(C)C=Cc1ccccc1,0,7,0.6440677966101694,0.6440677966101694,0.00032830238342285156,
C1=CC(c2cccccc(C=Cc3ccccc3)ccc2)=C1,12,223,0.6461538461538462,0.6461538461538462,0.0004467964172363281,
c1cc(C=Cc2ccccc2)ccccc2c(c#1)C2,0,136,0.6229508196721312,0.6229508196721312,0.00037598609924316406,
C=Cc1cccccc(C=Cc2ccccc2)cc2c1C2,0,155,0.625,0.625,0.00040984153747558594,
C=Cc1cccccc(C=Cc2ccccc2)ccc1CC,0,171,0.6307692307692307,0.6307692307692307,0.0004024505615234375,
C(=Cc1cccccc(C2C3=C2C3)ccc1)c1ccccc1,18,250,0.6461538461538462,0.6461538461538462,0.0004703998565673828,
Cc1cc#ccc(C=Cc2ccccc2)cccc1,0,202,0.6333333333333333,0.6333333333333333,0.00032830238342285156,
CC1C(=Cc2ccccc2)C1C=Cc1ccccc1,0,1,0.6333333333333333,0.6333333333333333,0.0003590583801269531,
CC(C=Cc1ccccc1)CCCC=Cc1ccccc1,0,0,0.625,0.625,0.000362396240234375,
C=C=CC(C)c1cccccc(C=Cc2ccccc2)ccc1,2,158,0.6268656716417911,0.6268656716417911,0.0004191398620605469,
CC1=c2c3cc(C=Cc4ccccc4)cccccc2=C13,1,193,0.6349206349206349,0.6349206349206349,0.0004284381866455078,
CC=Cc1c2cccccc(C=Cc3ccccc3)cc1-2,0,155,0.625,0.625,0.0003902912139892578,
C=C(CCC)c1cccccc(C=Cc2ccccc2)ccc1,0,161,0.6268656716417911,0.6268656716417911,0.0004260540008544922,
C=CCc1ccccc(C=Cc2ccccc2)cccc1,18,316,0.6507936507936508,0.6507936507936508,0.0003757476806640625,
C1=C=c2ccc(C=Cc3ccccc3)cccccc2=1,0,159,0.6721311475409836,0.6721311475409836,0.00037384033203125,
C=Cc1ccccc(C=CC2=CC2)cccc1,14,518,0.625,0.625,0.0003132820129394531,
C(=Cc1c2cccccccc1-2)c1ccccc1,0,166,0.6271186440677966,0.6271186440677966,0.00034546852111816406,
C=CC#Cc1ccccccc(C=Cc2ccccc2)cc1,0,0,0.6212121212121212,0.6212121212121212,0.0003993511199951172,
CC1=C(C)c2cccc(C=Cc3ccccc3)ccccc21,2,173,0.6307692307692307,0.6307692307692307,0.0004513263702392578,
CC=Cc1cccccc(C=Cc2ccccc2)ccc1C,0,175,0.6307692307692307,0.6307692307692307,0.0003924369812011719,
CCc1ccccc(C=Cc2ccccc2)cccc1CC,0,175,0.6307692307692307,0.6307692307692307,0.0004088878631591797,
CC(C)=C=Cc1ccccccc(C=Cc2ccccc2)cc1,1,159,0.6268656716417911,0.6268656716417911,0.0004172325134277344,
C1#CC12Cc1cccccc(C=Cc3ccccc3)ccc12,5,137,0.6212121212121212,0.6212121212121212,0.0004372596740722656,
C(=Cc1ccccc(CC2=CC2)cccc1)c1ccccc1,3,142,0.6212121212121212,0.6212121212121212,0.00043129920959472656,
CC1c2ccccc(C=Cc3ccccc3)ccc1c2,1,166,0.6290322580645161,0.6290322580645161,0.0004131793975830078,
C(=Cc1cccccc2c(cc1)C1CC21)c1ccccc1,16,219,0.640625,0.640625,0.000431060791015625,
