smiles,n_success_mut,n_failures_mut,rediscovery_c1ccc2ccccc2c1,total,obj_computation_time,history_data
Cc1cccc(C2=CC2)c1C,0,0,0.17647058823529413,0.17647058823529413,0.00021576881408691406,C
C1=C2CC1c1cccc2c1,0,0,0.20408163265306123,0.20408163265306123,0.00025534629821777344,
C1=CC2=CCC=C2C=1,0,0,0.125,0.125,0.00014710426330566406,
C1=CC2Cc3cccc2c31,0,0,0.2,0.2,0.00022745132446289062,
C1=C=C(C2=CC2)C=CC=1,0,0,0.12,0.12,0.00016760826110839844,
C1=Cc2c3cccc2C=13,0,0,0.1875,0.1875,0.00020766258239746094,
C=c1c2cccc1c2,20,9,0.325,0.325,0.0001895427703857422,
C=C=Cc1ccc(C)cc1,0,0,0.20833333333333334,0.20833333333333334,0.00018286705017089844,
C1=CC=1C1C=CC=CC1,0,0,0.12,0.12,0.0001685619354248047,
CC12C=C1c1ccc(cc1)C2,0,0,0.21568627450980393,0.21568627450980393,0.0002601146697998047,
C1=C(c2ccccc2)CC1,32,27,0.3409090909090909,0.3409090909090909,0.0002079010009765625,
C1=C2C=1c1ccccc12,0,0,0.26666666666666666,0.26666666666666666,0.00020003318786621094,
C1=C2Cc3ccccc3C12,0,0,0.2765957446808511,0.2765957446808511,0.0002262592315673828,
c1cccc2ccc=2cc1,3,1,0.5,0.5,0.00021839141845703125,
C1=CCC=c2c3ccc=3c2=C1,0,0,0.18867924528301888,0.18867924528301888,0.00025010108947753906,
CC1=Cc2ccccc2C1,0,0,0.2826086956521739,0.2826086956521739,0.0002071857452392578,
Cc1ccc2c(c1)C1=C=C12,0,0,0.1346153846153846,0.1346153846153846,0.0002219676971435547,
Cc1ccc2c(c1)C=CC2,0,0,0.18,0.18,0.00020170211791992188,
CC1=CC1C1=CCC=C1,0,0,0.12244897959183673,0.12244897959183673,0.00015664100646972656,
C1=CC2=C(C1)c1ccccc12,0,0,0.2857142857142857,0.2857142857142857,0.0002484321594238281,
CC1=C=C1c1ccccc1,13,4,0.3181818181818182,0.3181818181818182,0.0002040863037109375,
CC1=CCc2c3ccc-3c21,0,0,0.1346153846153846,0.1346153846153846,0.00021696090698242188,
C1=CC2=C(C1)c1cccc2c1,0,0,0.21153846153846154,0.21153846153846154,0.0002529621124267578,
CC1CC=C(c2ccccc2)C1,0,0,0.3,0.3,0.00024700164794921875,
C1=CC(=CCc2ccccc2)CC1,0,0,0.3018867924528302,0.3018867924528302,0.00026607513427734375,
CC1=CC(c2ccc(C)cc2)=C1,0,0,0.23529411764705882,0.23529411764705882,0.00024366378784179688,
Cc1ccc(C2=C=C=C2)cc1,0,0,0.22,0.22,0.00021076202392578125,
C1=CCC2C=CC2=C1,0,0,0.125,0.125,0.00015020370483398438,
CCc1ccccc1C1=C=C1,0,0,0.2708333333333333,0.2708333333333333,0.00020956993103027344,
C=CCc1cccc(C)c1,0,0,0.1836734693877551,0.1836734693877551,0.00017762184143066406,
CC(CC1C=C1)c1ccccc1,0,0,0.30612244897959184,0.30612244897959184,0.00022840499877929688,
C1=C2Cc3ccc(cc3)C2=C1,0,0,0.23529411764705882,0.23529411764705882,0.00026607513427734375,
C1=CC(C2=CCC=C2)C=C1,0,0,0.15384615384615385,0.15384615384615385,0.000179290771484375,
CC1(C)C=C1c1ccccc1,2,1,0.3333333333333333,0.3333333333333333,0.0002143383026123047,
C=Cc1ccc(C)cc1,0,0,0.2222222222222222,0.2222222222222222,0.0001659393310546875,
C1=CC2C=C(C1)c1cccc2c1,0,0,0.2222222222222222,0.2222222222222222,0.0002834796905517578,
C1=C(c2cc3ccc2-3)C1,0,0,0.16666666666666666,0.16666666666666666,0.0002052783966064453,
CC1c2ccccc21,1,0,0.2926829268292683,0.2926829268292683,0.00015807151794433594,
Cc1ccccc1C1=C=CC1C,0,0,0.2549019607843137,0.2549019607843137,0.0002338886260986328,
C1=Cc2ccccc21,36,77,0.35,0.35,0.00017261505126953125,
C1=CC=1c1c#cccc1,0,0,0.16666666666666666,0.16666666666666666,0.00018739700317382812,
CC1=C=C1c1ccc2cc1-2,0,0,0.13725490196078433,0.13725490196078433,0.00022602081298828125,
C1=Cc2ccccc2CCC1,0,0,0.2857142857142857,0.2857142857142857,0.00022840499877929688,
CC1=CC(C)(c2ccccc2)C1,1,0,0.3125,0.3125,0.00023221969604492188,
C1=CC=C2CC(=C1)C1=C2C=C1,0,0,0.14545454545454545,0.14545454545454545,0.00021338462829589844,
C1=CC2CC=CC2=C1,0,0,0.125,0.125,0.0001475811004638672,
C1=c2c3cc(cc2c3)CC1,0,0,0.15384615384615385,0.15384615384615385,0.0002713203430175781,
C1=C2C=C3C=C2C3=C1,0,0,0.125,0.125,0.00017905235290527344,
CC1=CCC=C(c2ccccc2)C1,0,0,0.3076923076923077,0.3076923076923077,0.00025582313537597656,
Cc1ccc(C)c(C=C2C=C2)c1,0,0,0.16666666666666666,0.16666666666666666,0.00022935867309570312,
CC1=C2c3ccc(cc3)C12,0,0,0.20408163265306123,0.20408163265306123,0.00023245811462402344,
C1=CC(C2=CCCCC=C2)=CC1,0,0,0.13793103448275862,0.13793103448275862,0.0002186298370361328,
C1=CCCC(c2ccccc2)=C1,3,0,0.3469387755102041,0.3469387755102041,0.0002415180206298828,
C1=CCC=C(C2=CCC2)C=C1,0,0,0.14814814814814814,0.14814814814814814,0.0001976490020751953,
C1=CC=C(C2=CCC2)CC=C1,0,0,0.14814814814814814,0.14814814814814814,0.00019097328186035156,
C1=C2C=C3C=C1C3=C2,0,0,0.125,0.125,0.00018215179443359375,
Cc1ccccc1C1=C=C1,0,0,0.28888888888888886,0.28888888888888886,0.0002071857452392578,
CC1C=CC=CC=C1C1=CC=CC1,0,0,0.1724137931034483,0.1724137931034483,0.00023031234741210938,
Cc1ccc(C)c2c1C2,0,0,0.12244897959183673,0.12244897959183673,0.0001823902130126953,
C=C(CC)c1ccccc1,0,0,0.28888888888888886,0.28888888888888886,0.00017642974853515625,
Cc1ccccc1C1=CC=C1,9,0,0.32608695652173914,0.32608695652173914,0.0002257823944091797,
Cc1ccccc1CC1CCC1,0,0,0.23076923076923078,0.23076923076923078,0.00023436546325683594,
C1=CC(C2C=C2)=CC1,0,0,0.1276595744680851,0.1276595744680851,0.0001513957977294922,
c1cc2c(cc#1)C=C2,0,0,0.125,0.125,0.00017905235290527344,
CC1=CC(C2C=CC=CC2)=C1,0,0,0.1509433962264151,0.1509433962264151,0.00020074844360351562,
Cc1ccc(C2=CCC2)cc1,0,0,0.22,0.22,0.00021266937255859375,
C1=CC(Cc2ccccc2)C1,3,2,0.3191489361702128,0.3191489361702128,0.0002288818359375,
C1=C2CC3=C1c1cccc2c13,0,0,0.16666666666666666,0.16666666666666666,0.000286102294921875,
C=Cc1cc(C)ccc1C,0,0,0.14,0.14,0.00018310546875,
C1=CC=1C1=CC=CC1,0,0,0.1276595744680851,0.1276595744680851,0.0001518726348876953,
C1=CC=C(CC=C2C=C2)C=1,0,0,0.1346153846153846,0.1346153846153846,0.0001914501190185547,
Cc1ccc2c(c1)C=C=C2,0,0,0.18,0.18,0.00020599365234375,
CC1=CC(Cc2ccccc2)=C1,0,0,0.3333333333333333,0.3333333333333333,0.0002346038818359375,
CC1C=C1Cc1ccccc1,0,0,0.32608695652173914,0.32608695652173914,0.00021195411682128906,
CC1(C)CC=C1c1ccccc1,0,0,0.30612244897959184,0.30612244897959184,0.0002448558807373047,
c1cc2ccc1cc2,0,0,0.2857142857142857,0.2857142857142857,0.00020885467529296875,
C1#CC1c1ccccc1,0,0,0.3023255813953488,0.3023255813953488,0.00018215179443359375,
C1=C(Cc2ccccc2)CC1,0,0,0.3191489361702128,0.3191489361702128,0.0002129077911376953,
Cc1cccc(CC2C=C2)c1,0,0,0.22,0.22,0.0002162456512451172,
C1=CC(c2ccccc2)CC1,1,0,0.3125,0.3125,0.00021195411682128906,
C1=CC2=C1C2c1ccccc1,4,1,0.34782608695652173,0.34782608695652173,0.0002453327178955078,
CC1=CC2=CC=CC=C1C2,0,0,0.1346153846153846,0.1346153846153846,0.00018787384033203125,
CC1=C=C1Cc1ccccc1C,0,0,0.23529411764705882,0.23529411764705882,0.00023865699768066406,
C1=C2C=C1c1ccc(cc1)CC2,0,0,0.22641509433962265,0.22641509433962265,0.00031828880310058594,
CCC=Cc1ccccc1,0,0,0.2826086956521739,0.2826086956521739,0.00018286705017089844,
C=C(CC)c1cccc(C)c1,0,0,0.17647058823529413,0.17647058823529413,0.0001938343048095703,
C=C=c1c2cccc1c2C,0,0,0.16,0.16,0.00022292137145996094,
C1=CC2CC(=C1)C1=CC2=C1,0,0,0.1346153846153846,0.1346153846153846,0.00022459030151367188,
Cc1ccccc1C1=CCC1,0,0,0.2708333333333333,0.2708333333333333,0.00022482872009277344,
CC1CCCC1c1ccccc1,0,0,0.25,0.25,0.0002353191375732422,
C1=CC2C=C1C1=CC2C1,0,0,0.12,0.12,0.0001900196075439453,
C1=CC2C=C1C1C=C21,0,0,0.125,0.125,0.00016808509826660156,
CC1=CC(c2cccc(C)c2)CC=C1,0,0,0.20689655172413793,0.20689655172413793,0.0002765655517578125,
c1c2ccc=2c#1,31,35,0.14634146341463414,0.14634146341463414,0.00014710426330566406,
C=C1C=CC2=CC(=C1)C2,0,0,0.12244897959183673,0.12244897959183673,0.00017714500427246094,
C1=CCc2c3ccc-3c2C=C1,0,0,0.18867924528301888,0.18867924528301888,0.0002448558807373047,
CC1=C=C1c1cccc(C)c1,0,0,0.17647058823529413,0.17647058823529413,0.00021886825561523438,
CC1=C=C(c2ccccc2)C1C,0,0,0.28,0.28,0.00023698806762695312,
C1=CCC=CC(CC2C=C2)=C1,0,0,0.14814814814814814,0.14814814814814814,0.0002014636993408203,
CC1C=C=C1c1cc#ccc1,0,0,0.12727272727272726,0.12727272727272726,0.00022268295288085938,
CC1C=C1C1=CC=CC=CC1,0,0,0.1509433962264151,0.1509433962264151,0.00020503997802734375,
CC1=CC1C1=CC=CCC=C1,0,0,0.1509433962264151,0.1509433962264151,0.00019407272338867188,
C1=CC2CC1c1ccccc12,0,0,0.2857142857142857,0.2857142857142857,0.0002532005310058594,
C1=C2CCC(C2)c2ccccc21,0,0,0.24528301886792453,0.24528301886792453,0.0002727508544921875,
C1=CC(c2cc3cc(c2)C3)=CC1,0,0,0.14035087719298245,0.14035087719298245,0.0002751350402832031,
Cc1c2cccc1-2,0,0,0.19047619047619047,0.19047619047619047,0.0001537799835205078,
CC1=CC=C1C1C=CC=C1,0,0,0.1568627450980392,0.1568627450980392,0.00018143653869628906,
CC1=C(Cc2ccccc2)C1,0,0,0.2978723404255319,0.2978723404255319,0.00022292137145996094,
CC1=C(C)c2cccc(c2)C1,0,0,0.17307692307692307,0.17307692307692307,0.00023603439331054688,
CC=C=Cc1ccccc1,0,0,0.2826086956521739,0.2826086956521739,0.00018930435180664062,
C1=CC2=C(C1)C2c1ccccc1,0,0,0.32,0.32,0.0002574920654296875,
c1ccc2c3ccc-3c2c#1,0,0,0.17647058823529413,0.17647058823529413,0.00024318695068359375,
Cc1ccccc1C1=CCC=C1,0,0,0.3,0.3,0.00022840499877929688,
C1=CC=C(C2C=C2)CC=C1,0,0,0.1568627450980392,0.1568627450980392,0.00018024444580078125,
C1=C=C(C2=CCC=C2)C=1,0,0,0.12,0.12,0.00016117095947265625,
CCc1ccc2c(c1)C=C2,0,0,0.18,0.18,0.00020194053649902344,
Cc1c2cccc1C=C2,0,0,0.21739130434782608,0.21739130434782608,0.00019049644470214844,
C1=CC(CC2C=C2)C=C1,0,0,0.12,0.12,0.0001652240753173828,
C1=CC(c2ccccc2)CCC1,0,0,0.29411764705882354,0.29411764705882354,0.0002422332763671875,
CC(=C1CCC1)c1ccccc1,0,0,0.28,0.28,0.00023031234741210938,
CC1=C(c2ccccc2)CC1,0,0,0.2916666666666667,0.2916666666666667,0.00020575523376464844,
Cc1cc2c3ccccc3c1-2,0,0,0.2653061224489796,0.2653061224489796,0.0002646446228027344,
CCC1C=C1c1ccccc1C,0,0,0.2549019607843137,0.2549019607843137,0.0002338886260986328,
Cc1ccc(C2=CCC=C2)cc1,0,0,0.25,0.25,0.00023889541625976562,
C1=CC=1C1=CCC=CC=C1,0,0,0.1568627450980392,0.1568627450980392,0.00018453598022460938,
CC(Cc1ccccc1)=C1C=C1,2,0,0.3333333333333333,0.3333333333333333,0.00022864341735839844,
C1=CCC=CC(C2C=CC=C2)=C1,0,0,0.15789473684210525,0.15789473684210525,0.00022268295288085938,
Cc1cccc2c1C1=CC12,0,0,0.18,0.18,0.0002300739288330078,
CC1=CC1Cc1ccc2cc1-2,0,0,0.1509433962264151,0.1509433962264151,0.0002434253692626953,
Cc1ccc2c3ccc=3c2c1,0,0,0.21568627450980393,0.21568627450980393,0.0002677440643310547,
CC1C=CC1(C)c1ccccc1,0,0,0.30612244897959184,0.30612244897959184,0.00023484230041503906,
C1=CCCC(C2=CC=CC2)C=C1,0,0,0.13793103448275862,0.13793103448275862,0.0002117156982421875,
CC1=C=C(c2ccccc2)C1,0,0,0.2978723404255319,0.2978723404255319,0.00021314620971679688,
Cc1cc2cc(c1)C1=CC=C12,0,0,0.12727272727272726,0.12727272727272726,0.00024700164794921875,
C=C1C=C1C1=CCC=C1,0,0,0.12244897959183673,0.12244897959183673,0.000164031982421875,
C1=C2CC12c1ccccc1,18,6,0.3488372093023256,0.3488372093023256,0.0002276897430419922,
CC1=CC1CCc1ccccc1,0,0,0.30612244897959184,0.30612244897959184,0.00022721290588378906,
C1=CCC(C2=CC2)=C1,0,0,0.1276595744680851,0.1276595744680851,0.0001461505889892578,
C1=CC(CC2=CCC=C2)=C1,0,0,0.1568627450980392,0.1568627450980392,0.00018072128295898438,
C1=CC2C=C1c1cccc2c1,0,0,0.23529411764705882,0.23529411764705882,0.00026798248291015625,
CC1=C(c2ccccc2C)C1,0,0,0.25,0.25,0.00022530555725097656,
C=C=c1c2cccc1c2,16,3,0.3023255813953488,0.3023255813953488,0.0002105236053466797,
C=CC(=CCC)c1ccccc1,0,0,0.2549019607843137,0.2549019607843137,0.00021982192993164062,
c1ccc2c(c1)CCCC2,0,0,0.25,0.25,0.0002048015594482422,
C1=Cc2c(c3ccc2=3)C1,0,0,0.16326530612244897,0.16326530612244897,0.00021147727966308594,
C=C(C)c1ccc(C)cc1,0,0,0.2127659574468085,0.2127659574468085,0.00018167495727539062,
C1=C2C(=CC1)c1ccccc12,0,0,0.2857142857142857,0.2857142857142857,0.00024890899658203125,
CC1=CCC(c2ccccc2)=C1,0,0,0.32653061224489793,0.32653061224489793,0.00022983551025390625,
CC1C=CC=C1C1=CC=C1,0,0,0.16,0.16,0.0001811981201171875,
C1=CC2=CC=CCC=C2C=1,0,0,0.15384615384615385,0.15384615384615385,0.00018644332885742188,
C1=CC(c2cc3ccc2-3)=C1,0,0,0.20408163265306123,0.20408163265306123,0.00022363662719726562,
C1=C2CCC1c1ccccc12,0,0,0.26,0.26,0.00025343894958496094,
C1=C=C(C2=CC=CC=CC2)C=1,0,0,0.14814814814814814,0.14814814814814814,0.00019979476928710938,
CC1=CC=C1c1ccccc1,11,6,0.34782608695652173,0.34782608695652173,0.0002129077911376953,
C1=Cc2c3ccc-3c2C=CC1,0,0,0.18867924528301888,0.18867924528301888,0.00024199485778808594,
C=C1CC=C1c1ccccc1,0,0,0.3191489361702128,0.3191489361702128,0.0002200603485107422,
C1=Cc2ccccc2CC1,11,6,0.30434782608695654,0.30434782608695654,0.00021004676818847656,
C=CC(=CC)c1ccccc1,0,0,0.2708333333333333,0.2708333333333333,0.0001952648162841797,
C1=CC=C(C2=CC=C2)CC=C1,0,0,0.19230769230769232,0.19230769230769232,0.00019860267639160156,
CC1=CC=CC1C1=CC1,0,0,0.12244897959183673,0.12244897959183673,0.00016260147094726562,
CC1CCC1c1ccccc1,0,0,0.2653061224489796,0.2653061224489796,0.00021338462829589844,
C1=C2c3ccccc3CCC12,0,0,0.26,0.26,0.0002455711364746094,
Cc1cccc(C2=C=C=C2)c1C,0,0,0.16666666666666666,0.16666666666666666,0.0002338886260986328,
C1=CC12c1ccccc12,0,0,0.3333333333333333,0.3333333333333333,0.00020647048950195312,
Cc1ccc(C2=CCCC=C2)cc1,0,0,0.23636363636363636,0.23636363636363636,0.0002529621124267578,
c1cc2c3cc1c1cc3c12,0,0,0.17647058823529413,0.17647058823529413,0.0003542900085449219,
Cc1ccc2c3ccc-3c2c1,0,0,0.21568627450980393,0.21568627450980393,0.0002655982971191406,
CC1=CC=C(C)CC=C1,0,0,0.12244897959183673,0.12244897959183673,0.00015282630920410156,
C=C1CC=C1c1cccc(C)c1,0,0,0.18518518518518517,0.18518518518518517,0.00023818016052246094,
CC1C=C1c1cc2ccc1-2,0,0,0.16,0.16,0.00022411346435546875,
C1=CCC(C2=CC=C2)=C1,0,0,0.16666666666666666,0.16666666666666666,0.0001709461212158203,
CC(=C1C=C1)c1cccc(C)c1,0,0,0.21153846153846154,0.21153846153846154,0.0002415180206298828,
CC1C=CCc2ccccc21,0,0,0.2916666666666667,0.2916666666666667,0.0002155303955078125,
C=CC1=Cc2cc(C)ccc21,0,0,0.1509433962264151,0.1509433962264151,0.0002219676971435547,
C1=C2c3ccccc3C2C1,0,0,0.2765957446808511,0.2765957446808511,0.0002334117889404297,
CC1=CC(c2ccccc2)=CC1,0,0,0.32653061224489793,0.32653061224489793,0.00023245811462402344,
C=C1C=C1C1=CC=CC=CC1,0,0,0.1509433962264151,0.1509433962264151,0.00019788742065429688,
C1=CC(C2=CC2)=CC1,0,0,0.1276595744680851,0.1276595744680851,0.0001468658447265625,
Cc1cccc2c1C1=CCC2=C1,0,0,0.18181818181818182,0.18181818181818182,0.00026607513427734375,
CC1=C(Cc2ccccc2)C=C1,0,0,0.32653061224489793,0.32653061224489793,0.00023436546325683594,
C1=Cc2c1cc1cc2-1,0,0,0.125,0.125,0.0001938343048095703,
CCCc1c2cccc1-2,0,0,0.16666666666666666,0.16666666666666666,0.00018668174743652344,
C=Cc1cccc(C)c1C,0,0,0.16326530612244897,0.16326530612244897,0.00018405914306640625,
Cc1ccccc1C1=CC=CC1,0,0,0.3,0.3,0.00023102760314941406,
CC1=CC=CCC(C)=C1,0,0,0.12244897959183673,0.12244897959183673,0.00015044212341308594,
Cc1ccccc1CC1=CC1,0,0,0.2708333333333333,0.2708333333333333,0.00020885467529296875,
C1=CC=1C1C=CC=C1,0,0,0.1276595744680851,0.1276595744680851,0.00014710426330566406,
Cc1ccc2cc1C1=CC=C12,0,0,0.16981132075471697,0.16981132075471697,0.00024437904357910156,
C1=CC(CC2C=CC=C2)=C1,0,0,0.1568627450980392,0.1568627450980392,0.00018167495727539062,
C1=CCCC(C2=CC=C2)C=C1,0,0,0.14814814814814814,0.14814814814814814,0.0001938343048095703,
C1=CC(c2cc3ccc2-3)C=1,0,0,0.18,0.18,0.0002238750457763672,
CCC=C(C)c1ccccc1,0,0,0.2708333333333333,0.2708333333333333,0.0002014636993408203,
C1=CCC(c2ccccc2)=CC1,5,0,0.3469387755102041,0.3469387755102041,0.00022983551025390625,
C=C(C)Cc1ccc(C)cc1,0,0,0.2,0.2,0.0002071857452392578,
CC1=C2C=C2c2ccc1cc2,0,0,0.21568627450980393,0.21568627450980393,0.00027298927307128906,
C1=CCC=C(C2=CCCC=C2)C=C1,0,0,0.1694915254237288,0.1694915254237288,0.0002486705780029297,
C1=CC1=C1c2ccccc21,0,0,0.3111111111111111,0.3111111111111111,0.00023221969604492188,
C1=CCC=CC(C2C=CC2)=C1,0,0,0.14814814814814814,0.14814814814814814,0.00020194053649902344,
CCC1c2ccc(C)c1c2,0,0,0.13725490196078433,0.13725490196078433,0.000213623046875,
C1=CC2=CC=C1C21C2=CC21,0,0,0.1346153846153846,0.1346153846153846,0.00021004676818847656,
Cc1ccccc1C1=C=CCC1,0,0,0.25,0.25,0.00025773048400878906,
C1=CC2Cc3cc2ccc31,0,0,0.17647058823529413,0.17647058823529413,0.00022530555725097656,
C1=CC2C=1Cc1ccccc12,0,0,0.26,0.26,0.0002377033233642578,
C1=CC2c3ccccc3C12,0,0,0.30434782608695654,0.30434782608695654,0.00023698806762695312,
C1=C(c2ccccc2)CCC1,4,3,0.3125,0.3125,0.0002167224884033203,
CC1=CC(c2ccccc2)C1,0,0,0.32608695652173914,0.32608695652173914,0.0002155303955078125,
CC1(C2=CC=CC=CC2)C=CC1,0,0,0.14285714285714285,0.14285714285714285,0.0002067089080810547,
C1=CCCC=1c1ccccc1,0,0,0.3125,0.3125,0.0002155303955078125,
C1=C2C1C2c1ccccc1,11,9,0.3409090909090909,0.3409090909090909,0.00022649765014648438,
C=C1C=C1C1C=CC=CC1,0,0,0.13725490196078433,0.13725490196078433,0.0001876354217529297,
CC1CC1(C)c1ccccc1,0,0,0.2765957446808511,0.2765957446808511,0.0002129077911376953,
CC1C2=C1c1ccccc12,0,0,0.2553191489361702,0.2553191489361702,0.00022912025451660156,
C1=C2c3ccccc3C2CC1,0,0,0.26,0.26,0.00023889541625976562,
CC1C=C1C1=CCC=C1,0,0,0.12244897959183673,0.12244897959183673,0.0001609325408935547,
Cc1cccc2c3ccc-3c12,0,0,0.24,0.24,0.0002613067626953125,
CC1=CCC(C)=CC=C1,0,0,0.12244897959183673,0.12244897959183673,0.0001537799835205078,
c1ccc2ccccc2c1,0,0,1.0,1.0,0.0002410411834716797,
C1=Cc2c3ccc-3c2CC1,0,0,0.15384615384615385,0.15384615384615385,0.0002307891845703125,
C1=CC(c2ccccc2)=CCC1,31,15,0.3469387755102041,0.3469387755102041,0.00024580955505371094,
C1=CCC=CC(C2C=C2)=C1,0,0,0.1568627450980392,0.1568627450980392,0.00017976760864257812,
C=C1C=C1c1ccccc1C,0,0,0.2765957446808511,0.2765957446808511,0.00021886825561523438,
CC1=CC=CCC(C2=C=CC2)=C1,0,0,0.12280701754385964,0.12280701754385964,0.00021648406982421875,
CCc1ccc2c(c1)C=CC2,0,0,0.16981132075471697,0.16981132075471697,0.00022745132446289062,
C1=C2CC=C2C1c1ccccc1,0,0,0.32,0.32,0.0002579689025878906,
C1=CC=1c1cc2cc-2c1,0,0,0.12,0.12,0.00021147727966308594,
C=C1C=C1c1cc2ccc1-2,0,0,0.16,0.16,0.00022029876708984375,
C1=C2c3cccc(c3)C12,0,0,0.2127659574468085,0.2127659574468085,0.0002124309539794922,
C1=CC1c1ccc2cc1-2,0,0,0.19148936170212766,0.19148936170212766,0.00019550323486328125,
C1=CCc2ccccc2C=1,1,2,0.30434782608695654,0.30434782608695654,0.0002071857452392578,
CC1=C=Cc2ccccc21,0,0,0.2826086956521739,0.2826086956521739,0.0002052783966064453,
c1cc2c3cc4c(c1)c2c34,0,0,0.17647058823529413,0.17647058823529413,0.0002682209014892578,
C1=CCC=CC(C2=CCCC=C2)=C1,0,0,0.1694915254237288,0.1694915254237288,0.00024318695068359375,
c1ccc(C2C=C2)cc#1,0,0,0.14285714285714285,0.14285714285714285,0.00018405914306640625,
C1=CC=1Cc1ccccc1,3,1,0.3409090909090909,0.3409090909090909,0.00019598007202148438,
C1=CC2C3=CC=C1C2=C3,0,0,0.14,0.14,0.00017786026000976562,
c1ccc(C2CCCC2)cc1,0,0,0.26,0.26,0.00021600723266601562,
C1=C2C(=CC1)c1cccc2c1,0,0,0.21153846153846154,0.21153846153846154,0.0002536773681640625,
C1=C2CC=1c1ccccc12,0,0,0.2553191489361702,0.2553191489361702,0.000240325927734375,
C1=C2C=C2c2ccc1cc2,0,0,0.25,0.25,0.0002646446228027344,
C1=c2c3ccc=3c2=CCCC1,0,0,0.14545454545454545,0.14545454545454545,0.00025010108947753906,
CC1(c2ccccc2)C=C1,14,12,0.3488372093023256,0.3488372093023256,0.00019049644470214844,
CC1=C(C2=C=C2)C=CCC=C1,0,0,0.12962962962962962,0.12962962962962962,0.00019669532775878906,
C1=CCC(c2ccccc2)=CCC1,0,1,0.3269230769230769,0.3269230769230769,0.0002582073211669922,
C1=CC(C2=CCCC=C2)=CC1,0,0,0.14545454545454545,0.14545454545454545,0.0001964569091796875,
C1=CC(c2cc3cc-3c2)CC1,0,0,0.125,0.125,0.00024819374084472656,
Cc1cccc2c1CC=C2,0,0,0.20408163265306123,0.20408163265306123,0.00020313262939453125,
C1=C2CC(=C1)c1cccc2c1,0,0,0.21153846153846154,0.21153846153846154,0.00026106834411621094,
C1=C2C=1c1cccc2c1,0,0,0.1875,0.1875,0.00020813941955566406,
C1=CC1Cc1ccccc1,28,26,0.3409090909090909,0.3409090909090909,0.00020766258239746094,
C1=CC1c1cc2ccc1-2,0,0,0.19148936170212766,0.19148936170212766,0.0002086162567138672,
Cc1ccc(C2=CC=CC2)c(C)c1,0,0,0.17543859649122806,0.17543859649122806,0.0002560615539550781,
C1=CC2CC(C=C1)C1=CC=C12,0,0,0.14545454545454545,0.14545454545454545,0.000217437744140625,
CC1C=C=C1c1ccccc1,8,4,0.3191489361702128,0.3191489361702128,0.0002181529998779297,
C1#CC12Cc1ccccc12,0,0,0.2553191489361702,0.2553191489361702,0.00022840499877929688,
C1=C2Cc3ccc2cc31,0,0,0.16326530612244897,0.16326530612244897,0.0002415180206298828,
CC=Cc1cc2ccc1-2,0,0,0.14285714285714285,0.14285714285714285,0.000171661376953125,
C1=CC=CC(C2C=CC2)C=C1,0,0,0.14814814814814814,0.14814814814814814,0.00020432472229003906,
C1=CC(C2=CC2)C=C1,0,0,0.1276595744680851,0.1276595744680851,0.0001468658447265625,
C1=CC=1C1=CCC=C1,0,0,0.1276595744680851,0.1276595744680851,0.00014448165893554688,
CC1=CC(C2C=CC=C2)=CC1,0,0,0.14814814814814814,0.14814814814814814,0.00019240379333496094,
C=C=C(C)c1cccc(C)c1,0,0,0.17647058823529413,0.17647058823529413,0.0001933574676513672,
Cc1c#cccc1C=C1C=C1,0,0,0.12962962962962962,0.12962962962962962,0.00022745132446289062,
CC1=CCC=CC(C)=C1,0,0,0.12244897959183673,0.12244897959183673,0.0001533031463623047,
Cc1ccc(C2=CCCC2)cc1,0,0,0.2037037037037037,0.2037037037037037,0.0002338886260986328,
CC1=Cc2ccccc21,0,0,0.3023255813953488,0.3023255813953488,0.00017952919006347656,
C1=CC=1c1ccc2cc1-2,0,0,0.16666666666666666,0.16666666666666666,0.00020074844360351562,
C1=CCC(C2=CCC2)=C1,0,0,0.12,0.12,0.00015997886657714844,
C1=C2CC=1c1ccc2cc1,0,0,0.20408163265306123,0.20408163265306123,0.0002532005310058594,
CC(C1=CCCCC=C1)=C1C=C1,0,0,0.12280701754385964,0.12280701754385964,0.00021719932556152344,
Cc1ccc2cc3c(c1c2)=C3,0,0,0.16981132075471697,0.16981132075471697,0.00027632713317871094,
CC1(Cc2ccccc2)C=CC1,0,0,0.30612244897959184,0.30612244897959184,0.00022149085998535156,
C1=CC(c2ccccc2)=CC1,43,27,0.3695652173913043,0.3695652173913043,0.00021409988403320312,
C1=c2c=1c1ccc2cc1,0,0,0.26666666666666666,0.26666666666666666,0.00022220611572265625,
C=C=Cc1ccccc1C,0,0,0.2608695652173913,0.2608695652173913,0.0001819133758544922,
CC1=CC1c1ccc(C)c(C)c1,0,0,0.14814814814814814,0.14814814814814814,0.00023937225341796875,
C1=CC(c2cc#ccc2)C=1,0,0,0.1346153846153846,0.1346153846153846,0.000202178955078125,
CC1=CCC(C=C2C=C2)C=C1,0,0,0.12962962962962962,0.12962962962962962,0.00020170211791992188,
Cc1cccc(C2=CC=C2)c1,0,0,0.24489795918367346,0.24489795918367346,0.00021767616271972656,
CC1Cc2ccc(cc2)C1,0,0,0.20408163265306123,0.20408163265306123,0.00021791458129882812,
CCC1(C)C=C1c1ccccc1,0,0,0.30612244897959184,0.30612244897959184,0.00023555755615234375,
C1=CCC(C=C2C=C2)=C1,0,0,0.14285714285714285,0.14285714285714285,0.00016927719116210938,
CC1=CCC=C(C2=CC2)C=C1,0,0,0.12962962962962962,0.12962962962962962,0.00019478797912597656,
C1=CC2CC=C1c1cccc2c1,0,0,0.2222222222222222,0.2222222222222222,0.0002918243408203125,
C1=CC=CC=CCC=1,0,0,0.125,0.125,0.00014066696166992188,
CC1C=C1C1=CC=CCC=C1,0,0,0.1509433962264151,0.1509433962264151,0.0001957416534423828,
C1=C2CC(c3ccccc3)=C12,0,0,0.3125,0.3125,0.0002524852752685547,
C1=CC(C2=C3CC=CC3=C2)=C1,0,0,0.14814814814814814,0.14814814814814814,0.00021648406982421875,
C1=CC=1C1=CCCC=C1,0,0,0.12,0.12,0.00017261505126953125,
C1=CCC=CC(CC2=CCC=C2)=C1,0,0,0.1694915254237288,0.1694915254237288,0.0002410411834716797,
C=CCc1ccccc1C,0,0,0.2608695652173913,0.2608695652173913,0.00018668174743652344,
C=C1C=C1CC1=CC=CCC=C1,0,0,0.14285714285714285,0.14285714285714285,0.00022125244140625,
CC1=CCC(C2(C)C=C2)=CC=C1,0,0,0.14545454545454545,0.14545454545454545,0.00021338462829589844,
C1=CCC(c2ccccc2)CC1,0,0,0.29411764705882354,0.29411764705882354,0.00023794174194335938,
C=C1C=C1c1c2cccc1-2,0,0,0.1836734693877551,0.1836734693877551,0.0002307891845703125,
C1=CC=C2C=CC(=C1)C2,0,0,0.16326530612244897,0.16326530612244897,0.0001785755157470703,
C1=CC2=CC=C2C1,20,13,0.13333333333333333,0.13333333333333333,0.00013327598571777344,
CC1=CCC(C2=CC=C2)=C1,0,0,0.13725490196078433,0.13725490196078433,0.00018668174743652344,
C1=CC2=CC=CC=C(C=1)C2,0,0,0.15384615384615385,0.15384615384615385,0.0001900196075439453,
c1ccc2c3cc-3cc2c1,6,9,0.36363636363636365,0.36363636363636365,0.00023365020751953125,
CC1CC=C1c1ccccc1,13,5,0.3191489361702128,0.3191489361702128,0.00021600723266601562,
Cc1ccc(C2=CCC2C)cc1,0,0,0.20754716981132076,0.20754716981132076,0.00023794174194335938,
C=c1c2ccc3c1c2-3,0,0,0.1276595744680851,0.1276595744680851,0.0001933574676513672,
Cc1ccccc1C12C=C1C2,0,0,0.2765957446808511,0.2765957446808511,0.0002205371856689453,
Cc1ccc(C2=CC=C2)cc1,0,0,0.2708333333333333,0.2708333333333333,0.0002219676971435547,
C1=C2c3ccc(cc3)CC12,0,0,0.22448979591836735,0.22448979591836735,0.0002491474151611328,
c1cccc(C2C=C2)c#1,0,0,0.16666666666666666,0.16666666666666666,0.00018644332885742188,
Cc1ccccc1C1=C=CC1,0,0,0.2708333333333333,0.2708333333333333,0.0002181529998779297,
Cc1ccc(C2C3=CC32)cc1,0,0,0.22,0.22,0.0002231597900390625,
C=C1C=C1C1C=CC=C1,0,0,0.14583333333333334,0.14583333333333334,0.00016260147094726562,
Cc1cccc(C2C=CC2)c1,0,0,0.22,0.22,0.00021791458129882812,
C1=Cc2c3ccc-3c2CCC1,0,0,0.14545454545454545,0.14545454545454545,0.0002455711364746094,
CC1(C2C=CC=C2)C=C1,0,0,0.12244897959183673,0.12244897959183673,0.000164031982421875,
CC1C=C1C1=CC=CC1,0,0,0.12244897959183673,0.12244897959183673,0.00015878677368164062,
c1cc2ccc1c1c2CC1,0,0,0.25,0.25,0.00025916099548339844,
C1=C2C3=C1c1ccc(cc1)C23,0,0,0.21153846153846154,0.21153846153846154,0.0002951622009277344,
C1=CC(C2=CCC=C2)=CC1,0,0,0.15384615384615385,0.15384615384615385,0.00017881393432617188,
c1ccc2c3cc(cc2c1)C3,3,1,0.34782608695652173,0.34782608695652173,0.0002770423889160156,
CC1=CC(C)=C1Cc1ccccc1,0,0,0.28846153846153844,0.28846153846153844,0.00025463104248046875,
C1=CC2CCC1c1ccccc12,0,0,0.2692307692307692,0.2692307692307692,0.00029158592224121094,
C1=CCCC(C2=CC=C2)=C1,0,0,0.1568627450980392,0.1568627450980392,0.00018286705017089844,
C1=c2cc(c3cccc2c3)C1,0,0,0.3125,0.3125,0.00027561187744140625,
CC1=CC=C1c1ccccc1C,0,0,0.28,0.28,0.00023484230041503906,
CCC=CCc1ccccc1,0,0,0.2653061224489796,0.2653061224489796,0.00019621849060058594,
C1=CC2=C1Cc1ccccc12,0,0,0.2857142857142857,0.2857142857142857,0.00024509429931640625,
c1cc2ccc1CCC2,0,0,0.2127659574468085,0.2127659574468085,0.00019931793212890625,
c1cc2ccc1=2,11,40,0.2702702702702703,0.2702702702702703,0.00015687942504882812,
CCC(=C1C=C1)c1ccccc1,0,0,0.3333333333333333,0.3333333333333333,0.00022912025451660156,
CC1C=CC(C2=C=C2)=C1,0,0,0.12244897959183673,0.12244897959183673,0.00016045570373535156,
Cc1cccc2c1C1=CCCC12,0,0,0.16071428571428573,0.16071428571428573,0.00025916099548339844,
C1=C2c3ccccc3CC12,0,0,0.2765957446808511,0.2765957446808511,0.00022840499877929688,
CC1=CC=C(C2=CCCC=C2)C1,0,0,0.1206896551724138,0.1206896551724138,0.00021696090698242188,
C1=CC2=C(C=C2)C1,18,13,0.13333333333333333,0.13333333333333333,0.00014066696166992188,
C=C1C=C1C1=CCC=CCC=C1,0,0,0.14285714285714285,0.14285714285714285,0.0002205371856689453,
C1=CCC(C2C=CC=C2)=C1,0,0,0.15384615384615385,0.15384615384615385,0.0001800060272216797,
Cc1ccccc1C1C=C=C1,0,0,0.2978723404255319,0.2978723404255319,0.00021767616271972656,
CC1=CC=C1C1=CCCCC=C1,0,0,0.1206896551724138,0.1206896551724138,0.00021409988403320312,
Cc1ccccc1CC1=C=C1,0,0,0.2708333333333333,0.2708333333333333,0.000209808349609375,
CC1(c2ccccc2)CC=CCC1,0,0,0.2830188679245283,0.2830188679245283,0.00024199485778808594,
C1=C2C=C(C2)c2cccc1c2,0,0,0.21568627450980393,0.21568627450980393,0.00027751922607421875,
C1=CCC=C2CC=CC2=C1,0,0,0.15384615384615385,0.15384615384615385,0.00018453598022460938,
CC1=CC=CCC=C1,0,0,0.1276595744680851,0.1276595744680851,0.00013327598571777344,
CC1=CCC=CC(C2=C=C2)=C1,0,0,0.12962962962962962,0.12962962962962962,0.00020074844360351562,
CC1=CC=C2C=CC2=CC1,0,0,0.1346153846153846,0.1346153846153846,0.00018405914306640625,
CCc1ccc(C2C=C2)cc1,0,0,0.24489795918367346,0.24489795918367346,0.0002148151397705078,
Cc1cccc(C=C2C=C2)c1,0,0,0.22,0.22,0.0002224445343017578,
Cc1ccc(C2=CC=CC2)cc1,0,0,0.25,0.25,0.00022840499877929688,
C=C=C1Cc2cccc1c2,0,0,0.18,0.18,0.0002105236053466797,
Cc1cc2ccc1c1c2C1,0,0,0.1568627450980392,0.1568627450980392,0.00025272369384765625,
Cc1cccc(C2=CC=CC2)c1,0,0,0.22641509433962265,0.22641509433962265,0.0002307891845703125,
Cc1cccc2c3cc(cc12)C3,0,0,0.18518518518518517,0.18518518518518517,0.00028061866760253906,
CCC1=C2c3cccc(c3)C12,0,0,0.16981132075471697,0.16981132075471697,0.0002334117889404297,
C1=CC(CC=C2C=C2)C=C1,0,0,0.1346153846153846,0.1346153846153846,0.00018072128295898438,
C1=C(c2ccccc2)C1,42,50,0.36585365853658536,0.36585365853658536,0.00018644332885742188,
C1=CC=C(C2=CC=CC2)CC=C1,0,0,0.17857142857142858,0.17857142857142858,0.00021076202392578125,
Cc1ccc(C2=CC2C)cc1,0,0,0.22448979591836735,0.22448979591836735,0.00021004676818847656,
C1=CC=CCC=CC=C1,0,0,0.16326530612244897,0.16326530612244897,0.00015854835510253906,
C=C1C=C1c1cccc(C)c1,0,0,0.2,0.2,0.00021505355834960938,
Cc1cccc(C2=C=CC2)c1,0,0,0.19607843137254902,0.19607843137254902,0.00021386146545410156,
C1=CC(c2c#cccc2)C=1,0,0,0.1568627450980392,0.1568627450980392,0.00019884109497070312,
Cc1cccc2c1CC2,0,0,0.16666666666666666,0.16666666666666666,0.00017833709716796875,
C1=CC=CC=CC=1,0,0,0.13333333333333333,0.13333333333333333,0.00012636184692382812,
CC1=Cc2c3ccc-3c2C=CC1,0,0,0.16071428571428573,0.16071428571428573,0.0002696514129638672,
Cc1ccc(C2=CC2)cc1,0,0,0.23404255319148937,0.23404255319148937,0.0001914501190185547,
C1=CC2=C(C=C2)CC1,14,1,0.125,0.125,0.000152587890625,
c1ccc2c(c1)CCC2,0,0,0.26666666666666666,0.26666666666666666,0.0001876354217529297,
C1=CC(c2ccccc2)C2=C1C2,0,0,0.32,0.32,0.0002613067626953125,
CC1=CC(c2c#cccc2)=CC1,0,0,0.16071428571428573,0.16071428571428573,0.0002372264862060547,
C1=CC1=CCc1ccccc1,31,14,0.34782608695652173,0.34782608695652173,0.00023126602172851562,
C1=CC=CC2=C(C=C1)C2,0,0,0.16326530612244897,0.16326530612244897,0.000171661376953125,
c1ccc(C2C3CC32)cc1,0,0,0.2826086956521739,0.2826086956521739,0.00021266937255859375,
C1=CC=1C1=CC=C1,0,0,0.13953488372093023,0.13953488372093023,0.00013780593872070312,
Cc1cc2ccc1=2,17,21,0.16279069767441862,0.16279069767441862,0.0001621246337890625,
CC1=CC=C1C1=CC=CC=CC1,0,0,0.16071428571428573,0.16071428571428573,0.00021696090698242188,
CCC(=C1C=C1)c1ccc(C)cc1,0,0,0.2222222222222222,0.2222222222222222,0.0002551078796386719,
C1=CC(C2C=CC=C2)=C1,0,0,0.16666666666666666,0.16666666666666666,0.00016260147094726562,
C1=CCC(C23C=C2C3)=C1,0,0,0.12244897959183673,0.12244897959183673,0.00017213821411132812,
Cc1cc2ccc1-2,22,16,0.16279069767441862,0.16279069767441862,0.00014472007751464844,
CC1C=CC2=CC=C21,17,3,0.1276595744680851,0.1276595744680851,0.000148773193359375,
C1=CCCCC(CC2=CCC=C2)=C1,0,0,0.13114754098360656,0.13114754098360656,0.00023984909057617188,
CC1CC=CC=C1c1ccccc1,0,0,0.3333333333333333,0.3333333333333333,0.0002493858337402344,
c1cc2c1c1ccc21,0,0,0.22727272727272727,0.22727272727272727,0.0002200603485107422,
C1=c2cc(c3cccc2c3)CC1,0,0,0.29411764705882354,0.29411764705882354,0.000301361083984375,
C1=C2Cc3ccc(cc3)CC12,0,0,0.21153846153846154,0.21153846153846154,0.00027823448181152344,
C1=CCC(C=C2C=C2)C=C1,0,0,0.1346153846153846,0.1346153846153846,0.0001919269561767578,
CC1C=CC(CC2=CC=C2)=C1,0,0,0.1509433962264151,0.1509433962264151,0.00020313262939453125,
CC1=CC(C2=CC=CC2)=C1,0,0,0.13725490196078433,0.13725490196078433,0.0001773834228515625,
CC(C1=CC=CCC=C1)=C1C=C1,0,0,0.16363636363636364,0.16363636363636364,0.00021600723266601562,
C1=C=CC(C2=CCC=C2)=CC=1,0,0,0.14545454545454545,0.14545454545454545,0.00020074844360351562,
C1=CCC=C(C2C=CC2)C=C1,0,0,0.14814814814814814,0.14814814814814814,0.00020766258239746094,
CC1=CC=C2C=CC12,0,0,0.1276595744680851,0.1276595744680851,0.00014710426330566406,
CC1(c2ccccc2)C=C=C1,0,0,0.32608695652173914,0.32608695652173914,0.00021457672119140625,
C1=CC1c1ccccc1,41,56,0.36585365853658536,0.36585365853658536,0.00018453598022460938,
Cc1cccc2c3ccc=3c12,0,0,0.24,0.24,0.00025534629821777344,
CC(C=C1C=C1)c1ccccc1,0,0,0.3333333333333333,0.3333333333333333,0.0002269744873046875,
C1=C(c2c3cccc2-3)C1,0,0,0.19148936170212766,0.19148936170212766,0.00020694732666015625,
CC1=CC1=C(C)c1c#cccc1,0,0,0.14545454545454545,0.14545454545454545,0.0002377033233642578,
C1=CC(CCc2ccccc2)C1,0,0,0.3,0.3,0.00024437904357910156,
Cc1ccc2c(C3C4=CC43)c1-2,0,0,0.12962962962962962,0.12962962962962962,0.000263214111328125,
Cc1cccc2c1C=CC2,0,0,0.20408163265306123,0.20408163265306123,0.0001952648162841797,
Cc1ccccc1C1C=CCC1,0,0,0.27450980392156865,0.27450980392156865,0.00023889541625976562,
CC1=CC12C1=CC=C2C=C1,0,0,0.13725490196078433,0.13725490196078433,0.00020813941955566406,
Cc1c(C)c2ccc1=2,11,9,0.13043478260869565,0.13043478260869565,0.00017261505126953125,
CCC1=CC=CCC=C1,0,0,0.12,0.12,0.00014781951904296875,
CCC1=CC=CC=CC1,0,0,0.12,0.12,0.00015401840209960938,
Cc1ccccc1C1=C2CC21,0,0,0.24489795918367346,0.24489795918367346,0.00023365020751953125,
CC1C2=C1c1cccc2c1,0,0,0.18,0.18,0.0002243518829345703,
CC(=C1C=C1)c1c#cccc1,0,0,0.17307692307692307,0.17307692307692307,0.0002219676971435547,
c1ccc2c(c1)C1=C2CCC1,0,0,0.23529411764705882,0.23529411764705882,0.00023555755615234375,
c1cc2ccc1c1c2C1,0,0,0.26666666666666666,0.26666666666666666,0.00022125244140625,
C1=C=C(c2ccccc2)C=1,15,16,0.3409090909090909,0.3409090909090909,0.00019860267639160156,
C1=CC2=C(C=CC2)C1,3,6,0.125,0.125,0.00014853477478027344,
Cc1ccccc1C1=CCCC=C1,0,0,0.2830188679245283,0.2830188679245283,0.00025272369384765625,
c1ccc2c(c1)C1=C3CC312,0,0,0.25,0.25,0.00023221969604492188,
c1ccc(C2CC2)cc1,9,6,0.3023255813953488,0.3023255813953488,0.0001850128173828125,
CCC1=CC(c2ccccc2)=C1,0,0,0.3333333333333333,0.3333333333333333,0.00023293495178222656,
C1=CC2=CCC=C2C1,4,1,0.125,0.125,0.00015115737915039062,
c1cc2c3c(c1=2)CC3,4,2,0.125,0.125,0.0002040863037109375,
C1=C2Cc3cccc(c3)C12,0,0,0.2,0.2,0.0002410411834716797,
C1=CC2C(=C1)C1=C2C=C1,0,0,0.14,0.14,0.00017523765563964844,
CC(=C1C=C1)c1cc2ccc1-2,0,0,0.17307692307692307,0.17307692307692307,0.00023674964904785156,
CC1=C(C2=CCC=C2)C=C1,0,0,0.1346153846153846,0.1346153846153846,0.0001780986785888672,
C1=C(Cc2ccccc2)C1,24,12,0.3409090909090909,0.3409090909090909,0.00020313262939453125,
Cc1c2ccc-2c1C,12,6,0.13043478260869565,0.13043478260869565,0.00017309188842773438,
C1=Cc2cccc3c2C=13,0,0,0.1875,0.1875,0.00019741058349609375,
C1=CC2CC2=C1c1ccccc1,0,0,0.32,0.32,0.0002713203430175781,
CC1C=CC=C1C1=CC=CC1,0,0,0.14814814814814814,0.14814814814814814,0.00019884109497070312,
C1=CC2=CCC=C12,12,9,0.13333333333333333,0.13333333333333333,0.00013017654418945312,
CC1=CCCCc2c3ccc-3c21,0,0,0.1206896551724138,0.1206896551724138,0.0002617835998535156,
CC1=CC=CCC=C1C,0,1,0.12244897959183673,0.12244897959183673,0.0001506805419921875,
C1=CCC(C2=CCCCC=C2)=C1,0,0,0.13793103448275862,0.13793103448275862,0.00022125244140625,
C1=CCC=1C1=CC=CC=CC1,0,0,0.14814814814814814,0.14814814814814814,0.00020003318786621094,
CCCc1cc2ccc1=2,23,8,0.14285714285714285,0.14285714285714285,0.00018477439880371094,
CC1=CCCC=C1c1ccccc1,0,0,0.3076923076923077,0.3076923076923077,0.0002510547637939453,
C=C=C(C)c1ccccc1,0,0,0.28888888888888886,0.28888888888888886,0.00018525123596191406,
C1=CC2=CCCC=C12,4,1,0.125,0.125,0.0001518726348876953,
C1=CCC=C2C=CCC2=C1,0,0,0.15384615384615385,0.15384615384615385,0.0001914501190185547,
CCc1c2ccc-2c1C,1,0,0.12244897959183673,0.12244897959183673,0.00018405914306640625,
Cc1cccc(C2CC2)c1,0,0,0.1836734693877551,0.1836734693877551,0.00019407272338867188,
Cc1cccc(C2=C=C2)c1,0,0,0.20833333333333334,0.20833333333333334,0.00020122528076171875,
c1ccc(C2=CC=C2)cc#1,0,0,0.18,0.18,0.00020360946655273438,
C1=C(c2cc3ccc2-3)CC1,0,0,0.1568627450980392,0.1568627450980392,0.00022172927856445312,
CC12C=C1c1ccccc12,0,0,0.2826086956521739,0.2826086956521739,0.0002193450927734375,
C=C1C2=CCC=CC1=C2,0,0,0.12,0.12,0.00017380714416503906,
CCc1cc2ccc1=2,21,10,0.15217391304347827,0.15217391304347827,0.00016880035400390625,
CC1=CC(C2=CC=CCC=C2)=C1,0,0,0.16363636363636364,0.16363636363636364,0.00021648406982421875,
CC1C=CC2=C1C=C2,10,2,0.1276595744680851,0.1276595744680851,0.0001475811004638672,
C1=CCC(C2=CCC=C2)=CC1,0,0,0.14545454545454545,0.14545454545454545,0.00019240379333496094,
C1=CC2=CCC(=C1)C1C=C21,0,0,0.1320754716981132,0.1320754716981132,0.00019669532775878906,
CC1=C=C1Cc1ccccc1,0,0,0.2978723404255319,0.2978723404255319,0.00021910667419433594,
CC1=CC2=CCC=CC=C12,0,0,0.1346153846153846,0.1346153846153846,0.0001857280731201172,
CC1=C(C)C1(C)c1ccccc1,0,0,0.2916666666666667,0.2916666666666667,0.00023126602172851562,
C1=CC(c2ccc3cc2-3)=C1,0,0,0.20408163265306123,0.20408163265306123,0.00022339820861816406,
C1=CC1CCCc1ccccc1,0,0,0.3,0.3,0.0002357959747314453,
Cc1ccccc1C1=C=C=C1,0,0,0.2708333333333333,0.2708333333333333,0.00022149085998535156,
CC1=CC1c1cc2ccc1-2,0,0,0.16,0.16,0.00022411346435546875,
C1=CCCC(C2=CCCC=C2)=C1,0,0,0.13793103448275862,0.13793103448275862,0.0002186298370361328,
c1ccc2c(c1)C1=C2C1,0,0,0.26666666666666666,0.26666666666666666,0.00020074844360351562,
C=CC=Cc1cc2ccc1-2,0,0,0.1346153846153846,0.1346153846153846,0.0002040863037109375,
C1=C2Cc3ccccc3C2=C1,0,0,0.2857142857142857,0.2857142857142857,0.00024366378784179688,
Cc1ccccc1C1(C)C=C1,0,0,0.30434782608695654,0.30434782608695654,0.00022745132446289062,
C1=C2c3ccc4c(c3-4)C12,0,0,0.14,0.14,0.00022935867309570312,
C1=CCC=C(C2=CC=C2)C=C1,0,0,0.19230769230769232,0.19230769230769232,0.00020265579223632812,
CCC(=C1C=C1C)c1ccccc1,0,0,0.29411764705882354,0.29411764705882354,0.0002541542053222656,
C1=c2c3ccc=3c2=CCC1,0,0,0.15384615384615385,0.15384615384615385,0.00023555755615234375,
C=C1C=C1c1ccc(C)cc1,0,0,0.22448979591836735,0.22448979591836735,0.00021839141845703125,
C1=CCC=C2C=CC2=C1,0,0,0.16326530612244897,0.16326530612244897,0.00016379356384277344,
C1=CC2=C(C1)CC=C2,5,2,0.125,0.125,0.00014972686767578125,
C1=CCc2ccccc2C1,0,0,0.30434782608695654,0.30434782608695654,0.0002090930938720703,
CC1=CCC(C2=C=C2)=CC=C1,0,0,0.12962962962962962,0.12962962962962962,0.00019669532775878906,
Cc1ccccc1CC1C=C1,0,0,0.2978723404255319,0.2978723404255319,0.0002148151397705078,
Cc1cccc(C2=CC2)c1,0,0,0.20833333333333334,0.20833333333333334,0.00018548965454101562,
C1=CC2C=C1C1=CC12,0,0,0.125,0.125,0.00016498565673828125,
C1=CC(CC=C2C=C2)=CC1,0,0,0.1346153846153846,0.1346153846153846,0.00018262863159179688,
C1=CC=C(CC2=CC2)CC=C1,0,0,0.14814814814814814,0.14814814814814814,0.0001990795135498047,
CC1=C(c2ccccc2)C=C1,8,2,0.34782608695652173,0.34782608695652173,0.00021028518676757812,
CC1=CC1C1=CC=CC1,0,0,0.12244897959183673,0.12244897959183673,0.0001609325408935547,
C=C=Cc1ccccc1,9,4,0.3023255813953488,0.3023255813953488,0.0001652240753173828,
C=C1C=C1C1=CCC=CC=C1,0,0,0.1509433962264151,0.1509433962264151,0.0001995563507080078,
C=C1C=C(c2ccccc2)C1,0,0,0.32608695652173914,0.32608695652173914,0.00022029876708984375,
C1=CCCC2C(=C1)C1=C2C=C1,0,0,0.125,0.125,0.00021123886108398438,
CC1(Cc2ccccc2)C=C1,0,0,0.32608695652173914,0.32608695652173914,0.0002071857452392578,
c1ccc(C2CCC2)cc1,0,0,0.2826086956521739,0.2826086956521739,0.0001976490020751953,
C1=Cc2cccc1c2,0,0,0.2558139534883721,0.2558139534883721,0.0001823902130126953,
Cc1cccc(C2=CC2C)c1,0,0,0.2,0.2,0.0002231597900390625,
C1=C2Cc3ccc(cc3)C12,0,0,0.22448979591836735,0.22448979591836735,0.00024771690368652344,
CC1C=C1c1c#cccc1,0,0,0.16,0.16,0.00019884109497070312,
Cc1c2ccc(C3=C=C3)c1-2,0,0,0.13725490196078433,0.13725490196078433,0.0002300739288330078,
C1=CCCCCC(C2=CC=CC2)=C1,0,0,0.13114754098360656,0.13114754098360656,0.00023293495178222656,
C1=CC2CC1C2c1ccccc1,0,0,0.29411764705882354,0.29411764705882354,0.00027179718017578125,
C1=CC2C(=C1)C21C=C1,0,0,0.1276595744680851,0.1276595744680851,0.00016236305236816406,
C1=CC(C23C=C2C3)C=C1,0,0,0.12244897959183673,0.12244897959183673,0.00016808509826660156,
C1=Cc2c(c3ccc2cc3)C1,0,0,0.2857142857142857,0.2857142857142857,0.00027370452880859375,
Cc1ccccc1C=C1C=C1,0,0,0.2978723404255319,0.2978723404255319,0.00021958351135253906,
C1=C2CC1(c1ccccc1)C2,0,0,0.32608695652173914,0.32608695652173914,0.00026106834411621094,
CCc1ccccc1C1=CC=CC1,0,0,0.2830188679245283,0.2830188679245283,0.0002524852752685547,
c1cc2cc3c1cc1c2c31,0,0,0.2,0.2,0.0002589225769042969,
C1=CCC(c2ccccc2)C=C1,0,0,0.32,0.32,0.0002415180206298828,
C1=CC2C=1c1ccccc12,0,0,0.2765957446808511,0.2765957446808511,0.0002181529998779297,
Cc1cc2ccc1C1=CCC2=C1,0,0,0.16071428571428573,0.16071428571428573,0.0002987384796142578,
Cc1ccc2c(c1C)=CC=2,0,0,0.16,0.16,0.0002129077911376953,
CC1=C(C)C1Cc1ccccc1,0,0,0.2857142857142857,0.2857142857142857,0.00022840499877929688,
Cc1ccc(C)c(C2C=C2)c1,0,0,0.17647058823529413,0.17647058823529413,0.00021576881408691406,
Cc1cccc2c1C21C=C1,0,0,0.20833333333333334,0.20833333333333334,0.00021839141845703125,
C1=CCCC(C2=CCC=C2)=C1,0,0,0.14545454545454545,0.14545454545454545,0.00020551681518554688,
CC1=CCC=C1c1ccccc1,0,0,0.32653061224489793,0.32653061224489793,0.0002307891845703125,
c1ccc2c(c1)CC2,0,0,0.2857142857142857,0.2857142857142857,0.0001704692840576172,
CC1=CC(C)(c2cccc(C)c2)C1,0,0,0.18181818181818182,0.18181818181818182,0.0002579689025878906,
C1=C2CC(=C1)c1ccccc12,0,0,0.2857142857142857,0.2857142857142857,0.00026035308837890625,
Cc1cc2c3ccccc3c1=2,0,0,0.2653061224489796,0.2653061224489796,0.00026535987854003906,
C1=CCCC(C2=CC=CC2)=C1,0,0,0.14545454545454545,0.14545454545454545,0.00020265579223632812,
Cc1cccc(C2=CCC=C2)c1,0,0,0.22641509433962265,0.22641509433962265,0.0002262592315673828,
CCc1cc2ccc1-2,15,9,0.15217391304347827,0.15217391304347827,0.0001633167266845703,
C1=CCCC(C2=CCCC=C2)C=C1,0,0,0.13114754098360656,0.13114754098360656,0.00024509429931640625,
C1=CC2=CC=C(C1)C2,2,0,0.125,0.125,0.00015282630920410156,
C1=CCC(C2=CCCC=C2)C=C1,0,0,0.13793103448275862,0.13793103448275862,0.0002219676971435547,
C1=CCC=CC(C2=CCC2)=C1,0,0,0.14814814814814814,0.14814814814814814,0.00020265579223632812,
C1=CC1=C1Cc2cccc1c2,0,0,0.21568627450980393,0.21568627450980393,0.00026798248291015625,
CC1=CC1c1c#cccc1,0,0,0.16,0.16,0.00020456314086914062,
Cc1ccc(C23C=C2C3C)cc1,0,0,0.21153846153846154,0.21153846153846154,0.00024819374084472656,
CC=CC(C)Cc1ccccc1,0,0,0.2549019607843137,0.2549019607843137,0.00022125244140625,
C1=CCC(C2=CCCC=CC2)=C1,0,0,0.13793103448275862,0.13793103448275862,0.0002181529998779297,
C1=CCC=1C1=CC=CCC=C1,0,0,0.14814814814814814,0.14814814814814814,0.0001990795135498047,
CC12C=C1c1cccc2c1,0,0,0.20408163265306123,0.20408163265306123,0.0002300739288330078,
C=CCc1cc2ccc1-2,0,0,0.14285714285714285,0.14285714285714285,0.00018358230590820312,
C=C1C=C1C1=CC=CC1,0,0,0.12244897959183673,0.12244897959183673,0.00016498565673828125,
Cc1ccc2cc1CC2,0,0,0.14285714285714285,0.14285714285714285,0.00018334388732910156,
CC=C=c1c2cccc1c2,0,0,0.2826086956521739,0.2826086956521739,0.0002186298370361328,
CC=C(C)Cc1ccccc1,0,0,0.2708333333333333,0.2708333333333333,0.00020456314086914062,
C1=CC=C(C2=CC2)CC=C1,0,0,0.1568627450980392,0.1568627450980392,0.0001728534698486328,
Cc1cccc(C23C=C2C3)c1,0,0,0.2,0.2,0.0002224445343017578,
CC1=CCC(c2ccccc2)=CC1,0,0,0.3076923076923077,0.3076923076923077,0.00025391578674316406,
C1=CCCCCC(C2=CC=C2)=C1,0,0,0.14035087719298245,0.14035087719298245,0.00022220611572265625,
C1=CC=1C1=CC=CCC=C1,0,0,0.1568627450980392,0.1568627450980392,0.00018215179443359375,
CC(C)Cc1cc2ccc1=2,17,1,0.13725490196078433,0.13725490196078433,0.0002009868621826172,
C1=CCC2=CC=C2C1,0,0,0.125,0.125,0.00014925003051757812,
C1=CCC(C2C=C2)=C1,0,0,0.1276595744680851,0.1276595744680851,0.00015044212341308594,
c1cc2c3cc4c=3c2cc1-4,0,0,0.15384615384615385,0.15384615384615385,0.0002646446228027344,
C1=CCC(C2=CCC=C2)=C1,0,0,0.15384615384615385,0.15384615384615385,0.0001800060272216797,
C1=C2CC=C2c2ccccc21,0,0,0.2857142857142857,0.2857142857142857,0.00024318695068359375,
CCC(Cc1ccccc1)=C1C=C1,0,0,0.3137254901960784,0.3137254901960784,0.00024890899658203125,
C1=CCC2CC(=C1)C1=CC2=C1,0,0,0.12727272727272726,0.12727272727272726,0.0002334117889404297,
CC#Cc1cc2ccc1-2,0,0,0.14285714285714285,0.14285714285714285,0.0001800060272216797,
C1=C=C(Cc2ccccc2)C=1,0,0,0.3191489361702128,0.3191489361702128,0.00021696090698242188,
CC=C(CCC)c1ccccc1,0,0,0.2549019607843137,0.2549019607843137,0.00021767616271972656,
C1=CC2C=1Cc1cccc2c1,0,0,0.18867924528301888,0.18867924528301888,0.0002582073211669922,
c1cc2c3cc4c-3c2cc1-4,0,0,0.15384615384615385,0.15384615384615385,0.00027871131896972656,
C1=CCC(CC2=CC=C2)=C1,0,0,0.1568627450980392,0.1568627450980392,0.0001800060272216797,
C1=c2c3ccc=3c2=CC1,0,0,0.16326530612244897,0.16326530612244897,0.00020813941955566406,
C1=C2C1=C2c1ccccc1,0,0,0.3409090909090909,0.3409090909090909,0.00023221969604492188,
CC1=CC(C2C=CC2)=C1,0,0,0.125,0.125,0.00015926361083984375,
C=C1C=CC1C1=CCC=C1,0,0,0.1346153846153846,0.1346153846153846,0.00017952919006347656,
C1=CCC=CC(C2=CC2)=C1,0,0,0.1568627450980392,0.1568627450980392,0.00017786026000976562,
Cc1ccc(C2C=CC2)cc1,0,0,0.24489795918367346,0.24489795918367346,0.00020933151245117188,
c1ccc(C2CCCCC2)cc1,0,0,0.24528301886792453,0.24528301886792453,0.00023412704467773438,
CCC(C)c1cc2ccc1=2,6,7,0.13725490196078433,0.13725490196078433,0.00020003318786621094,
C1=CC(c2ccccc2)C=1,24,17,0.3409090909090909,0.3409090909090909,0.0001914501190185547,
Cc1c2cc-2c2ccccc12,0,0,0.2653061224489796,0.2653061224489796,0.0002651214599609375,
CC1=C(C2=CC=CC2)C=C1,0,0,0.1346153846153846,0.1346153846153846,0.00017642974853515625,
C1=CC(CC=C2C=C2)=C1,0,0,0.14583333333333334,0.14583333333333334,0.00016307830810546875,
CC1=CCC=C1C1C=C1,0,0,0.12244897959183673,0.12244897959183673,0.0001628398895263672,
CC(Cc1ccccc1C)=C1C=C1,0,0,0.2692307692307692,0.2692307692307692,0.00025534629821777344,
CC1C=C1C1=CC=C1,3,2,0.13333333333333333,0.13333333333333333,0.0001537799835205078,
CC1=CC(C2=CCCCC=C2)=C1,0,0,0.12280701754385964,0.12280701754385964,0.00023031234741210938,
CC1=CC1Cc1ccc(C)cc1,0,0,0.21153846153846154,0.21153846153846154,0.00024366378784179688,
CC(C)c1cc2ccc1=2,13,6,0.14583333333333334,0.14583333333333334,0.00017833709716796875,
CC(C1=CCCC=C1)=C1C=C1,0,0,0.12962962962962962,0.12962962962962962,0.00020170211791992188,
CC(C)Cc1ccccc1,2,0,0.28888888888888886,0.28888888888888886,0.00018310546875,
Cc1ccc2cc1C2,0,0,0.15555555555555556,0.15555555555555556,0.00018453598022460938,
CC1c2cccc1c2,0,0,0.20454545454545456,0.20454545454545456,0.00017333030700683594,
CC1(C)C=CC2=CC=C21,0,0,0.12244897959183673,0.12244897959183673,0.00016498565673828125,
C1=C2c3ccc(cc3)C2C1,0,0,0.22448979591836735,0.22448979591836735,0.00024271011352539062,
Cc1ccccc1,46,120,0.35135135135135137,0.35135135135135137,0.00013828277587890625,
CC1=C(c2ccccc2)C1,0,0,0.3181818181818182,0.3181818181818182,0.00019931793212890625,
C1=CC2C(=C1)c1cccc2c1,0,0,0.23529411764705882,0.23529411764705882,0.0002579689025878906,
CC12C=CC=C1c1cccc2c1,0,0,0.22641509433962265,0.22641509433962265,0.0002694129943847656,
CC1C2=CC1c1cccc2c1,0,0,0.19230769230769232,0.19230769230769232,0.000274658203125,
Cc1ccc2c3ccc-3c2c1C,0,0,0.18518518518518517,0.18518518518518517,0.00027751922607421875,
C=CC(C)c1ccccc1,0,0,0.28888888888888886,0.28888888888888886,0.0001800060272216797,
C1=CC=CCCC=C1,0,0,0.125,0.125,0.00014162063598632812,
C1=C2c3ccc(cc3)C12,0,0,0.2391304347826087,0.2391304347826087,0.0002231597900390625,
C1=CC(Cc2ccccc2)=C1,14,12,0.37777777777777777,0.37777777777777777,0.00022363662719726562,
c1cc2ccc1C1=C3CC312,0,0,0.2,0.2,0.0002493858337402344,
c1cc2cc(c1)C1=C2CC1,0,0,0.17647058823529413,0.17647058823529413,0.0002155303955078125,
CC(C)CCc1cc2ccc1=2,0,0,0.12962962962962962,0.12962962962962962,0.00022721290588378906,
c1cc2c1c1c3ccc3c21,0,0,0.2,0.2,0.00028061866760253906,
Cc1ccc(C2=CC2)c(C)c1,0,0,0.15384615384615385,0.15384615384615385,0.00020575523376464844,
c1ccc(C2=C3CC32)cc1,0,0,0.3111111111111111,0.3111111111111111,0.00021409988403320312,
C1=C(c2ccc3cc2-3)C1,0,0,0.16666666666666666,0.16666666666666666,0.00020575523376464844,
CC1C=C1C1=CCC=CC=C1,0,0,0.1509433962264151,0.1509433962264151,0.00019669532775878906,
C=C1C=C1c1ccccc1,23,24,0.3488372093023256,0.3488372093023256,0.00020551681518554688,
CC1=CC=C(c2ccccc2)C1,0,0,0.32653061224489793,0.32653061224489793,0.000232696533203125,
C1=C=C(C2=CC=CC2)C=1,0,0,0.12,0.12,0.00016498565673828125,
C1=CC2=CC1=C2,0,0,0.14634146341463414,0.14634146341463414,0.00013780593872070312,
C1#Cc2ccccc21,0,0,0.2857142857142857,0.2857142857142857,0.0001709461212158203,
CC1=C(C2=CC=CCCC2)C=C1,0,0,0.1206896551724138,0.1206896551724138,0.0002205371856689453,
CC=C(C)c1ccccc1,0,0,0.28888888888888886,0.28888888888888886,0.00017690658569335938,
C=C1C(C)=C1c1ccccc1,0,0,0.30434782608695654,0.30434782608695654,0.00021123886108398438,
CCCCc1cc2ccc1=2,4,4,0.1346153846153846,0.1346153846153846,0.00020575523376464844,
C1=CC2c3ccc(cc3)C12,0,0,0.25,0.25,0.00025343894958496094,
C1=CC1c1cc2cc-2c1,0,0,0.14285714285714285,0.14285714285714285,0.000202178955078125,
CC1(C2=CCC=C2)C=C1,0,0,0.12244897959183673,0.12244897959183673,0.00015783309936523438,
CCc1ccc(C2=CC=CC2)cc1,0,0,0.23636363636363636,0.23636363636363636,0.00024819374084472656,
c1cc2ccc1-2,11,13,0.2702702702702703,0.2702702702702703,0.00014472007751464844,
CC1C=CC=C(C2=CC2C)C=C1,0,0,0.14545454545454545,0.14545454545454545,0.00021338462829589844,
CC12CC1=C2c1ccccc1,0,0,0.2978723404255319,0.2978723404255319,0.000232696533203125,
CC(C)c1cc2ccc1-2,12,3,0.14583333333333334,0.14583333333333334,0.00017595291137695312,
Cc1cccc(C2C=C=C2)c1,0,0,0.22,0.22,0.00021457672119140625,
CC1CC1c1cc2ccc1=2,8,2,0.13725490196078433,0.13725490196078433,0.0002319812774658203,
CCCCCc1cc2ccc1=2,0,0,0.12727272727272726,0.12727272727272726,0.00021505355834960938,
C1=CC=C2C=CC=12,5,0,0.13333333333333333,0.13333333333333333,0.00013685226440429688,
C1=CC=CC=CC=C1,0,0,0.17391304347826086,0.17391304347826086,0.0001399517059326172,
CC1(c2ccccc2)C2=C1C=C2,0,0,0.3333333333333333,0.3333333333333333,0.00023889541625976562,
Cc1cccc2c1C1=C2C1,0,0,0.1568627450980392,0.1568627450980392,0.00022220611572265625,
C=Cc1ccc2cc1-2,0,0,0.15217391304347827,0.15217391304347827,0.00017189979553222656,
C1=CC2C=1c1cccc2c1,0,0,0.2,0.2,0.00021600723266601562,
C1=CC1=C1CCc2cccc1c2,0,0,0.2037037037037037,0.2037037037037037,0.0002827644348144531,
Cc1ccc(C=C2C=C2)cc1,0,0,0.24489795918367346,0.24489795918367346,0.0002110004425048828,
C1=CC(c2ccccc2)C=C1,0,0,0.3404255319148936,0.3404255319148936,0.0002224445343017578,
C1=CCC=C(CCCC2C=C2)C=C1,0,0,0.13333333333333333,0.13333333333333333,0.0002357959747314453,
CC1C=C1C(C)c1ccccc1,0,0,0.3125,0.3125,0.0002357959747314453,
C=C1CCC1c1ccccc1,0,0,0.2916666666666667,0.2916666666666667,0.00022268295288085938,
CC1=CCC=C(C)C=C1,0,0,0.12244897959183673,0.12244897959183673,0.00015997886657714844,
CC1=C(c2ccccc2)C1C,0,0,0.30434782608695654,0.30434782608695654,0.0002090930938720703,
CC1C=CC(C2C=C2)=C1,0,0,0.12244897959183673,0.12244897959183673,0.0001609325408935547,
CC(C1=CC=CC=CC1)=C1C=C1,0,0,0.16363636363636364,0.16363636363636364,0.00021576881408691406,
CC1C=C1c1ccccc1,34,23,0.3488372093023256,0.3488372093023256,0.00019598007202148438,
Cc1ccccc1C1C=C1,0,0,0.3181818181818182,0.3181818181818182,0.00020384788513183594,
CC1C=C(c2ccccc2)C=CC1,1,0,0.3333333333333333,0.3333333333333333,0.00024771690368652344,
CCc1ccccc1C1=CC=C1,0,0,0.30612244897959184,0.30612244897959184,0.0002396106719970703,
C1=CC=C2C=CCC=12,0,0,0.125,0.125,0.0001518726348876953,
C1=C(CCc2ccccc2)C1,0,0,0.3191489361702128,0.3191489361702128,0.0002162456512451172,
C=C1c2c1c1ccc2cc1,0,0,0.2553191489361702,0.2553191489361702,0.0002651214599609375,
C1=CC=C(C2=CCCC=C2)CC=C1,0,0,0.1694915254237288,0.1694915254237288,0.00023555755615234375,
C1=CC(C2=CCCCC=C2)=C1,0,0,0.14814814814814814,0.14814814814814814,0.00020766258239746094,
C1=CC(C2C=C2)C=C1,0,0,0.1276595744680851,0.1276595744680851,0.0001404285430908203,
CC(=C1C=CC1)c1ccccc1,0,0,0.3333333333333333,0.3333333333333333,0.0002338886260986328,
C1=CC1CCc1ccccc1,0,0,0.3191489361702128,0.3191489361702128,0.00022292137145996094,
c1cc2cc(c1)C1=C(C1)C2,0,0,0.17647058823529413,0.17647058823529413,0.00023221969604492188,
C1=CC1c1c2cccc1-2,0,0,0.21739130434782608,0.21739130434782608,0.00021338462829589844,
Cc1cc2ccc1cc2,0,0,0.2727272727272727,0.2727272727272727,0.00020742416381835938,
CC1=CC=C1C1=CC=CCCC1,0,0,0.1206896551724138,0.1206896551724138,0.0002193450927734375,
C=c1cc(C)c2cc1c2,0,0,0.14893617021276595,0.14893617021276595,0.00021219253540039062,
Cc1ccc(C2=C=C2)cc1,0,0,0.23404255319148937,0.23404255319148937,0.00019359588623046875,
CC1=C2C=C1c1cccc(c1)C2,0,0,0.18181818181818182,0.18181818181818182,0.0002930164337158203,
c1cc2cc(c1)C13CC1=C23,0,0,0.17647058823529413,0.17647058823529413,0.00023627281188964844,
C1=C(c2ccccc2)CCCC1,0,0,0.29411764705882354,0.29411764705882354,0.00024390220642089844,
CC(C)C(C)c1cc2ccc1=2,1,0,0.1320754716981132,0.1320754716981132,0.00021719932556152344,
CC1=CC12c1ccccc12,0,0,0.28888888888888886,0.28888888888888886,0.0002129077911376953,
C1=CC2(C1)Cc1ccccc12,0,0,0.2916666666666667,0.2916666666666667,0.00024271011352539062,
C1=c2c(c3ccc2cc3)=CC1,0,0,0.2857142857142857,0.2857142857142857,0.0002856254577636719,
CC1=C=C1c1ccc(C)cc1,0,0,0.2,0.2,0.00022149085998535156,
C1=CCC2=CC=C2CC=C1,0,0,0.15384615384615385,0.15384615384615385,0.0001933574676513672,
Cc1ccc(CC2=CC2)cc1,0,0,0.22,0.22,0.0002071857452392578,
c1cc2ccc1CC2,0,0,0.22727272727272727,0.22727272727272727,0.00018167495727539062,
CCC(C1=CC=CC1)=C1C=C1,0,0,0.12962962962962962,0.12962962962962962,0.00019407272338867188,
Cc1ccc(C2=C=CC2)cc1,0,0,0.22,0.22,0.00021982192993164062,
CC(C1=CC1)c1ccccc1,1,0,0.32608695652173914,0.32608695652173914,0.00021076202392578125,
Cc1cccc2c1C=C=C2,0,0,0.20408163265306123,0.20408163265306123,0.0001976490020751953,
C1=C2c3cccc4c3C4C12,0,0,0.17647058823529413,0.17647058823529413,0.0002472400665283203,
C1=C(c2cc3ccc2-3)C2=CC12,0,0,0.16666666666666666,0.16666666666666666,0.00025534629821777344,
C1=C2CC1c1ccccc12,0,0,0.2826086956521739,0.2826086956521739,0.00024390220642089844,
Cc1ccccc1C,28,15,0.3,0.3,0.00015735626220703125,
Cc1cccc(C2=CCC2)c1,0,0,0.19607843137254902,0.19607843137254902,0.00021314620971679688,
CC1=C2C=C1c1ccccc12,0,0,0.2653061224489796,0.2653061224489796,0.00027060508728027344,
C1=CC1Cc1c2cccc1-2,0,0,0.20408163265306123,0.20408163265306123,0.00023031234741210938,
CCC(C)Cc1cc2ccc1=2,0,0,0.12962962962962962,0.12962962962962962,0.0002224445343017578,
C1=CC1=CC1=C2C=CC(=C1)C2,0,0,0.12727272727272726,0.12727272727272726,0.00023221969604492188,
C1=CC2c3cccc2c31,0,0,0.14,0.14,0.00022101402282714844,
C1=CC=1c1cc#ccc1,0,0,0.14285714285714285,0.14285714285714285,0.0001800060272216797,
CC(c1cc2ccc1=2)C(C)(C)C,0,0,0.12727272727272726,0.12727272727272726,0.00023174285888671875,
CC1=C(C2=CC=C2)C=CC1,0,0,0.13725490196078433,0.13725490196078433,0.00017642974853515625,
c1ccc2c3ccc=3c2c1,30,27,0.36363636363636365,0.36363636363636365,0.000244140625,
CC1CC=C1c1cccc2c1C2,0,0,0.16071428571428573,0.16071428571428573,0.0002627372741699219,
c1ccc2c(c1)CC1=C2C1,0,0,0.25,0.25,0.0002110004425048828,
Cc1cccc(CC=C2C=C2)c1,0,0,0.20754716981132076,0.20754716981132076,0.00023746490478515625,
CCCc1cc2ccc1-2,7,1,0.14285714285714285,0.14285714285714285,0.00018143653869628906,
C=c1c2ccc=2c1=CC,0,0,0.12244897959183673,0.12244897959183673,0.0001914501190185547,
C=C=CCc1ccccc1,0,0,0.2826086956521739,0.2826086956521739,0.00018668174743652344,
CC1=CC=C2c3ccccc3C12,0,0,0.27450980392156865,0.27450980392156865,0.00026488304138183594,
C1=CC(C2C3=CC=CC2=C3)=C1,0,0,0.16981132075471697,0.16981132075471697,0.00021648406982421875,
CC1C=CC=C(c2ccccc2)C1,1,3,0.3333333333333333,0.3333333333333333,0.0002529621124267578,
C=C1c2ccccc21,1,0,0.2926829268292683,0.2926829268292683,0.0001742839813232422,
C1=C2C(=CCC1)c1cccc2c1,0,0,0.2,0.2,0.00026869773864746094,
C1=CC(C2=CCC=C2)=C1,0,0,0.16666666666666666,0.16666666666666666,0.00017142295837402344,
C1=CC(C2=CCCC=C2)=C1,0,0,0.1568627450980392,0.1568627450980392,0.00018858909606933594,
C1=CC(c2ccccc2)C1,27,18,0.3409090909090909,0.3409090909090909,0.00020456314086914062,
CC1(C)CCc2ccccc21,0,0,0.24489795918367346,0.24489795918367346,0.0002193450927734375,
C1=C2C=C2C1c1ccccc1,0,0,0.3404255319148936,0.3404255319148936,0.0002429485321044922,
CC1=C(c2ccccc2)CC=C1,0,0,0.32653061224489793,0.32653061224489793,0.0002200603485107422,
C1=C2C(=C1)c1cccc2c1,0,0,0.22448979591836735,0.22448979591836735,0.0002315044403076172,
C1=C=CC2=C(C=CC=1)C=C2,0,0,0.15384615384615385,0.15384615384615385,0.00018835067749023438,
C1=CC2=CC=C1C2,0,0,0.13333333333333333,0.13333333333333333,0.0001556873321533203,
CCc1ccccc1C,12,6,0.27906976744186046,0.27906976744186046,0.00017261505126953125,
C1=CC=CC=1C1=CC1,0,0,0.1276595744680851,0.1276595744680851,0.000156402587890625,
CC1=C=CC1c1ccccc1,0,0,0.3191489361702128,0.3191489361702128,0.0002124309539794922,
c1cc2c3c4cc-4cc3c1-2,0,0,0.15384615384615385,0.15384615384615385,0.0002777576446533203,
Cc1cccc2c3cc-3cc12,0,0,0.19230769230769232,0.19230769230769232,0.00025963783264160156,
C1=CC(c2ccccc2)=C1,50,34,0.40476190476190477,0.40476190476190477,0.00020575523376464844,
C1=C2C=C(c3ccccc3)C2C1,0,0,0.32,0.32,0.00025725364685058594,
CC1=CC(c2ccccc2C)=C1,0,0,0.2857142857142857,0.2857142857142857,0.0002372264862060547,
C=C(C=CC)c1ccccc1,0,0,0.2708333333333333,0.2708333333333333,0.0001957416534423828,
c1ccccc1,7,6,0.2631578947368421,0.2631578947368421,0.0001232624053955078,
Cc1cccc2c1CC=C=C2,0,0,0.19230769230769232,0.19230769230769232,0.00023221969604492188,
CC1=CC=CCCC1C1=CCC=C1,0,0,0.13333333333333333,0.13333333333333333,0.00023508071899414062,
Cc1c2cccc1CC2,0,0,0.16666666666666666,0.16666666666666666,0.00018835067749023438,
C1=CCC=1c1cc#ccc1,0,0,0.1346153846153846,0.1346153846153846,0.0002002716064453125,
CC1=CC1c1ccccc1C,0,0,0.2765957446808511,0.2765957446808511,0.00021505355834960938,
Cc1cccc(C2(C)C=CC2)c1,0,0,0.21153846153846154,0.21153846153846154,0.00022339820861816406,
C1=CC(c2cc3ccc2-3)=CC1,0,0,0.18867924528301888,0.18867924528301888,0.00024056434631347656,
CC(C)=Cc1cc2ccc1=2,0,1,0.13725490196078433,0.13725490196078433,0.00020742416381835938,
CC1=CC1=Cc1ccccc1,0,0,0.32608695652173914,0.32608695652173914,0.00021529197692871094,
Cc1ccc2c(c1)C2,4,0,0.15217391304347827,0.15217391304347827,0.0001735687255859375,
CC1C=Cc2ccccc2C1,0,0,0.2916666666666667,0.2916666666666667,0.00021529197692871094,
CCc1ccccc1CC,6,5,0.2608695652173913,0.2608695652173913,0.00018787384033203125,
C=CC(=C)c1ccccc1,0,0,0.28888888888888886,0.28888888888888886,0.00018525123596191406,
C=CC(=C)c1ccc2cc1-2,0,0,0.13725490196078433,0.13725490196078433,0.00020575523376464844,
C1=CCCCC(CC=C2C=C2)=C1,0,0,0.1206896551724138,0.1206896551724138,0.00022101402282714844,
C1=CC(C=C2C=C2)=CC1,0,0,0.14285714285714285,0.14285714285714285,0.0001671314239501953,
CC1=CC1Cc1ccccc1,13,2,0.32608695652173914,0.32608695652173914,0.000209808349609375,
C1=CC(C=C2C=C2)=CCCC1,0,0,0.12727272727272726,0.12727272727272726,0.00020051002502441406,
Cc1ccccc1CC1=CCCC1,0,0,0.23636363636363636,0.23636363636363636,0.00025582313537597656,
C1=CC1=CCCc1ccccc1,0,0,0.32653061224489793,0.32653061224489793,0.0002467632293701172,
c1ccc2c3ccc-3c2c1,35,27,0.36363636363636365,0.36363636363636365,0.0002455711364746094,
CC1=CC(c2ccccc2C)CC1,0,0,0.24074074074074073,0.24074074074074073,0.0002522468566894531,
Cc1ccc2c(c1C)C2,0,0,0.12244897959183673,0.12244897959183673,0.00017905235290527344,
C=Cc1c2ccc-2c1C,0,0,0.12244897959183673,0.12244897959183673,0.00019550323486328125,
C1=C2c3ccccc3C2CCC1,0,0,0.24528301886792453,0.24528301886792453,0.0002639293670654297,
C1=C=C(C2=CC=C2)CC=1,0,0,0.12,0.12,0.00017452239990234375,
Cc1cccc2c1C=C2,0,0,0.21739130434782608,0.21739130434782608,0.00018596649169921875,
C1=C(c2ccccc2)C=C2CC12,0,0,0.32,0.32,0.00027108192443847656,
CC1=CC1c1ccc(C)cc1,0,0,0.22448979591836735,0.22448979591836735,0.00022125244140625,
C1=CC(c2ccccc2)=CCCC1,0,0,0.3269230769230769,0.3269230769230769,0.00025177001953125,
Cc1ccccc1CC(C)C,5,2,0.25,0.25,0.000202178955078125,
c1c2ccc-2c#1,1,1,0.14634146341463414,0.14634146341463414,0.0001423358917236328,
C=C=Cc1cccc(C)c1,0,0,0.1836734693877551,0.1836734693877551,0.00017642974853515625,
CC1=CC=C1C1=CCC=C1,0,0,0.1346153846153846,0.1346153846153846,0.0001811981201171875,
CC1=CC=C(C2=CC2)C=CC1,0,0,0.12962962962962962,0.12962962962962962,0.00019621849060058594,
C1=CC2=CC=CC2C=1,0,0,0.125,0.125,0.00014591217041015625,
C1=CCC=1c1cc2ccc1-2,0,0,0.1568627450980392,0.1568627450980392,0.00022220611572265625,
CC1=CCC1c1ccccc1,0,0,0.3191489361702128,0.3191489361702128,0.000217437744140625,
CC1C=C1C1C=CC=C1,0,0,0.12244897959183673,0.12244897959183673,0.00015926361083984375,
Cc1ccc2c(c1)C=C2,3,1,0.19148936170212766,0.19148936170212766,0.00019049644470214844,
C=Cc1cc2ccc1-2,0,0,0.15217391304347827,0.15217391304347827,0.00017762184143066406,
CC1=Cc2c1c1ccc2cc1,0,0,0.2653061224489796,0.2653061224489796,0.0002872943878173828,
CCC1(c2ccccc2)C=C1,0,0,0.32608695652173914,0.32608695652173914,0.00020623207092285156,
CC1=CC1Cc1ccccc1C,0,0,0.26,0.26,0.0002396106719970703,
CC1=CC(c2ccc(C)cc2)C1,0,0,0.21153846153846154,0.21153846153846154,0.00023508071899414062,
C1=CCC=1Cc1ccccc1,0,1,0.3191489361702128,0.3191489361702128,0.0002238750457763672,
CC1=CC(c2ccccc2)CC=C1,2,1,0.3333333333333333,0.3333333333333333,0.0002567768096923828,
c1cccc(C2=CC2)c#1,0,0,0.16666666666666666,0.16666666666666666,0.00018215179443359375,
C1=CCC(c2cc3ccc2-3)=C1,0,0,0.18867924528301888,0.18867924528301888,0.00024437904357910156,
CC1=CC=CC=CC1,0,0,0.1276595744680851,0.1276595744680851,0.00014066696166992188,
CCc1c(C)cccc1C,2,0,0.16326530612244897,0.16326530612244897,0.00018262863159179688,
c1cc2cc-2c1,2,1,0.23076923076923078,0.23076923076923078,0.00014209747314453125,
CC1(c2ccccc2)C=CC1,11,8,0.32608695652173914,0.32608695652173914,0.00020384788513183594,
C1=CCC(CC=C2C=C2)C=C1,0,0,0.12727272727272726,0.12727272727272726,0.0002009868621826172,
CC(C1=CC=CC1)=C1C=C1,0,0,0.13725490196078433,0.13725490196078433,0.0001723766326904297,
C=C1Cc2cccc1c2,0,0,0.19148936170212766,0.19148936170212766,0.00019049644470214844,
CC1=CC1c1ccccc1,25,18,0.3488372093023256,0.3488372093023256,0.00020122528076171875,
Cc1ccc2cc1C1C=CC21,0,0,0.16981132075471697,0.16981132075471697,0.00023651123046875,
c1cc2c(C3CCC3)cc1=2,0,0,0.1346153846153846,0.1346153846153846,0.00023174285888671875,
c1cc2cc(c1)C2,2,0,0.21951219512195122,0.21951219512195122,0.00017118453979492188,
CC1=CC1=CCc1c2cccc1-2,0,0,0.16363636363636364,0.16363636363636364,0.0002574920654296875,
CCCc1ccccc1C,4,2,0.2608695652173913,0.2608695652173913,0.00018596649169921875,
CC1C=C2C=CC2=C1,0,0,0.1276595744680851,0.1276595744680851,0.00015234947204589844,
C1=CC=CCC=C1,0,0,0.13333333333333333,0.13333333333333333,0.000125885009765625,
CC1c2ccccc2C1C,3,2,0.2608695652173913,0.2608695652173913,0.00021147727966308594,
CCC(C)Cc1ccccc1,6,2,0.2708333333333333,0.2708333333333333,0.00020384788513183594,
C1=CC2=CCC2=C1,0,0,0.13333333333333333,0.13333333333333333,0.00013589859008789062,
C1=C2C3c4ccccc4C123,0,0,0.2765957446808511,0.2765957446808511,0.0002384185791015625,
CCc1cccc(C)c1C,0,1,0.16326530612244897,0.16326530612244897,0.00018072128295898438,
CCc1ccccc1,34,34,0.325,0.325,0.00015664100646972656,
Cc1ccccc1CC1=CC=C1,0,0,0.30612244897959184,0.30612244897959184,0.00022721290588378906,
CC1=Cc2cc(C)ccc21,0,0,0.16,0.16,0.0001990795135498047,
C=C1CCc2cccc1c2,0,0,0.18,0.18,0.0002243518829345703,
CCC1Cc2ccccc21,4,0,0.2553191489361702,0.2553191489361702,0.00020956993103027344,
C=CC(=CC)c1ccccc1C,0,0,0.23529411764705882,0.23529411764705882,0.00021719932556152344,
C1=CC1=Cc1ccccc1,11,10,0.37209302325581395,0.37209302325581395,0.0002052783966064453,
C1=CC=C(C2=C3CC32)CC=C1,0,0,0.12727272727272726,0.12727272727272726,0.00020599365234375,
CC1C=C(c2ccccc2)C1,0,0,0.32608695652173914,0.32608695652173914,0.00021719932556152344,
C1=c2c(c3ccc2cc3)=C1,0,0,0.30434782608695654,0.30434782608695654,0.00026917457580566406,
c1ccc2c(c1)C2,27,24,0.3076923076923077,0.3076923076923077,0.0001647472381591797,
CC=CCc1ccccc1C,0,0,0.24489795918367346,0.24489795918367346,0.0002205371856689453,
C1=C2c3cccc1c32,0,0,0.2,0.2,0.00019741058349609375,
CCc1ccccc1C1=CC1,0,0,0.2708333333333333,0.2708333333333333,0.00021600723266601562,
C1=CC(C2C=C2)=CCC1,0,0,0.12,0.12,0.00016045570373535156,
CCC(C)c1ccccc1,15,5,0.28888888888888886,0.28888888888888886,0.00018358230590820312,
C1=CC(Cc2ccccc2)=CCC1,0,1,0.3269230769230769,0.3269230769230769,0.0002675056457519531,
Cc1ccc(C2=CC=C2)cc1C,0,0,0.18867924528301888,0.18867924528301888,0.00023126602172851562,
C1=CCC(c2ccccc2)=C1,46,30,0.3695652173913043,0.3695652173913043,0.0002231597900390625,
C=CC=C(C)c1ccccc1,0,0,0.2708333333333333,0.2708333333333333,0.00020003318786621094,
CCCc1ccccc1,18,21,0.3023255813953488,0.3023255813953488,0.0001628398895263672,
C1=CCC=C2CC2=C1,0,0,0.125,0.125,0.0001468658447265625,
C=C(CC)Cc1ccccc1,0,0,0.2708333333333333,0.2708333333333333,0.0001957416534423828,
C1=CCC=CC(C2=CC=CC2)=C1,0,0,0.17857142857142858,0.17857142857142858,0.00021839141845703125,
CCC1Cc2ccccc2C1,1,0,0.24,0.24,0.0002281665802001953,
C1=C=C(C2=C=C2)C=CC=1,0,0,0.12,0.12,0.00016498565673828125,
CCCCc1ccccc1,6,4,0.2826086956521739,0.2826086956521739,0.0001919269561767578,
CCCc1ccccc1CC,1,0,0.24489795918367346,0.24489795918367346,0.000202178955078125,
CC(=C1C=C1)C1C=CC=C1,0,0,0.13725490196078433,0.13725490196078433,0.00018262863159179688,
Cc1ccccc1C1=CC1C,7,0,0.2765957446808511,0.2765957446808511,0.00022745132446289062,
C1=CC=C(CC2=CC=C2)CC=C1,0,0,0.18181818181818182,0.18181818181818182,0.00021600723266601562,
c1cc2cc3c1cc23,0,0,0.22727272727272727,0.22727272727272727,0.00023293495178222656,
CCc1cccc(CC=C2C=C2)c1,0,0,0.19642857142857142,0.19642857142857142,0.00025177001953125,
CCCc1cccc(C)c1C,0,0,0.15384615384615385,0.15384615384615385,0.00019979476928710938,
CCC1Cc2cccc1c2,0,0,0.18,0.18,0.000209808349609375,
Cc1ccc(C)c(C2CC2)c1,0,0,0.1320754716981132,0.1320754716981132,0.00021839141845703125,
CCC(C)Cc1ccccc1C,1,0,0.23529411764705882,0.23529411764705882,0.00022125244140625,
CCC(C)(C)Cc1ccccc1,0,0,0.26,0.26,0.00021648406982421875,
CC1=CCC=CC=C1,0,0,0.1276595744680851,0.1276595744680851,0.0001342296600341797,
C1=C2C1C2c1c2cccc1-2,0,0,0.18,0.18,0.0002460479736328125,
Cc1ccc(CC2C=C2)cc1,0,0,0.24489795918367346,0.24489795918367346,0.00020694732666015625,
C=Cc1ccccc1,35,29,0.325,0.325,0.00015234947204589844,
CCC1=C=C1c1ccccc1C,0,0,0.23076923076923078,0.23076923076923078,0.0002505779266357422,
Cc1c2cccc1C1C=C=C21,0,0,0.16981132075471697,0.16981132075471697,0.00023984909057617188,
CCC1c2ccccc2C1(C)C,0,0,0.23529411764705882,0.23529411764705882,0.000240325927734375,
CCc1ccc2c(c1)CC2,0,0,0.1346153846153846,0.1346153846153846,0.00020384788513183594,
C1=CC=1C1=CC=CC=CC1,0,0,0.1568627450980392,0.1568627450980392,0.00018739700317382812,
CCc1ccccc1C(C)C,0,0,0.25,0.25,0.000202178955078125,
CCC12Cc3ccc1cc3C2,0,0,0.12727272727272726,0.12727272727272726,0.0002627372741699219,
CCC(C)Cc1cccc(C)c1C,0,0,0.14035087719298245,0.14035087719298245,0.0002415180206298828,
C=Cc1ccccc1C,2,3,0.27906976744186046,0.27906976744186046,0.0001709461212158203,
C1=CCCC(C2C=C2)=C1,0,0,0.12,0.12,0.00016498565673828125,
CC1=CCc2ccccc21,0,0,0.2826086956521739,0.2826086956521739,0.0001971721649169922,
CCCC(C)c1ccccc1,0,2,0.2708333333333333,0.2708333333333333,0.00020551681518554688,
CCc1ccc2cc1-2,0,0,0.15217391304347827,0.15217391304347827,0.00016570091247558594,
Cc1ccc2cc1C1=CC12C,0,0,0.1509433962264151,0.1509433962264151,0.0002493858337402344,
C1=CC=C2CC(=C1)C2,0,0,0.1276595744680851,0.1276595744680851,0.00016260147094726562,
c1c2c3ccccc3c=2c#1,0,0,0.25,0.25,0.0002498626708984375,
CC1=C(c2cccc(C)c2)C=C1,0,0,0.20754716981132076,0.20754716981132076,0.00023317337036132812,
CC(=C1C=C1)c1ccccc1,25,19,0.35555555555555557,0.35555555555555557,0.00021719932556152344,
CC1=C(c2ccccc2C)C=C1,0,0,0.28,0.28,0.0002422332763671875,
C=Cc1c#cccc1,0,0,0.1276595744680851,0.1276595744680851,0.00015282630920410156,
Cc1cccc(C)c1,0,0,0.20930232558139536,0.20930232558139536,0.0001480579376220703,
CC12C=C1c1ccc2cc1,0,0,0.22916666666666666,0.22916666666666666,0.00023317337036132812,
CCC(C)c1ccc(C)cc1,0,0,0.2,0.2,0.00019621849060058594,
C1=CC(C2=CCC=CC2)=C1,0,0,0.1568627450980392,0.1568627450980392,0.0001881122589111328,
Cc1ccccc1C(C)C,1,0,0.26666666666666666,0.26666666666666666,0.0001804828643798828,
Cc1c2cccc1C1(C)C=C21,0,0,0.17307692307692307,0.17307692307692307,0.0002422332763671875,
C1=C=C2C=CC2=CC=1,0,0,0.125,0.125,0.0001506805419921875,
c1cc2c3c(c1-2)C3,0,0,0.13333333333333333,0.13333333333333333,0.0001735687255859375,
C1=CCCC(CC=C2C=C2)C=C1,0,0,0.1206896551724138,0.1206896551724138,0.00022411346435546875,
C1=C2Cc3cccc(c3)C2=C1,0,0,0.21153846153846154,0.21153846153846154,0.0002567768096923828,
CC(=C1C=C1)c1ccccc1C,0,0,0.2857142857142857,0.2857142857142857,0.00023889541625976562,
C=CCc1ccccc1,25,8,0.3023255813953488,0.3023255813953488,0.00016355514526367188,
Cc1cccc2c1C2,0,0,0.17777777777777778,0.17777777777777778,0.00016689300537109375,
CCc1cccc(C)c1,0,0,0.1956521739130435,0.1956521739130435,0.00017189979553222656,
C1=C=C(c2cc#ccc2)C=1,0,0,0.1346153846153846,0.1346153846153846,0.00019812583923339844,
CC1=CC(CC2=CC=CC2)=C1,0,0,0.12962962962962962,0.12962962962962962,0.00020170211791992188,
CCC(C)c1ccccc1C,0,0,0.25,0.25,0.0002090930938720703,
CCC1(C)Cc2ccccc21,0,0,0.24489795918367346,0.24489795918367346,0.00022149085998535156,
C1=CC=1CC1C=CC=C1,0,0,0.12,0.12,0.0001628398895263672,
C1=CCC(C2=CC=CC2)=C1,0,0,0.15384615384615385,0.15384615384615385,0.00017595291137695312,
C1=C2CC1Cc1ccc2cc1,0,0,0.21568627450980393,0.21568627450980393,0.000293731689453125,
CC=Cc1ccccc1,26,8,0.3023255813953488,0.3023255813953488,0.00016832351684570312,
CCC1=CC1c1ccccc1,0,0,0.3191489361702128,0.3191489361702128,0.00021338462829589844,
CC1(C2=CC=CC2)C=C1,0,0,0.12244897959183673,0.12244897959183673,0.00015854835510253906,
CC(C)(C)c1ccccc1,15,6,0.29545454545454547,0.29545454545454547,0.00018334388732910156,
CCC1c2cccc1c2,0,0,0.19148936170212766,0.19148936170212766,0.00019621849060058594,
C1#Cc2ccccc2C1,0,0,0.26666666666666666,0.26666666666666666,0.00018548965454101562,
Cc1ccccc1C1=CC1,9,5,0.28888888888888886,0.28888888888888886,0.0002040863037109375,
C1=CCC=CC(C2C3=CC32)=C1,0,0,0.14814814814814814,0.14814814814814814,0.00021719932556152344,
c1cc2cc(c1)CCC2,0,0,0.1875,0.1875,0.0001976490020751953,
C=C(C)c1ccccc1,29,15,0.30952380952380953,0.30952380952380953,0.00016236305236816406,
CCCc1cccc(C)c1,0,0,0.1836734693877551,0.1836734693877551,0.00018024444580078125,
C1=Cc2ccccc2C1,38,26,0.32558139534883723,0.32558139534883723,0.00018930435180664062,
C=C(C)Cc1ccccc1,9,3,0.28888888888888886,0.28888888888888886,0.00017690658569335938,
CCC1C=C1c1ccccc1,0,0,0.3191489361702128,0.3191489361702128,0.0002110004425048828,
CC1=C(C2=CCC=CC=C2)C=C1,0,0,0.16071428571428573,0.16071428571428573,0.000217437744140625,
c1cc2c3c4cc=3c2c4c1,0,0,0.17647058823529413,0.17647058823529413,0.0002987384796142578,
Cc1ccccc1C1CC1,0,0,0.2608695652173913,0.2608695652173913,0.0001990795135498047,
Cc1ccc2cc1-2,0,0,0.16279069767441862,0.16279069767441862,0.0001544952392578125,
C1=CC=CC=CCC=CC=1,0,0,0.15384615384615385,0.15384615384615385,0.0001800060272216797,
C1=C2c3c1c1ccc3cc12,0,0,0.17647058823529413,0.17647058823529413,0.0003001689910888672,
CC1=CC(c2ccccc2)CC1,0,0,0.3,0.3,0.0002346038818359375,
C1=CCC=1c1ccccc1,32,25,0.3409090909090909,0.3409090909090909,0.00020384788513183594,
CCCc1ccc(C)cc1,0,0,0.20833333333333334,0.20833333333333334,0.0001766681671142578,
Cc1cccc(C2C=C2)c1,0,0,0.23404255319148937,0.23404255319148937,0.0001952648162841797,
CC1=C=C1c1ccccc1C,0,0,0.25,0.25,0.00022268295288085938,
C1=CCC(c2ccccc2)C=1,0,0,0.3125,0.3125,0.0002205371856689453,
CC1=CC=C1Cc1c2cccc1-2,0,0,0.18181818181818182,0.18181818181818182,0.00025844573974609375,
CC1=Cc2cc(C)ccc2C1,0,0,0.1509433962264151,0.1509433962264151,0.0002453327178955078,
CC1=CC(C2=CCC=CC=C2)=C1,0,0,0.16363636363636364,0.16363636363636364,0.0002219676971435547,
C=C(C)c1cccc(C)c1,0,0,0.1875,0.1875,0.00018453598022460938,
Cc1ccccc1C1=CC=CCC1,0,0,0.2830188679245283,0.2830188679245283,0.0002529621124267578,
C1=CCC(c2ccc3cc2-3)C=C1,0,0,0.2,0.2,0.0002655982971191406,
C=CCc1ccc(C)cc1,0,0,0.20833333333333334,0.20833333333333334,0.0001804828643798828,
CC1=C(c2ccccc2)CCC1,0,0,0.27450980392156865,0.27450980392156865,0.00023031234741210938,
C=CC1c2ccccc21,0,0,0.2727272727272727,0.2727272727272727,0.00017952919006347656,
CC1=CC(c2ccccc2)=C1,18,13,0.35555555555555557,0.35555555555555557,0.0002334117889404297,
C1=CCC=CC(C2=CC=C2)=C1,0,0,0.19230769230769232,0.19230769230769232,0.00020623207092285156,
Cc1ccccc1C1C=CC1,0,0,0.2978723404255319,0.2978723404255319,0.00021028518676757812,
C1=CCC(C=C2C=CC2)=C1,0,0,0.1346153846153846,0.1346153846153846,0.0001804828643798828,
CCc1ccc(C)cc1,0,0,0.2222222222222222,0.2222222222222222,0.00016379356384277344,
C=C(C)c1ccccc1C,0,0,0.26666666666666666,0.26666666666666666,0.0001761913299560547,
C=CCC1=Cc2ccccc21,0,0,0.2653061224489796,0.2653061224489796,0.0002167224884033203,
CC=Cc1cccc(C)c1,0,0,0.1836734693877551,0.1836734693877551,0.00018215179443359375,
CC(C)c1ccccc1,20,21,0.30952380952380953,0.30952380952380953,0.00016188621520996094,
C1=C(c2ccccc2)CCCCC1,0,0,0.2777777777777778,0.2777777777777778,0.00026106834411621094,
CC(C)C=Cc1ccccc1,0,0,0.2708333333333333,0.2708333333333333,0.00019884109497070312,
C=CC(=C)c1cccc(C)c1,0,0,0.17647058823529413,0.17647058823529413,0.0002028942108154297,
CC1=CCC=C(C2=CC=C2)C=C1,0,0,0.16363636363636364,0.16363636363636364,0.00022077560424804688,
C1=C=Cc2c3ccc-3c2C=1,0,0,0.15384615384615385,0.15384615384615385,0.0002346038818359375,
c1cc2c3cc4c2c4c3c1,0,0,0.17647058823529413,0.17647058823529413,0.0002818107604980469,
C1=CCC(C2C3=C2C=C3)=C1,0,0,0.1346153846153846,0.1346153846153846,0.0001900196075439453,
CC=CCc1c2cccc1-2,0,0,0.1568627450980392,0.1568627450980392,0.0002117156982421875,
CC1=CCC=C1c1ccc(C)cc1,0,0,0.21818181818181817,0.21818181818181817,0.0002586841583251953,
Cc1ccc2c(C)c1-2,0,0,0.13043478260869565,0.13043478260869565,0.0001697540283203125,
CCC(CC)c1ccccc1,0,0,0.2708333333333333,0.2708333333333333,0.00019407272338867188,
CC1=C(C2=CC2)C=CCC=C1,0,0,0.12962962962962962,0.12962962962962962,0.0001957416534423828,
C1=CC1=CC1c2ccccc21,0,0,0.2916666666666667,0.2916666666666667,0.0002498626708984375,
C1=C2c3ccccc3C12,0,0,0.29545454545454547,0.29545454545454547,0.00020313262939453125,
C=C1Cc2ccccc21,0,0,0.2727272727272727,0.2727272727272727,0.00018167495727539062,
C1=CC(C=C2C=CC2)C=C1,0,0,0.1346153846153846,0.1346153846153846,0.0001785755157470703,
Cc1cccc(CC2=CC2)c1,0,0,0.19607843137254902,0.19607843137254902,0.0002110004425048828,
C1=CC2(C=1)c1ccccc12,0,0,0.3111111111111111,0.3111111111111111,0.00020837783813476562,
C1=CC2C=CC2=C1,0,0,0.13333333333333333,0.13333333333333333,0.0001366138458251953,
CC1=CC(c2cccc(C)c2)=CC1,0,0,0.19642857142857142,0.19642857142857142,0.0002541542053222656,
C1=C2c3cccc(c3)C2C1,0,0,0.2,0.2,0.0002231597900390625,
c1cccc(C23C=C2CC3)c#1,0,0,0.14545454545454545,0.14545454545454545,0.00023889541625976562,
CC1=CC(C2=CCC=C2)=C1,0,0,0.13725490196078433,0.13725490196078433,0.00017905235290527344,
C1=C2C=C2c2ccccc2C1,0,0,0.2857142857142857,0.2857142857142857,0.0002562999725341797,
c1cc(C2CCC2)c2cc1-2,0,0,0.1346153846153846,0.1346153846153846,0.0002143383026123047,
CC1=Cc2ccccc2CCC1,0,0,0.25,0.25,0.00023603439331054688,
C1=C2CCc3ccc(cc3)C2=C1,0,0,0.2222222222222222,0.2222222222222222,0.0002961158752441406,
Cc1ccc(C2C=C2)cc1,0,0,0.2608695652173913,0.2608695652173913,0.00019168853759765625,
C1=c2c3cccc2c31,0,0,0.20454545454545456,0.20454545454545456,0.0002200603485107422,
CC(C)=Cc1ccccc1,1,1,0.28888888888888886,0.28888888888888886,0.00017881393432617188,
CC=Cc1ccccc1C,0,0,0.2608695652173913,0.2608695652173913,0.00018978118896484375,
C=Cc1cccc(C)c1,0,0,0.1956521739130435,0.1956521739130435,0.00016808509826660156,
C=C(C)Cc1ccc2cc1-2,0,0,0.13725490196078433,0.13725490196078433,0.0002009868621826172,
CC1=C(CC2=CCC=C2)C=C1,0,0,0.12727272727272726,0.12727272727272726,0.00019550323486328125,
Cc1ccc2c(c1)CC=C2,0,0,0.18,0.18,0.00020742416381835938,
C=CCCc1ccccc1,3,0,0.2826086956521739,0.2826086956521739,0.0001900196075439453,
C1=CC(C2=CCC2)C=C1,0,0,0.12,0.12,0.00016188621520996094,
Cc1cccc(C(C)(C)C)c1,0,0,0.18,0.18,0.0001971721649169922,
CC=CC1c2cccc1c2,0,0,0.18,0.18,0.0002276897430419922,
C1=CCC(c2c3cccc2-3)=CC1,0,0,0.2,0.2,0.0002732276916503906,
Cc1cccc(C(C)C)c1,0,0,0.1875,0.1875,0.00018644332885742188,
CC1=CC(C2=CC2)C=C1,0,0,0.12244897959183673,0.12244897959183673,0.0001614093780517578,
CCCC(C)c1cccc(C)c1,0,0,0.16666666666666666,0.16666666666666666,0.00022363662719726562,
Cc1c#cccc1,0,0,0.13636363636363635,0.13636363636363635,0.0001399517059326172,
c1cc2cc(c1)CC2,0,0,0.2,0.2,0.0001742839813232422,
CC1Cc2ccccc21,0,0,0.2727272727272727,0.2727272727272727,0.00018644332885742188,
C1=CCc2ccc3cc2C=1C3,0,0,0.14545454545454545,0.14545454545454545,0.0002512931823730469,
C1=Cc2cccc(c2)C1,0,0,0.2391304347826087,0.2391304347826087,0.0002079010009765625,
C1=CC(C2C3=CCC2=C3)=C1,0,0,0.1346153846153846,0.1346153846153846,0.0001971721649169922,
Cc1cccc(C)c1C,0,0,0.17391304347826086,0.17391304347826086,0.0001633167266845703,
Cc1ccccc1C(C)(C)C,0,0,0.2553191489361702,0.2553191489361702,0.00019669532775878906,
CC1=CC1c1cccc(C)c1,0,0,0.2,0.2,0.0002257823944091797,
C=C(C)c1cc(C)ccc1C,0,0,0.1346153846153846,0.1346153846153846,0.00019860267639160156,
Cc1ccc(C)cc1,0,0,0.23809523809523808,0.23809523809523808,0.00015926361083984375,
C1=Cc2ccccc2C=1,34,20,0.32558139534883723,0.32558139534883723,0.00019097328186035156,
C1=C=C(C2=CC=CCC=C2)C=1,0,0,0.14814814814814814,0.14814814814814814,0.0002002716064453125,
C1=CC=1c1c2cccc1-2,0,0,0.19148936170212766,0.19148936170212766,0.0001983642578125,
C1=CC2=CC=C1C21C=C1,0,0,0.16666666666666666,0.16666666666666666,0.0001823902130126953,
Cc1ccccc1C1=C=C=CC1,0,0,0.25,0.25,0.0002460479736328125,
CC1=CC1(C)c1ccccc1,0,0,0.3333333333333333,0.3333333333333333,0.00021123886108398438,
C1=CC(C23C=C2C3)=CC1,0,0,0.12244897959183673,0.12244897959183673,0.0001678466796875,
C=Cc1ccc(C)c(C)c1,0,0,0.14,0.14,0.0001857280731201172,
CC1=Cc2cccc1c2,0,0,0.21739130434782608,0.21739130434782608,0.00018715858459472656,
C1=CC=C2CC=CC(=C1)C2,0,0,0.15384615384615385,0.15384615384615385,0.00018858909606933594,
c1cc2c3c(c1)C23,0,0,0.19047619047619047,0.19047619047619047,0.00017595291137695312,
CC1C2=C3c4cccc(c4)C321,0,0,0.16981132075471697,0.16981132075471697,0.0002548694610595703,
CC=CCc1ccccc1,0,1,0.2826086956521739,0.2826086956521739,0.00018095970153808594,
CC=Cc1ccc(C)cc1,0,0,0.20833333333333334,0.20833333333333334,0.00018024444580078125,
Cc1ccc2c(c1C)C=C2,0,0,0.16,0.16,0.00020694732666015625,
CC1=CC1C1C=CC=C1,0,0,0.12244897959183673,0.12244897959183673,0.0001628398895263672,
C1=CC=1c1ccccc1,51,71,0.36585365853658536,0.36585365853658536,0.00018095970153808594,
C1=CCC(c2ccccc2)C1,0,0,0.3125,0.3125,0.00021791458129882812,
C=C(C)CCCc1ccccc1,0,0,0.2549019607843137,0.2549019607843137,0.00022101402282714844,
C1=Cc2c3ccc-3c2C1,0,0,0.16326530612244897,0.16326530612244897,0.00022268295288085938,
C1=CC12C1=CCC2=C1,0,0,0.1276595744680851,0.1276595744680851,0.00016427040100097656,
CC1=CC1(C)Cc1ccccc1,0,0,0.3125,0.3125,0.00023603439331054688,
CCC=C(C)c1ccc(C)cc1,0,0,0.18867924528301888,0.18867924528301888,0.00021600723266601562,
CC1=CC=C(CC2C=C2)CC=C1,0,0,0.14285714285714285,0.14285714285714285,0.00021386146545410156,
CCc1c2cccc1-2,0,0,0.17777777777777778,0.17777777777777778,0.00016427040100097656,
C1=CCC=C(C2C=C2)C=C1,0,0,0.1568627450980392,0.1568627450980392,0.00017642974853515625,
CC1C=C1C1=CCC=CCC=C1,0,0,0.14285714285714285,0.14285714285714285,0.00021958351135253906,
Cc1cc2cc(c1)C1(C=C1)C2,0,0,0.12962962962962962,0.12962962962962962,0.0002396106719970703,
C1=CCC=C(C2=CC2)C=C1,0,0,0.1568627450980392,0.1568627450980392,0.0001766681671142578,
CC1C=CC2=CCC=C21,0,0,0.12,0.12,0.0001666545867919922,
CC1C=C1c1c2cccc1-2,0,0,0.1836734693877551,0.1836734693877551,0.00022411346435546875,
CC1=CC(C2=CCC=CC=C2)CCC=C1,0,0,0.15625,0.15625,0.00027251243591308594,
CC(C1=CC=CCCC1)=C1C=C1,0,0,0.12280701754385964,0.12280701754385964,0.0002124309539794922,
C=CC=Cc1ccccc1C,0,0,0.24489795918367346,0.24489795918367346,0.0002086162567138672,
CCC(C)(C)c1ccccc1,0,0,0.2765957446808511,0.2765957446808511,0.00019431114196777344,
CC1C=CC=C1C1=CC1,0,0,0.12244897959183673,0.12244897959183673,0.00016379356384277344,
CC1=CC1=CCc1ccccc1,0,0,0.30612244897959184,0.30612244897959184,0.00022530555725097656,
CCCCCc1ccccc1,0,0,0.2653061224489796,0.2653061224489796,0.00019741058349609375,
C=Cc1c(C)cccc1C,0,0,0.16326530612244897,0.16326530612244897,0.00017905235290527344,
Cc1cccc(C)c1C1=C=CC1,0,0,0.16666666666666666,0.16666666666666666,0.00023317337036132812,
C=C1C=CC=CC2=CC12,0,0,0.14285714285714285,0.14285714285714285,0.0001652240753173828,
C1=CCC(Cc2ccccc2)=C1,1,2,0.3469387755102041,0.3469387755102041,0.0002338886260986328,
CC1=CCC=C1C1=CC=CC1,0,0,0.12727272727272726,0.12727272727272726,0.00020170211791992188,
CC1C=Cc2c3ccc-3c21,0,0,0.1568627450980392,0.1568627450980392,0.00023365020751953125,
C=CC=Cc1ccccc1,0,0,0.2826086956521739,0.2826086956521739,0.00018858909606933594,
CC=C1Cc2ccc1cc2,0,0,0.20408163265306123,0.20408163265306123,0.0002205371856689453,
CC=Cc1cccc(C)c1C,0,0,0.15384615384615385,0.15384615384615385,0.00020575523376464844,
CC1C=C=Cc2ccccc21,3,1,0.2916666666666667,0.2916666666666667,0.00023603439331054688,
