smiles,n_success_mut,n_failures_mut,rediscovery_c1ccc(-c2ccccc2)cc1,total,obj_computation_time,history_data
CC1=CC=C1Cc1ccccc1,0,0,0.3148148148148148,0.3148148148148148,0.000213623046875,C
CC1=CC2C=C(c3ccccc3)C12,0,0,0.37037037037037035,0.37037037037037035,0.0002491474151611328,
CC1=C(c2ccccc2)C2=C1C2,0,0,0.33962264150943394,0.33962264150943394,0.00022673606872558594,
C=C(C=CC)Cc1ccccc1,0,0,0.25,0.25,0.0001983642578125,
C=C=C(C=C)c1ccccc1,0,0,0.2641509433962264,0.2641509433962264,0.0001850128173828125,
C=C1C=CC(c2ccccc2)=CC1,0,1,0.39622641509433965,0.39622641509433965,0.00023674964904785156,
Cc1ccccc1C1=CC=CCCC=C1,0,0,0.2698412698412698,0.2698412698412698,0.00028133392333984375,
CCc1cc(C)c(C)cc1-c1ccccc1,0,0,0.32786885245901637,0.32786885245901637,0.0003044605255126953,
CC=C1C=C(Cc2ccccc2)C1,0,0,0.2807017543859649,0.2807017543859649,0.00023674964904785156,
C1=CCC=C(Cc2ccccc2)C=C1,0,0,0.3448275862068966,0.3448275862068966,0.0002562999725341797,
C1=C2C3=C(c4ccccc4)C123,0,0,0.3877551020408163,0.3877551020408163,0.00023627281188964844,
C1=C(c2ccccc2)C12CC2,0,0,0.3877551020408163,0.3877551020408163,0.00021600723266601562,
C=CCC1C=C(c2ccccc2)C1,0,0,0.35185185185185186,0.35185185185185186,0.00023698806762695312,
C1=C2C=C(c3ccccc3)C2C1,0,0,0.38461538461538464,0.38461538461538464,0.00024509429931640625,
CC1(C)C2=CC(c3ccccc3)=C21,0,0,0.35185185185185186,0.35185185185185186,0.0002551078796386719,
C=CCC=Cc1ccccc1,0,0,0.25925925925925924,0.25925925925925924,0.00019121170043945312,
C1=CC12CC2c1ccccc1,0,0,0.3076923076923077,0.3076923076923077,0.0002148151397705078,
CC1=C=CC1c1ccccc1,0,0,0.3076923076923077,0.3076923076923077,0.00019741058349609375,
C=C1C=C2C1=C2c1ccccc1,0,0,0.36538461538461536,0.36538461538461536,0.00023508071899414062,
C1=CC(c2ccccc2)CC1,0,0,0.3018867924528302,0.3018867924528302,0.00020194053649902344,
CC1=C(c2ccccc2)C=CC1C,0,0,0.37735849056603776,0.37735849056603776,0.00022864341735839844,
CC=CC(C)Cc1ccccc1,0,0,0.25,0.25,0.00020384788513183594,
C1=CCC=C2C(=C1)c1cccc2c1,0,0,0.29310344827586204,0.29310344827586204,0.0002722740173339844,
Cc1ccc(C2=CC=C=C2)cc1,0,0,0.24561403508771928,0.24561403508771928,0.00021195411682128906,
C1=CC2=C(C=CC1)c1ccccc12,0,0,0.2711864406779661,0.2711864406779661,0.0002715587615966797,
CC1=C(c2ccccc2)C2=C1CC=C2,0,0,0.3508771929824561,0.3508771929824561,0.00026035308837890625,
Cc1c(-c2ccccc2)c2c(C)cc1=2,0,0,0.3333333333333333,0.3333333333333333,0.00028133392333984375,
Cc1c(-c2ccccc2)c2c#cc1=2,0,0,0.32142857142857145,0.32142857142857145,0.0002644062042236328,
CCC1=CC2=C1c1cccc2c1,0,0,0.24561403508771928,0.24561403508771928,0.00023818016052246094,
C=C1C=C1c1ccccc1C,0,0,0.24528301886792453,0.24528301886792453,0.0001976490020751953,
C1=C(c2ccccc2)C2=C1C2,0,0,0.38,0.38,0.0002219676971435547,
CC1=CC1=Cc1ccccc1,0,0,0.3137254901960784,0.3137254901960784,0.0002028942108154297,
CC1=CC1(C)c1ccccc1,4,2,0.32,0.32,0.0002033710479736328,
C1=C2C1C2c1ccccc1,0,0,0.32653061224489793,0.32653061224489793,0.00021147727966308594,
C1=C2c3ccccc3C2C1,0,0,0.24528301886792453,0.24528301886792453,0.00021195411682128906,
CC1=CCC(c2ccccc2)=CC=C1,0,0,0.4,0.4,0.00025153160095214844,
CC1C=CC=CC(c2ccccc2)CC1,0,0,0.2903225806451613,0.2903225806451613,0.0002751350402832031,
CC1=CC=C(c2ccccc2)C1C,0,0,0.37735849056603776,0.37735849056603776,0.00023317337036132812,
CC1=CC(C)C=C1c1ccccc1,0,0,0.37735849056603776,0.37735849056603776,0.00023555755615234375,
CC1C=C2C(c3ccccc3)=C21,1,0,0.36538461538461536,0.36538461538461536,0.00022530555725097656,
c1c2ccc(c#1)c1ccccc21,0,0,0.2857142857142857,0.2857142857142857,0.00028061866760253906,
CCC1C=CC=C1c1ccccc1,0,0,0.39622641509433965,0.39622641509433965,0.0002262592315673828,
CCC1CC=C(c2ccccc2)CC1,0,0,0.3275862068965517,0.3275862068965517,0.00025153160095214844,
CC12C=CC=C1c1ccccc12,0,0,0.26785714285714285,0.26785714285714285,0.0002384185791015625,
Cc1ccccc1C1C=CC1C,0,0,0.25,0.25,0.00021386146545410156,
CC1C=CC=CC(c2ccccc2)C1,0,0,0.3050847457627119,0.3050847457627119,0.0002551078796386719,
C1=CCC=CC(c2ccccc2)=C1,4,6,0.4423076923076923,0.4423076923076923,0.00024008750915527344,
Cc1cccc(C2=CC3(C=C3)C2)c1,0,0,0.2413793103448276,0.2413793103448276,0.00024890899658203125,
CC1=C(c2ccccc2)C(C)C=C1,0,0,0.37735849056603776,0.37735849056603776,0.0002281665802001953,
C1=CC=CC(c2ccccc2)C=1,0,0,0.3333333333333333,0.3333333333333333,0.00021767616271972656,
CC1=CC(c2ccccc2)=C=CC1,0,0,0.37037037037037035,0.37037037037037035,0.00022912025451660156,
CC1C=CC=CC(c2ccccc2)=C1,19,14,0.42592592592592593,0.42592592592592593,0.00026297569274902344,
CC1C=CC12C=C(c1ccccc1)C2,0,0,0.38181818181818183,0.38181818181818183,0.0002684593200683594,
CC1=C(c2ccccc2)C2=C(C=C2)C1,0,0,0.3508771929824561,0.3508771929824561,0.00025844573974609375,
CC1=C=C(c2ccccc2)C1,0,0,0.3673469387755102,0.3673469387755102,0.00020051002502441406,
CC1=CC2(C=C2)C1c1ccccc1,0,0,0.32727272727272727,0.32727272727272727,0.000244140625,
C1=CC2(C=C2c2ccccc2)C1,30,54,0.42,0.42,0.0002338886260986328,
C1=C=C2C=1c1cccc2c1,0,0,0.24528301886792453,0.24528301886792453,0.00020933151245117188,
CC=C=C(C)c1ccccc1,0,0,0.2641509433962264,0.2641509433962264,0.00018525123596191406,
CCc1ccccc1C1=CC=CC1,0,0,0.2542372881355932,0.2542372881355932,0.00023174285888671875,
C=C(c1ccccc1)C1C=C1,0,0,0.3137254901960784,0.3137254901960784,0.00019550323486328125,
C1=CCC2(C=C2c2ccccc2)CC=1,0,0,0.3684210526315789,0.3684210526315789,0.00027251243591308594,
CC1C=C=CC(c2ccccc2)=C1,0,0,0.39622641509433965,0.39622641509433965,0.0002307891845703125,
C1=CC2=CC(=C2c2ccccc2)C1,0,0,0.3888888888888889,0.3888888888888889,0.0002675056457519531,
C=C1C(C)=CC=C1c1ccccc1,0,0,0.37735849056603776,0.37735849056603776,0.0002377033233642578,
Cc1ccccc1C1=CC(C)C=C1,0,0,0.25862068965517243,0.25862068965517243,0.0002357959747314453,
C=C(C=CC)c1ccccc1,0,0,0.2641509433962264,0.2641509433962264,0.00018477439880371094,
CCC1(Cc2ccccc2)C=C1,0,0,0.2962962962962963,0.2962962962962963,0.00021719932556152344,
C1=CC2=C(C1)c1ccccc12,0,0,0.2545454545454545,0.2545454545454545,0.00023698806762695312,
CC1(CCc2ccccc2)C=C1,0,0,0.2962962962962963,0.2962962962962963,0.00022459030151367188,
CC1(C)C=CC=C1c1ccccc1,8,7,0.40384615384615385,0.40384615384615385,0.0002338886260986328,
CC=C1C=C1c1ccccc1,21,11,0.3877551020408163,0.3877551020408163,0.00021147727966308594,
C1=C2c3cccc(c3)C3=CC23C1,0,0,0.2631578947368421,0.2631578947368421,0.0002655982971191406,
CCC1C(C)=C1c1ccccc1,0,0,0.34615384615384615,0.34615384615384615,0.0002110004425048828,
CC1(Cc2ccccc2)C=C=C1,0,0,0.2962962962962963,0.2962962962962963,0.0002148151397705078,
C1=CCCC(c2ccccc2)CCC1,0,0,0.25806451612903225,0.25806451612903225,0.0002627372741699219,
C1=CC(c2ccccc2)C=C1,0,0,0.35294117647058826,0.35294117647058826,0.00020551681518554688,
C=C1C=C1Cc1ccccc1,0,0,0.3137254901960784,0.3137254901960784,0.00020265579223632812,
C=C1C=CC=C(c2ccccc2)C1,0,0,0.39622641509433965,0.39622641509433965,0.00023436546325683594,
CC1(C)C=CC1c1ccccc1,0,0,0.2962962962962963,0.2962962962962963,0.0002167224884033203,
CC1=CC(C)=C1c1ccccc1,0,0,0.37254901960784315,0.37254901960784315,0.000213623046875,
CCC1C=C(c2ccccc2)C1,0,0,0.37254901960784315,0.37254901960784315,0.0002186298370361328,
CC1=C=CC(c2ccccc2)=C1,0,0,0.39215686274509803,0.39215686274509803,0.00022077560424804688,
CC1=CC12C=CC2c1ccccc1,0,0,0.32727272727272727,0.32727272727272727,0.0002434253692626953,
CC1=CC(C)(c2ccccc2)C1,1,0,0.3018867924528302,0.3018867924528302,0.00021696090698242188,
C=CC=C(C=C)c1ccccc1,0,0,0.25,0.25,0.0002052783966064453,
CC1=CC(Cc2ccccc2C)=C1,0,0,0.2413793103448276,0.2413793103448276,0.0002410411834716797,
C=CC(C)C(C)c1ccccc1,0,0,0.2545454545454545,0.2545454545454545,0.00020837783813476562,
C1=Cc2ccc(cc2)C2=CC1=C2,0,0,0.26785714285714285,0.26785714285714285,0.0003044605255126953,
C1=CC12C1=CC2c2ccccc21,0,0,0.26785714285714285,0.26785714285714285,0.0002598762512207031,
C1=CCC(c2ccccc2)CC=C1,0,0,0.3157894736842105,0.3157894736842105,0.0002422332763671875,
C1=CC23C=C2c2cccc(c2)C13,0,0,0.2413793103448276,0.2413793103448276,0.0002644062042236328,
C1=CC(C=Cc2ccccc2)=C1,0,0,0.33962264150943394,0.33962264150943394,0.0002315044403076172,
CCC1=C(c2ccccc2)C1,0,0,0.36,0.36,0.00019168853759765625,
CCC1=C=CCC=C1c1ccccc1,0,0,0.3508771929824561,0.3508771929824561,0.0002512931823730469,
C1=Cc2ccccc2C1,9,3,0.2857142857142857,0.2857142857142857,0.0001690387725830078,
Cc1ccccc1C1=CC12C=C2,0,0,0.2727272727272727,0.2727272727272727,0.00022745132446289062,
CCC1=CC(c2ccccc2)=C1C,0,0,0.35185185185185186,0.35185185185185186,0.00023484230041503906,
C=C(C)C(=CC)c1ccccc1,0,0,0.2545454545454545,0.2545454545454545,0.0001952648162841797,
CC1C=C2C(=C1)c1cccc2c1,0,0,0.26785714285714285,0.26785714285714285,0.0002467632293701172,
C1=CCc2ccccc2C1,0,0,0.2692307692307692,0.2692307692307692,0.00020051002502441406,
C1=CC2CC1C=C2c1ccccc1,0,0,0.3888888888888889,0.3888888888888889,0.00027060508728027344,
C(=CC1C=C1)c1ccccc1,0,0,0.3076923076923077,0.3076923076923077,0.00020837783813476562,
C#CCCc1ccccc1,0,0,0.27450980392156865,0.27450980392156865,0.0001671314239501953,
c1ccc2c3cc-3cc2c1,0,0,0.29411764705882354,0.29411764705882354,0.00022101402282714844,
CCC1=CC=C1Cc1ccccc1,0,0,0.2982456140350877,0.2982456140350877,0.00022935867309570312,
C1=C2C=C(c3ccccc3)C2CC1,0,0,0.36363636363636365,0.36363636363636365,0.0002701282501220703,
Cc1ccccc1C1=CC=CC1C,0,0,0.25862068965517243,0.25862068965517243,0.0002372264862060547,
Cc1ccccc1C1=C=CC=CC1,0,0,0.2542372881355932,0.2542372881355932,0.00023245811462402344,
CC1c2ccccc2C=CC12C=C2,0,0,0.2807017543859649,0.2807017543859649,0.0002777576446533203,
C=C1C=C(C)C1c1ccccc1,0,0,0.2962962962962963,0.2962962962962963,0.000213623046875,
C1=CCC(c2ccccc2)C=1,0,0,0.3018867924528302,0.3018867924528302,0.0001990795135498047,
CCCCc1ccccc1,0,0,0.27450980392156865,0.27450980392156865,0.00016689300537109375,
C#CC(=C)Cc1ccccc1,0,0,0.2641509433962264,0.2641509433962264,0.00019025802612304688,
CC1=CC=CC1=Cc1ccccc1,0,0,0.32142857142857145,0.32142857142857145,0.00023508071899414062,
C1=CCC2(C=C(c3ccccc3)C2)C1,0,0,0.375,0.375,0.00027823448181152344,
CC=CCc1ccccc1,0,0,0.27450980392156865,0.27450980392156865,0.00017261505126953125,
C=CC(=CC(C)C)c1ccccc1,0,0,0.2413793103448276,0.2413793103448276,0.0002129077911376953,
CC1C=CC1=Cc1ccccc1,0,0,0.3148148148148148,0.3148148148148148,0.00021719932556152344,
CC1=CCC1c1ccccc1,0,0,0.3076923076923077,0.3076923076923077,0.00019669532775878906,
C=CCCc1ccccc1,0,0,0.27450980392156865,0.27450980392156865,0.00016880035400390625,
Cc1ccccc1C1=CCC2(C=C2)C1,0,0,0.2459016393442623,0.2459016393442623,0.000278472900390625,
C=CC(=C)c1ccccc1,6,3,0.28,0.28,0.00016832351684570312,
CC1=C(C)C(c2ccccc2)=C1,0,0,0.37254901960784315,0.37254901960784315,0.00021123886108398438,
CC(C)c1ccccc1,6,5,0.2978723404255319,0.2978723404255319,0.0001461505889892578,
C1=CC2=CC2(c2ccccc2)C1,0,0,0.3333333333333333,0.3333333333333333,0.00024271011352539062,
C=C(C1=C(C)C1)c1ccccc1,0,0,0.2777777777777778,0.2777777777777778,0.00021886825561523438,
CC1=CCCC=C1c1ccccc1,0,0,0.37037037037037035,0.37037037037037035,0.00023984909057617188,
c1ccc(CC2CC2)cc1,1,0,0.27450980392156865,0.27450980392156865,0.0001811981201171875,
CC1=C(c2ccccc2)C1C,8,3,0.375,0.375,0.0001957416534423828,
C1=C(c2ccccc2)C1,49,150,0.4418604651162791,0.4418604651162791,0.0001728534698486328,
CC1=C(c2ccccc2)C2=C1C=CC2,0,0,0.3508771929824561,0.3508771929824561,0.00025725364685058594,
CCC=C(C)c1ccccc1,0,0,0.2641509433962264,0.2641509433962264,0.00018930435180664062,
Cc1ccccc1C1=CC2=CC21,0,0,0.24561403508771928,0.24561403508771928,0.00023174285888671875,
CC1=Cc2ccccc2C1,0,0,0.25,0.25,0.00018930435180664062,
C1=Cc2ccccc2CC1,3,2,0.2692307692307692,0.2692307692307692,0.00019860267639160156,
CCc1ccccc1,7,5,0.3111111111111111,0.3111111111111111,0.00013303756713867188,
CCC1=CC12C=C2c1ccccc1,0,0,0.37037037037037035,0.37037037037037035,0.00024366378784179688,
CC1C=CC(c2ccccc2)=CC1,0,0,0.39622641509433965,0.39622641509433965,0.00023746490478515625,
CC1=CC(c2ccccc2)=C1C,0,0,0.37254901960784315,0.37254901960784315,0.00021910667419433594,
C1=CCC=CC=1Cc1ccccc1,0,0,0.3157894736842105,0.3157894736842105,0.00023102760314941406,
CC1C=C2c3cccc(c3)C3=CC231,0,0,0.2542372881355932,0.2542372881355932,0.00026988983154296875,
CCC1CC(c2ccccc2)=C1C,0,1,0.32727272727272727,0.32727272727272727,0.0002346038818359375,
CC1C2=CC(c3ccccc3)=C21,0,0,0.36538461538461536,0.36538461538461536,0.0002434253692626953,
CC(Cc1ccccc1)C1C=C1,0,0,0.2962962962962963,0.2962962962962963,0.00021386146545410156,
C1=C(c2ccccc2)C2=CCC12,0,0,0.38461538461538464,0.38461538461538464,0.00024318695068359375,
C1=CC2=C1CC=C2c1ccccc1,0,0,0.3888888888888889,0.3888888888888889,0.0002646446228027344,
C=C(C#CC)c1ccccc1,0,0,0.2641509433962264,0.2641509433962264,0.0001823902130126953,
C=C1C=C1c1ccccc1,70,140,0.4222222222222222,0.4222222222222222,0.00018978118896484375,
C=C(C)Cc1ccccc1,1,0,0.28,0.28,0.00016832351684570312,
C=CC(=CCC)c1ccccc1,0,0,0.25,0.25,0.00020122528076171875,
C1=CC2(C1)C1=C2c2ccccc21,0,0,0.24561403508771928,0.24561403508771928,0.00026798248291015625,
C1=CC(c2ccccc2)=CC1,54,102,0.4375,0.4375,0.00019884109497070312,
C1=CC2C=C(C1)c1ccccc12,0,0,0.2631578947368421,0.2631578947368421,0.0002498626708984375,
CC=C1CC(C)=C1c1ccccc1,1,0,0.32727272727272727,0.32727272727272727,0.0002334117889404297,
Cc1ccccc1-c1cc2c(C)c-2c1,0,0,0.2459016393442623,0.2459016393442623,0.00028061866760253906,
C=C=CC=Cc1ccccc1,0,0,0.25925925925925924,0.25925925925925924,0.00018930435180664062,
C1=CCC=CCCC(c2ccccc2)=C1,0,0,0.39655172413793105,0.39655172413793105,0.00028395652770996094,
C1=C2C(=C2c2ccccc2)C1,19,7,0.3877551020408163,0.3877551020408163,0.00023603439331054688,
C1=CC2(c3ccccc3)CC12,0,0,0.3018867924528302,0.3018867924528302,0.00021886825561523438,
CC1C=CCC(c2ccccc2)C1,0,0,0.27586206896551724,0.27586206896551724,0.0002372264862060547,
Cc1ccccc1C1=C=CC1,0,0,0.24074074074074073,0.24074074074074073,0.00020122528076171875,
C=C1C(CCC)=C1c1ccccc1,0,0,0.32727272727272727,0.32727272727272727,0.00022721290588378906,
C1=C2C=1c1cccc2c1,0,0,0.26,0.26,0.00019073486328125,
CC1CC=CC=C1c1ccccc1,2,0,0.39622641509433965,0.39622641509433965,0.00023508071899414062,
C=C(C)c1ccccc1,8,2,0.2978723404255319,0.2978723404255319,0.00014853477478027344,
C1=C2C=C2c2ccc1cc2,0,0,0.24528301886792453,0.24528301886792453,0.0002429485321044922,
Cc1c2ccc(-c3ccccc3)c1-2,4,5,0.4230769230769231,0.4230769230769231,0.0002655982971191406,
C1=C(c2ccccc2)CCC1,9,5,0.38,0.38,0.00020051002502441406,
CC1=CC(c2ccccc2)=CC(C)C=C1,0,0,0.38596491228070173,0.38596491228070173,0.00027251243591308594,
C1=C2c3ccccc3C3=CC23C1,0,0,0.2413793103448276,0.2413793103448276,0.00026607513427734375,
C=Cc1ccccc1,0,0,0.3111111111111111,0.3111111111111111,0.00013709068298339844,
C1=CC12CCCC2c1ccccc1,0,0,0.27586206896551724,0.27586206896551724,0.0002574920654296875,
C=C1C=CC(c2ccccc2C)=C1,0,0,0.25862068965517243,0.25862068965517243,0.00023055076599121094,
C=CC(C)=Cc1ccccc1,0,0,0.2641509433962264,0.2641509433962264,0.00019502639770507812,
C1=C2C1=C2Cc1ccccc1,0,0,0.3076923076923077,0.3076923076923077,0.0002231597900390625,
Cc1cccc(-c2ccccc2)c1,0,1,0.6086956521739131,0.6086956521739131,0.0002589225769042969,
C1=C2CC13C=C3c1cccc2c1,0,0,0.26785714285714285,0.26785714285714285,0.0002872943878173828,
c1ccc(C2=C3CCCC32)cc1,0,0,0.3333333333333333,0.3333333333333333,0.00022602081298828125,
C=C1C=C(c2ccccc2)C1,33,19,0.3958333333333333,0.3958333333333333,0.00020313262939453125,
C=C1C=CC(c2ccccc2)C1,0,0,0.3148148148148148,0.3148148148148148,0.00021767616271972656,
Cc1ccccc1CC1C=CC=C1,0,0,0.27586206896551724,0.27586206896551724,0.00023365020751953125,
C1=C(c2ccccc2)CC12CCCC2,0,0,0.3275862068965517,0.3275862068965517,0.0002751350402832031,
C1=CC12CCC2c1ccccc1,0,0,0.2909090909090909,0.2909090909090909,0.00024318695068359375,
C1=CC=CCC=1Cc1ccccc1,0,0,0.3157894736842105,0.3157894736842105,0.00023317337036132812,
CCC=C1C=C1c1ccccc1,1,1,0.36538461538461536,0.36538461538461536,0.0002105236053466797,
CCc1ccccc1C1=CCC=C1,0,0,0.2542372881355932,0.2542372881355932,0.00023484230041503906,
CC1(Cc2ccccc2)C=CC=C1,0,0,0.32142857142857145,0.32142857142857145,0.0002315044403076172,
C1=C(Cc2ccccc2)CC1,0,0,0.3076923076923077,0.3076923076923077,0.00019788742065429688,
CC1=C(c2ccccc2)CC=C1,7,3,0.39215686274509803,0.39215686274509803,0.0002105236053466797,
c1ccc2c(c1)c1cc3c2cc13,0,0,0.2413793103448276,0.2413793103448276,0.00027441978454589844,
CC1C(c2ccccc2)=CC12C=C2,14,9,0.40384615384615385,0.40384615384615385,0.00024366378784179688,
CC1=CCC12C=C2c1ccccc1,0,0,0.37037037037037035,0.37037037037037035,0.00024390220642089844,
CC1c2ccccc21,2,0,0.2553191489361702,0.2553191489361702,0.00014853477478027344,
CC1CC(C)C1c1ccccc1,0,0,0.25,0.25,0.00021600723266601562,
CC1C=C1Cc1ccccc1,0,0,0.3137254901960784,0.3137254901960784,0.00019741058349609375,
CC1=CC(c2ccccc2)=C(C)CC1,0,0,0.3333333333333333,0.3333333333333333,0.00025343894958496094,
CCC(C)c1ccccc1,2,1,0.28,0.28,0.00016117095947265625,
CC1C=CC=C1c1ccccc1,72,72,0.42,0.42,0.0002143383026123047,
C1=CCCCC(c2ccccc2)C=1,0,0,0.2711864406779661,0.2711864406779661,0.00024771690368652344,
CC1(C)C=CC=CC(c2ccccc2)=C1,0,0,0.4107142857142857,0.4107142857142857,0.00026869773864746094,
Cc1ccccc1C1=CC1,0,0,0.2549019607843137,0.2549019607843137,0.0001838207244873047,
C1=CC=CC(c2ccccc2)C=C1,0,0,0.3392857142857143,0.3392857142857143,0.00024008750915527344,
C1=CC1=C1c2ccccc21,0,0,0.27450980392156865,0.27450980392156865,0.00021409988403320312,
CC1=CC2(C=C2c2ccccc2)C1,0,0,0.37735849056603776,0.37735849056603776,0.00024247169494628906,
CC1C=CC=C(c2ccccc2)C1,2,1,0.39622641509433965,0.39622641509433965,0.0002315044403076172,
c1ccc2c(c1)c1c3ccc3c21,0,0,0.2857142857142857,0.2857142857142857,0.000274658203125,
Cc1ccccc1-c1ccccc1,4,2,0.6086956521739131,0.6086956521739131,0.00024008750915527344,
CCC1=CC(c2ccccc2)=C1,28,7,0.4,0.4,0.00021696090698242188,
CC1(Cc2ccccc2)C=C1,0,0,0.3137254901960784,0.3137254901960784,0.00019431114196777344,
CC1=CC=CCCC=C1c1ccccc1,0,0,0.3793103448275862,0.3793103448275862,0.0002675056457519531,
C1=C2c3ccccc3C12,0,0,0.26,0.26,0.000194549560546875,
C1=C=C(Cc2ccccc2)C=1,0,0,0.3076923076923077,0.3076923076923077,0.00020122528076171875,
C=C1C=C(c2ccccc2)C=CC1,0,0,0.39622641509433965,0.39622641509433965,0.00023412704467773438,
CC1=CC=C1c1ccccc1,61,98,0.4166666666666667,0.4166666666666667,0.00019669532775878906,
CC1C2=CC2=C1c1ccccc1,0,0,0.36538461538461536,0.36538461538461536,0.00023555755615234375,
CC1C=CC=CC1c1ccccc1,0,0,0.32142857142857145,0.32142857142857145,0.0002262592315673828,
Cc1ccccc1C1C=C=CC1,0,0,0.24561403508771928,0.24561403508771928,0.00021576881408691406,
CC1=CC=C(c2ccccc2)C1(C)C,0,0,0.36363636363636365,0.36363636363636365,0.0002460479736328125,
CC1=CCC2=CC(c3ccccc3)=C12,0,0,0.3508771929824561,0.3508771929824561,0.0002739429473876953,
C=CC=Cc1ccccc1,0,0,0.27450980392156865,0.27450980392156865,0.00017118453979492188,
CC1=C2CC(c3ccccc3)C=C12,0,0,0.27586206896551724,0.27586206896551724,0.00025582313537597656,
Cc1ccccc1C1=CC=CC1,0,0,0.26785714285714285,0.26785714285714285,0.00022411346435546875,
CC1C=C(c2ccccc2)C12C=C2,7,2,0.40384615384615385,0.40384615384615385,0.000240325927734375,
CC1C=CC2=C1c1cccc2c1,0,0,0.26785714285714285,0.26785714285714285,0.00023865699768066406,
CC1=CCC=C1c1ccccc1,0,0,0.39215686274509803,0.39215686274509803,0.00021266937255859375,
Cc1cc2c(-c3ccccc3)c(C)c1=2,0,0,0.3333333333333333,0.3333333333333333,0.00027680397033691406,
Cc1ccccc1C1=CCC=C1,0,0,0.26785714285714285,0.26785714285714285,0.0002238750457763672,
Cc1ccccc1C1=C=CCCC=C1,0,0,0.24193548387096775,0.24193548387096775,0.00026416778564453125,
C1=CC2CC(=C1)c1cccc2c1,0,0,0.2413793103448276,0.2413793103448276,0.0002593994140625,
C1=CCCC(Cc2ccccc2)=C1,0,0,0.3157894736842105,0.3157894736842105,0.00023746490478515625,
CC=C1C=CC=C1c1ccccc1,0,0,0.39622641509433965,0.39622641509433965,0.0002396106719970703,
C1=CC2=C1Cc1ccccc12,0,0,0.2545454545454545,0.2545454545454545,0.00022363662719726562,
Cc1cccc(C2=CC=C=C2)c1,0,0,0.24561403508771928,0.24561403508771928,0.00021076202392578125,
C1=CC(c2ccccc2)C=1,0,0,0.32653061224489793,0.32653061224489793,0.000179290771484375,
CC1=C2C1=C2c1ccccc1,0,0,0.3673469387755102,0.3673469387755102,0.00021767616271972656,
Cc1ccc(C2=CC(C)C=CC=C2)cc1,0,0,0.25396825396825395,0.25396825396825395,0.00026988983154296875,
CC1=CC(c2ccccc2C)=C1,0,0,0.2545454545454545,0.2545454545454545,0.0002238750457763672,
c1ccc(-c2c3c4cc3c24)cc1,0,0,0.37254901960784315,0.37254901960784315,0.0003063678741455078,
C1=CC2=C1CC(c1ccccc1)C2,0,0,0.29310344827586204,0.29310344827586204,0.00027441978454589844,
Cc1ccc(C2=CCC=C2)cc1,0,0,0.24561403508771928,0.24561403508771928,0.00020694732666015625,
C=C(C)C=C(CC)c1ccccc1,0,0,0.2413793103448276,0.2413793103448276,0.0002224445343017578,
C1=CC2(C1)C1=C2c2cccc1c2,0,0,0.26785714285714285,0.26785714285714285,0.0002570152282714844,
C1=C=C2C=CC=1c1cccc2c1,0,0,0.2631578947368421,0.2631578947368421,0.0002601146697998047,
C1#CC12C=C2c1ccccc1,4,0,0.3877551020408163,0.3877551020408163,0.00021338462829589844,
CC=CCC=Cc1ccccc1,0,0,0.24561403508771928,0.24561403508771928,0.00020623207092285156,
C=C1CC=C(c2ccccc2)C1,0,0,0.36538461538461536,0.36538461538461536,0.00021219253540039062,
C1=CC=1c1ccccc1,36,136,0.4418604651162791,0.4418604651162791,0.00016069412231445312,
CCC=Cc1ccccc1,6,1,0.27450980392156865,0.27450980392156865,0.00017070770263671875,
c1ccc(-c2c3cc4c-3c2-4)cc1,0,0,0.3584905660377358,0.3584905660377358,0.0002751350402832031,
C1=CC2=C(c3ccccc3)CC1=C2,0,0,0.3888888888888889,0.3888888888888889,0.00027942657470703125,
C1=CCCC=C(c2ccccc2)C=1,0,0,0.3888888888888889,0.3888888888888889,0.00024199485778808594,
CC(C)C=Cc1ccccc1,0,0,0.2641509433962264,0.2641509433962264,0.00018310546875,
Cc1cccc(C2=CC=C2)c1,0,0,0.2641509433962264,0.2641509433962264,0.0002009868621826172,
CC1C=CC2=C1c1ccccc12,1,0,0.24561403508771928,0.24561403508771928,0.00023889541625976562,
Cc1cccc(C2=CCC=CCC=C2)c1,0,0,0.25,0.25,0.0002799034118652344,
C1=CC2=C(c3ccccc3)C=12,0,0,0.3877551020408163,0.3877551020408163,0.00022411346435546875,
C1=C=C(c2ccccc2)CCCC=1,0,0,0.3392857142857143,0.3392857142857143,0.00022864341735839844,
c1ccc(C2=C3CC32)cc1,0,0,0.3829787234042553,0.3829787234042553,0.0001957416534423828,
C=CC=CCc1ccccc1,0,0,0.25925925925925924,0.25925925925925924,0.00018525123596191406,
CC1CC=C1Cc1ccccc1,0,0,0.2909090909090909,0.2909090909090909,0.00021791458129882812,
C=C1C=C2C=C1c1ccc2cc1,0,0,0.24561403508771928,0.24561403508771928,0.0002655982971191406,
C=C1C=C(c2ccccc2)C=C1C,0,0,0.37735849056603776,0.37735849056603776,0.00023365020751953125,
CC1=C(c2ccccc2)CC=CC1,0,0,0.37037037037037035,0.37037037037037035,0.00022983551025390625,
c1ccc(C2CC2)cc1,0,0,0.2916666666666667,0.2916666666666667,0.00016450881958007812,
C=C1CC(c2ccccc2)C1,0,0,0.28846153846153844,0.28846153846153844,0.000202178955078125,
Cc1ccccc1C1=C2C=CC1=C2,0,0,0.2542372881355932,0.2542372881355932,0.0002617835998535156,
c1cc2cc(c1)-c1cc3c-2cc1=3,0,0,0.2631578947368421,0.2631578947368421,0.00030231475830078125,
C1=C=C(c2ccccc2)C=1,44,96,0.41304347826086957,0.41304347826086957,0.00018835067749023438,
C1=C=CCC(c2ccccc2)=C=1,0,0,0.3584905660377358,0.3584905660377358,0.00022602081298828125,
C=CC(CC)c1ccccc1,0,0,0.2641509433962264,0.2641509433962264,0.0001819133758544922,
C1=CC2=CC1=Cc1ccc2cc1,0,0,0.2631578947368421,0.2631578947368421,0.00027632713317871094,
CC1=C(C)CC(c2ccccc2)=C1,0,0,0.35185185185185186,0.35185185185185186,0.00023818016052246094,
c1ccc(-c2ccccc2)cc1,0,0,1.0,1.0,0.00023293495178222656,
CCC1=C(c2ccccc2)C=C1,0,0,0.39215686274509803,0.39215686274509803,0.0002143383026123047,
C=CC1C=C1c1ccccc1,0,0,0.3877551020408163,0.3877551020408163,0.00020813941955566406,
CC1=C2C=C1C=C2c1ccccc1,0,0,0.37037037037037035,0.37037037037037035,0.0002586841583251953,
C1=C2c3ccc(cc3)C3=CC2C13,0,0,0.2413793103448276,0.2413793103448276,0.0003025531768798828,
C1=C2C=C1c1ccccc12,0,0,0.27450980392156865,0.27450980392156865,0.0002319812774658203,
C1=CC12CC=C(c1ccccc1)C2,1,0,0.39622641509433965,0.39622641509433965,0.00026416778564453125,
C1=CC=1Cc1ccccc1,0,0,0.32653061224489793,0.32653061224489793,0.0001842975616455078,
CC(C)=C1C=C1c1ccccc1,0,0,0.37254901960784315,0.37254901960784315,0.00021791458129882812,
CC=C1C=CC1c1ccccc1,0,0,0.3148148148148148,0.3148148148148148,0.00021314620971679688,
CC12C=CC=C1c1ccc2cc1,0,0,0.24561403508771928,0.24561403508771928,0.0002627372741699219,
C=Cc1ccccc1C1=CC=C1,0,0,0.2727272727272727,0.2727272727272727,0.00022292137145996094,
C1=C(c2ccccc2)CCCC1,0,0,0.3584905660377358,0.3584905660377358,0.0002162456512451172,
C1=CC2C=C(c3ccccc3)C=12,0,0,0.38461538461538464,0.38461538461538464,0.0002391338348388672,
C1=CC=C(c2ccccc2)CCC=C1,11,6,0.41818181818181815,0.41818181818181815,0.00025963783264160156,
C1=CC2(C=C2c2ccccc2)CC1,0,0,0.3888888888888889,0.3888888888888889,0.0002598762512207031,
C1=C(Cc2ccccc2)C1,10,2,0.32653061224489793,0.32653061224489793,0.000186920166015625,
CC1=C(c2ccccc2)CCC1,0,0,0.33962264150943394,0.33962264150943394,0.0002048015594482422,
CC1CC1c1ccccc1,0,0,0.28,0.28,0.00018095970153808594,
CC1C=C(c2ccccc2)CCC1,0,0,0.34545454545454546,0.34545454545454546,0.00022864341735839844,
C=C1C=C2C(=C1)c1cccc2c1,0,0,0.26785714285714285,0.26785714285714285,0.00025653839111328125,
C=C1CC1c1ccccc1,0,0,0.30612244897959184,0.30612244897959184,0.00017881393432617188,
Cc1cc2c(C)c-2c1-c1ccccc1,0,0,0.3333333333333333,0.3333333333333333,0.0002791881561279297,
C1=CCCCCC=1c1ccccc1,0,0,0.3392857142857143,0.3392857142857143,0.0002257823944091797,
C=CC1=CC(Cc2ccccc2)=C1,0,0,0.30357142857142855,0.30357142857142855,0.00022912025451660156,
CC1=C2C(=C1)c1cccc2c1,0,0,0.25925925925925924,0.25925925925925924,0.0002288818359375,
C=C(C)C(=C)c1ccccc1,0,2,0.2692307692307692,0.2692307692307692,0.0001819133758544922,
C=C=CCc1ccccc1,0,0,0.27450980392156865,0.27450980392156865,0.00017213821411132812,
Cc1ccccc1C1=CC2=CC1=C2,0,0,0.25862068965517243,0.25862068965517243,0.0002663135528564453,
C1=CC1CCc1ccccc1,0,0,0.3076923076923077,0.3076923076923077,0.00020074844360351562,
C1#CC(c2ccccc2)=CC1,0,0,0.38,0.38,0.00019693374633789062,
C1=CCCC(c2ccccc2)=CC1,0,0,0.3888888888888889,0.3888888888888889,0.000240325927734375,
Cc1cccc(-c2ccc3c(C)c2-3)c1,0,0,0.2459016393442623,0.2459016393442623,0.00027680397033691406,
C=C=C=Cc1ccccc1,0,0,0.27450980392156865,0.27450980392156865,0.0001766681671142578,
c1cccc(Cc2ccccc2)c#1,0,0,0.36363636363636365,0.36363636363636365,0.00023937225341796875,
CC1=CC12C=C(c1ccccc1)C2,0,0,0.38461538461538464,0.38461538461538464,0.0002510547637939453,
C1=CC12C=C1c3ccccc3C1C2,0,0,0.2542372881355932,0.2542372881355932,0.0002880096435546875,
CC1=C(c2ccccc2)C2=CC1=C2,0,0,0.37735849056603776,0.37735849056603776,0.0002655982971191406,
CC1C=C2C(=C1)c1ccccc12,0,0,0.24561403508771928,0.24561403508771928,0.000244140625,
CC1C=CCC1c1ccccc1,0,0,0.2909090909090909,0.2909090909090909,0.00021505355834960938,
CC1CCC=C1c1ccccc1,0,0,0.36538461538461536,0.36538461538461536,0.00021791458129882812,
Cc1c(C)c2c(-c3ccccc3)cc1=2,0,0,0.3333333333333333,0.3333333333333333,0.00028133392333984375,
CCc1ccccc1C1=CC12C=C2,0,0,0.25862068965517243,0.25862068965517243,0.0002455711364746094,
C=C=C=C(C)c1ccccc1,0,0,0.2641509433962264,0.2641509433962264,0.00019121170043945312,
C1=CCC(=Cc2ccccc2)C=C1,0,0,0.3392857142857143,0.3392857142857143,0.00024580955505371094,
C=CCCCc1ccccc1,0,0,0.25925925925925924,0.25925925925925924,0.0001876354217529297,
C1=CC(Cc2ccccc2)C=C1,0,0,0.3333333333333333,0.3333333333333333,0.0002300739288330078,
C1=C=C(c2ccccc2)CCC=1,0,0,0.3584905660377358,0.3584905660377358,0.0002162456512451172,
C1=CC(Cc2ccccc2)C1,0,0,0.3076923076923077,0.3076923076923077,0.00019884109497070312,
C=C1C=CC(Cc2ccccc2)=C1,0,0,0.32142857142857145,0.32142857142857145,0.00023674964904785156,
C1#CC2=C(c3ccccc3)C1=C2,0,0,0.3584905660377358,0.3584905660377358,0.00025200843811035156,
CC1=CC12CC(c1ccccc1)=C2C,0,0,0.3392857142857143,0.3392857142857143,0.000270843505859375,
C1=CCC=1c1ccccc1,44,91,0.41304347826086957,0.41304347826086957,0.0001876354217529297,
C1=CC12CC2Cc1ccccc1,0,0,0.2909090909090909,0.2909090909090909,0.0002391338348388672,
CC1C=CC(c2ccccc2)=C1,63,82,0.42,0.42,0.00020694732666015625,
CC1=CC=C1c1ccccc1C,0,0,0.25,0.25,0.00021529197692871094,
Cc1ccccc1C1=C2C=CC21,0,0,0.25,0.25,0.00022792816162109375,
Cc1ccccc1C1=CC=C1,0,0,0.28846153846153844,0.28846153846153844,0.00021314620971679688,
CC1=C=C=CC=C1c1ccccc1,0,0,0.37037037037037035,0.37037037037037035,0.00023555755615234375,
C=C1C=C(c2ccccc2)CCC1,0,0,0.34545454545454546,0.34545454545454546,0.00023603439331054688,
C=C1C=CC=C1c1ccccc1C,0,0,0.25862068965517243,0.25862068965517243,0.00023293495178222656,
C1=C2C1=C2c1ccccc1,20,56,0.41304347826086957,0.41304347826086957,0.0002110004425048828,
C1=CCC=C(c2ccccc2)CC=C1,0,0,0.41818181818181815,0.41818181818181815,0.0002589225769042969,
C1=C2CC1c1ccccc12,0,0,0.25,0.25,0.00022268295288085938,
Cc1ccccc1C1=CCC=C=C1,0,0,0.2542372881355932,0.2542372881355932,0.00023794174194335938,
C1=CCCC(c2ccccc2)=CCCC1,0,0,0.35,0.35,0.0002796649932861328,
C1=C(c2ccccc2)C12CCCC2,0,0,0.3392857142857143,0.3392857142857143,0.0002524852752685547,
C=C1C2=CC2=C1c1ccccc1,0,0,0.36538461538461536,0.36538461538461536,0.00024390220642089844,
C=C(C=Cc1ccccc1)CC,0,0,0.25,0.25,0.00020194053649902344,
CCCC1C=C1c1ccccc1,0,0,0.36538461538461536,0.36538461538461536,0.000209808349609375,
C1=CCCCC(c2ccccc2)=C1,0,0,0.3888888888888889,0.3888888888888889,0.00024580955505371094,
C1=C2CC2=C1c1ccccc1,0,0,0.38,0.38,0.00022459030151367188,
C1=C(c2ccccc2)CC2C=C12,0,0,0.38461538461538464,0.38461538461538464,0.00024509429931640625,
CCCC=C(C)c1ccccc1,0,0,0.25,0.25,0.00020384788513183594,
C1=CCC=C(c2ccccc2)C=CC1,2,2,0.41818181818181815,0.41818181818181815,0.0002655982971191406,
CC1CC(c2ccccc2)C1C,0,0,0.25,0.25,0.00021839141845703125,
C1=CC(c2ccccc2)C2(C=C2)C1,0,0,0.32142857142857145,0.32142857142857145,0.0002532005310058594,
CC1=C=C1Cc1ccccc1,0,0,0.28846153846153844,0.28846153846153844,0.00019860267639160156,
C1=C2CC1CC2c1ccccc1,0,0,0.2909090909090909,0.2909090909090909,0.00026297569274902344,
Cc1ccc(C2=CC=CC2)cc1,0,0,0.24561403508771928,0.24561403508771928,0.00021839141845703125,
CC1C=C=C1c1ccccc1,0,0,0.3877551020408163,0.3877551020408163,0.00019812583923339844,
C=C=CCCc1ccccc1,0,0,0.25925925925925924,0.25925925925925924,0.00018072128295898438,
C(=C1CC1)c1ccccc1,0,0,0.3,0.3,0.0001933574676513672,
C1=CC1Cc1ccccc1,12,4,0.32653061224489793,0.32653061224489793,0.00019049644470214844,
C=C1C=CC(C)=C1c1ccccc1,0,0,0.37735849056603776,0.37735849056603776,0.00023508071899414062,
C1=CC=CCC=1c1ccccc1,12,10,0.4117647058823529,0.4117647058823529,0.00022268295288085938,
C1=CC2=CC(C1)c1cccc2c1,0,0,0.2413793103448276,0.2413793103448276,0.0002703666687011719,
Cc1ccccc1CC1C=C1,0,0,0.2641509433962264,0.2641509433962264,0.0001995563507080078,
C1=CC2=CC2C=1c1ccccc1,0,0,0.38461538461538464,0.38461538461538464,0.00023627281188964844,
CC=C1CCC1c1ccccc1,0,0,0.26785714285714285,0.26785714285714285,0.0002117156982421875,
C1=CC2C(=CC1)c1cccc2c1,0,0,0.2413793103448276,0.2413793103448276,0.0002429485321044922,
CC1C=CCC=C1c1ccccc1,0,0,0.39622641509433965,0.39622641509433965,0.0002276897430419922,
C1=C2C3=C(c4cccc3c4)C12,0,0,0.2545454545454545,0.2545454545454545,0.00025081634521484375,
Cc1cccc(-c2c(C)c3ccc2=3)c1,0,0,0.2459016393442623,0.2459016393442623,0.000278472900390625,
C1=CC=C(c2ccccc2)C=1,32,56,0.4375,0.4375,0.00020194053649902344,
C=C1C#CC(c2ccccc2)CC1,0,0,0.2542372881355932,0.2542372881355932,0.00023818016052246094,
CC=C(CCC)c1ccccc1,0,0,0.25,0.25,0.0001957416534423828,
Cc1cc#ccc1-c1ccccc1,0,0,0.37037037037037035,0.37037037037037035,0.00024175643920898438,
C1=CC12CCC=C2c1ccccc1,0,0,0.39622641509433965,0.39622641509433965,0.0002541542053222656,
CC=Cc1ccccc1,0,0,0.2916666666666667,0.2916666666666667,0.000152587890625,
CC1=CC=C=C1c1ccccc1,0,0,0.39215686274509803,0.39215686274509803,0.0002110004425048828,
C=CC1=CC(c2ccccc2)=C1,13,7,0.4,0.4,0.00022149085998535156,
Cc1ccccc1-c1c#cccc1,0,0,0.2982456140350877,0.2982456140350877,0.00024366378784179688,
CCc1ccccc1C1=CC1,0,0,0.24074074074074073,0.24074074074074073,0.00020599365234375,
CC1=C2C=C(c3ccccc3)C12,0,0,0.36538461538461536,0.36538461538461536,0.00023055076599121094,
CC=CC1C=C1c1ccccc1,0,0,0.36538461538461536,0.36538461538461536,0.0002186298370361328,
C1=CCC=C(Cc2ccccc2)C=1,0,0,0.3157894736842105,0.3157894736842105,0.00023412704467773438,
CC1=CC(c2ccccc2)=CC1C,0,0,0.37735849056603776,0.37735849056603776,0.0002315044403076172,
C1=CC2C(=C1)c1cccc2c1,0,0,0.2545454545454545,0.2545454545454545,0.0002276897430419922,
CCC1=C(c2ccccc2)C=C1C,0,0,0.35185185185185186,0.35185185185185186,0.000232696533203125,
C=C(c1ccccc1)C(C)C,0,0,0.2692307692307692,0.2692307692307692,0.0001811981201171875,
C=C1CC(c2ccccc2)=C1C,3,0,0.34615384615384615,0.34615384615384615,0.00021648406982421875,
C=C1C(CC)=C1c1ccccc1,2,1,0.34615384615384615,0.34615384615384615,0.00021576881408691406,
CC1=CC(c2ccccc2)=CCC1C,0,0,0.35714285714285715,0.35714285714285715,0.00025200843811035156,
C=C1C=C(c2ccccc2)C1C,0,0,0.37254901960784315,0.37254901960784315,0.0002143383026123047,
CC1=CC2=C1c1cccc2c1,0,0,0.25925925925925924,0.25925925925925924,0.00022602081298828125,
CC1=CC(C)C(c2ccccc2)=C1,0,0,0.37735849056603776,0.37735849056603776,0.00023031234741210938,
CCC1=C(c2ccccc2)C2C=CC1C2,0,0,0.3333333333333333,0.3333333333333333,0.00029754638671875,
CC1=CCCC(c2ccccc2)C1C,0,0,0.26666666666666666,0.26666666666666666,0.0002529621124267578,
C=CC(=C)C=Cc1ccccc1,0,0,0.25,0.25,0.00020694732666015625,
CC12C(=CC13C=C3)c1ccccc12,0,0,0.25862068965517243,0.25862068965517243,0.00028014183044433594,
CC(C)Cc1ccccc1,0,0,0.28,0.28,0.00016808509826660156,
Cc1ccccc1C1CC12C=C2,0,0,0.25,0.25,0.00022745132446289062,
c1ccc(-c2c3c4c-3cc2=4)cc1,0,0,0.3584905660377358,0.3584905660377358,0.0002701282501220703,
C1=C(c2ccccc2)CC2C3=CC12C3,0,0,0.3508771929824561,0.3508771929824561,0.0003228187561035156,
Cc1ccccc1C1=C=C=CC=C1,0,0,0.2542372881355932,0.2542372881355932,0.00022745132446289062,
C1=C2C(=CCC1)c1cccc2c1,0,0,0.2631578947368421,0.2631578947368421,0.0002491474151611328,
C1=CCC(c2ccccc2)C1,0,0,0.3018867924528302,0.3018867924528302,0.00020360946655273438,
c1ccc(-c2ccccc2)cc#1,3,2,0.5,0.5,0.0002276897430419922,
CC1=C(c2ccccc2)C1(C)C,0,0,0.36,0.36,0.00021195411682128906,
C1=CCCC(c2ccccc2)=C1,31,46,0.4117647058823529,0.4117647058823529,0.00021958351135253906,
CC1=C(c2ccccc2)C=CC1,0,0,0.39215686274509803,0.39215686274509803,0.00021219253540039062,
C1=CC2C=C1C(c1ccccc1)C2,0,0,0.3157894736842105,0.3157894736842105,0.00027561187744140625,
C1=CCC(c2ccccc2)=CC1,45,35,0.4117647058823529,0.4117647058823529,0.00022268295288085938,
C=C=CC=C(C)c1ccccc1,0,0,0.25,0.25,0.00020360946655273438,
C1=CC12C=C2Cc1ccccc1,0,0,0.33962264150943394,0.33962264150943394,0.000232696533203125,
C=C=Cc1ccccc1,0,0,0.2916666666666667,0.2916666666666667,0.00015234947204589844,
CCC1=CC=C1c1ccccc1,2,0,0.39215686274509803,0.39215686274509803,0.0002193450927734375,
C1=C2CC(=C1)c1ccc2cc1,0,0,0.2545454545454545,0.2545454545454545,0.0002613067626953125,
C1=CC2=C1C=C(c1ccccc1)C2,0,0,0.3888888888888889,0.3888888888888889,0.00027060508728027344,
Cc1ccc(C2=CC23C=C3)cc1,0,0,0.25,0.25,0.00023436546325683594,
CC1=CC(c2ccccc2)=C1,54,123,0.425531914893617,0.425531914893617,0.0002129077911376953,
Cc1cc2c(-c3ccccc3)cc1=2,0,0,0.37037037037037035,0.37037037037037035,0.00026917457580566406,
C1=CC12C=C1c3cccc(c3)C12,0,0,0.24561403508771928,0.24561403508771928,0.0002613067626953125,
C=CCc1ccccc1,10,5,0.2916666666666667,0.2916666666666667,0.00015687942504882812,
C1=CC1=Cc1ccccc1,3,3,0.3541666666666667,0.3541666666666667,0.00019621849060058594,
CC1=CC=CCC=C1c1ccccc1,0,0,0.4,0.4,0.00025725364685058594,
CC1=C(c2ccccc2)CC#CC1,0,0,0.32142857142857145,0.32142857142857145,0.00022983551025390625,
CC1C=C(c2ccccc2)C=CC1,0,0,0.39622641509433965,0.39622641509433965,0.0002346038818359375,
CC1=CC(Cc2ccccc2)=C1,0,0,0.32075471698113206,0.32075471698113206,0.0002238750457763672,
C=CC1=C(c2ccccc2)C=C1,0,0,0.39215686274509803,0.39215686274509803,0.00021409988403320312,
C1=CC1c1ccccc1,17,5,0.34782608695652173,0.34782608695652173,0.00017547607421875,
C#CC(=C)c1ccccc1,0,0,0.28,0.28,0.00016736984252929688,
C1=CCCC=1Cc1ccccc1,0,0,0.2857142857142857,0.2857142857142857,0.000213623046875,
C=C1C=C2C(=C1)c1ccccc12,0,0,0.24561403508771928,0.24561403508771928,0.0002453327178955078,
C=C(CC)c1ccccc1,0,0,0.28,0.28,0.0001609325408935547,
C1=CC12C=C(Cc1ccccc1)C2,0,0,0.32727272727272727,0.32727272727272727,0.00026702880859375,
CC1CC=C1c1ccccc1,11,5,0.3877551020408163,0.3877551020408163,0.0001983642578125,
C=C1C=CCC(c2ccccc2)=C1,0,0,0.39622641509433965,0.39622641509433965,0.00024509429931640625,
CCc1ccccc1-c1ccccc1,1,4,0.5714285714285714,0.5714285714285714,0.00026607513427734375,
c1ccc(Cc2cc3ccc2=3)cc1,0,0,0.36363636363636365,0.36363636363636365,0.000274658203125,
Cc1cccc(-c2cc3cc-3c2)c1,0,0,0.2542372881355932,0.2542372881355932,0.00027251243591308594,
C1=C(c2ccccc2)CC1,47,117,0.41304347826086957,0.41304347826086957,0.00018072128295898438,
C=C(CC1C=C1C)c1ccccc1,0,0,0.2857142857142857,0.2857142857142857,0.00023627281188964844,
CC12CC1=C2c1ccccc1,0,0,0.3673469387755102,0.3673469387755102,0.00021839141845703125,
C1=CC2C(=C1)c1ccc2cc1,0,0,0.2545454545454545,0.2545454545454545,0.00024628639221191406,
CC1=C=C(c2ccccc2)C=C1,0,0,0.39215686274509803,0.39215686274509803,0.0002155303955078125,
C1=CC2=C(c3ccccc3)C1=C2,20,32,0.4117647058823529,0.4117647058823529,0.00026106834411621094,
C1=CC=C2CC=1c1ccccc12,0,0,0.2413793103448276,0.2413793103448276,0.00024056434631347656,
CCC(C)Cc1ccccc1,0,0,0.2641509433962264,0.2641509433962264,0.0001862049102783203,
C1=CCC=1Cc1ccccc1,0,0,0.3076923076923077,0.3076923076923077,0.00019979476928710938,
C1#CC(c2ccccc2)=C1,20,70,0.41304347826086957,0.41304347826086957,0.00018739700317382812,
C1=CCC(c2ccccc2)=CCC1,0,0,0.3888888888888889,0.3888888888888889,0.00023603439331054688,
C1=CC2=CC(C=C1)c1ccccc12,0,0,0.29310344827586204,0.29310344827586204,0.0002703666687011719,
CC1(C)C=C1c1ccccc1,36,44,0.40425531914893614,0.40425531914893614,0.0001914501190185547,
CC(C)=Cc1ccccc1,0,0,0.28,0.28,0.00016498565673828125,
C=CC(C)C=C(C)c1ccccc1,0,0,0.2413793103448276,0.2413793103448276,0.000217437744140625,
Cc1cccc(-c2c#cccc2)c1,0,0,0.27586206896551724,0.27586206896551724,0.0002415180206298828,
CCC1(C)C=CC(c2ccccc2)=C1,0,0,0.38181818181818183,0.38181818181818183,0.00025081634521484375,
C=CCC(=CC)c1ccccc1,0,0,0.25,0.25,0.0001983642578125,
CC1CCC1c1ccccc1,0,0,0.25925925925925924,0.25925925925925924,0.0002002716064453125,
Cc1ccccc1C1=CC=CCC1C,0,0,0.2459016393442623,0.2459016393442623,0.0002529621124267578,
CCC1=CC(Cc2ccccc2)=C1,0,0,0.30357142857142855,0.30357142857142855,0.00023293495178222656,
C1=CCC=CC=1c1ccccc1,14,14,0.4117647058823529,0.4117647058823529,0.00021600723266601562,
C1=CC2=CC=1c1ccccc12,0,0,0.2545454545454545,0.2545454545454545,0.00022649765014648438,
CC1C=CC1Cc1ccccc1,0,0,0.2909090909090909,0.2909090909090909,0.00021576881408691406,
CC=CC(=CC)c1ccccc1,0,0,0.25,0.25,0.0001976490020751953,
CC1=CC1Cc1ccccc1,0,0,0.3137254901960784,0.3137254901960784,0.00019931793212890625,
CC1C=C=C(c2ccccc2)C=C1,0,0,0.39622641509433965,0.39622641509433965,0.000244140625,
CCC1=CCC(c2ccccc2)=C1,0,0,0.37037037037037035,0.37037037037037035,0.0002377033233642578,
C1=C2C=C(c3ccccc3)C=12,0,0,0.38,0.38,0.0002186298370361328,
CC1=CC1c1ccccc1,8,3,0.3333333333333333,0.3333333333333333,0.00018334388732910156,
C1=C2CC13C=C3c1ccc2cc1,0,0,0.24561403508771928,0.24561403508771928,0.0003032684326171875,
C=C=CC(=C)c1ccccc1,0,0,0.2641509433962264,0.2641509433962264,0.0001876354217529297,
C1=C(c2ccccc2)C2=C1CC2,0,0,0.3584905660377358,0.3584905660377358,0.0002391338348388672,
CC1C=CC12C=C2c1ccccc1,0,0,0.39622641509433965,0.39622641509433965,0.00023674964904785156,
CC1=CC2=CC1=C2c1ccccc1,0,0,0.37037037037037035,0.37037037037037035,0.00026488304138183594,
C1=C2C=C(C1)c1ccccc12,0,0,0.2545454545454545,0.2545454545454545,0.00024199485778808594,
CC1C=C(c2ccccc2)C1C,0,0,0.37254901960784315,0.37254901960784315,0.00021696090698242188,
C1=C=C(Cc2ccccc2)C=CC=1,0,0,0.3157894736842105,0.3157894736842105,0.0002307891845703125,
CC1(C)C=CC=C1Cc1ccccc1,0,0,0.3103448275862069,0.3103448275862069,0.00025081634521484375,
C=CCC=C(C)c1ccccc1,0,0,0.25,0.25,0.0001976490020751953,
C1=CCC(c2ccccc2)CC1,0,0,0.2857142857142857,0.2857142857142857,0.0002238750457763672,
Cc1ccccc1C1=CC2(C=C2)C1,0,0,0.2631578947368421,0.2631578947368421,0.0002510547637939453,
C1=C2C=C1CC(c1ccccc1)=C2,0,0,0.39622641509433965,0.39622641509433965,0.00028395652770996094,
C1=CC2=Cc3ccccc3C2=CC1,0,0,0.2711864406779661,0.2711864406779661,0.000270843505859375,
CC1=CC12CC(c1ccccc1)C2,0,0,0.2857142857142857,0.2857142857142857,0.00025534629821777344,
Cc1cccc(C2=CC(C)C=CC=C2)c1,0,0,0.25396825396825395,0.25396825396825395,0.0002758502960205078,
C1=CC2=C(Cc3ccccc3)C1=C2,0,0,0.3157894736842105,0.3157894736842105,0.00026679039001464844,
C1=CCCC(c2ccccc2)C=1,0,0,0.2857142857142857,0.2857142857142857,0.00022363662719726562,
C=CC(C)C(=C)c1ccccc1,0,0,0.2545454545454545,0.2545454545454545,0.00020360946655273438,
C1=CC2=CC1=Cc1cccc2c1,0,0,0.2631578947368421,0.2631578947368421,0.00026416778564453125,
C1=CC2=C(c3ccccc3)C(=C2)C1,0,0,0.3888888888888889,0.3888888888888889,0.00026416778564453125,
Cc1ccccc1C1=CC=C=C1,0,0,0.26785714285714285,0.26785714285714285,0.00021529197692871094,
c1ccc(C2C3=C2C3)cc1,0,0,0.3,0.3,0.0001914501190185547,
CC1=CC(c2ccccc2)=CC1(C)C,0,0,0.36363636363636365,0.36363636363636365,0.00024962425231933594,
C=C1C=CCCC1c1ccccc1,0,0,0.2982456140350877,0.2982456140350877,0.00023221969604492188,
C=C1C(C)=C1Cc1ccccc1,0,0,0.2777777777777778,0.2777777777777778,0.0002181529998779297,
C1=CC(C=Cc2ccccc2)C1,0,0,0.2909090909090909,0.2909090909090909,0.00022459030151367188,
CC1C=CC=CC(Cc2ccccc2)=C1,0,0,0.3333333333333333,0.3333333333333333,0.00027561187744140625,
C1=C2CC13C2=C3c1ccccc1,0,0,0.37254901960784315,0.37254901960784315,0.0002770423889160156,
CC=C1C=CC(c2ccccc2)=C1,0,0,0.39622641509433965,0.39622641509433965,0.0002307891845703125,
CC=CCCc1ccccc1,0,0,0.25925925925925924,0.25925925925925924,0.00018334388732910156,
CCC1=CC1c1ccccc1,0,0,0.3076923076923077,0.3076923076923077,0.00019431114196777344,
C1=CC2=C1CCC=C2c1ccccc1,0,0,0.3684210526315789,0.3684210526315789,0.00027441978454589844,
C1=CC=C2CC(=C1)c1ccccc12,0,0,0.2711864406779661,0.2711864406779661,0.00026488304138183594,
CC1=C(c2ccccc2)CCC=C1,0,0,0.37037037037037035,0.37037037037037035,0.0002262592315673828,
c1cc2cc(c1)C1=C2CC1,0,0,0.24528301886792453,0.24528301886792453,0.00020194053649902344,
CC=C(C)Cc1ccccc1,0,0,0.2641509433962264,0.2641509433962264,0.0001862049102783203,
CC1=CC2(C=C(c3ccccc3)C2)C1,0,0,0.36363636363636365,0.36363636363636365,0.0002605915069580078,
C1=CC#CC=1c1ccccc1,0,0,0.38,0.38,0.00020384788513183594,
C1=C(Cc2ccccc2)CCC1,0,0,0.2857142857142857,0.2857142857142857,0.00022220611572265625,
C1=CCC2=C(C=1)c1ccccc12,0,0,0.2413793103448276,0.2413793103448276,0.0002429485321044922,
Cc1ccccc1C1=CCCC=C1,0,0,0.2542372881355932,0.2542372881355932,0.0002353191375732422,
CCC(C)=CCc1ccccc1,0,0,0.25,0.25,0.0002028942108154297,
C1=CC12CC=C2Cc1ccccc1,0,0,0.32142857142857145,0.32142857142857145,0.00025916099548339844,
C1=C2C=C1C(c1ccccc1)C2,0,0,0.3148148148148148,0.3148148148148148,0.0002593994140625,
CCC1C=CC1c1ccccc1,0,0,0.2909090909090909,0.2909090909090909,0.0002205371856689453,
C1=C2C=C(c3ccccc3)C12,5,7,0.40816326530612246,0.40816326530612246,0.00022792816162109375,
C1=CC2CC2=C1c1ccccc1,0,0,0.38461538461538464,0.38461538461538464,0.0002429485321044922,
CC12C=C(c3ccccc3)C1=C2,0,0,0.39215686274509803,0.39215686274509803,0.0002410411834716797,
CC1C=CC1c1ccccc1,0,0,0.3076923076923077,0.3076923076923077,0.00020384788513183594,
CC1=CC(c2ccccc2)CC1,0,0,0.2909090909090909,0.2909090909090909,0.0002155303955078125,
C1=CC12C=C1c3ccc(cc3)C12,0,0,0.24561403508771928,0.24561403508771928,0.00028777122497558594,
C1=CC=C(Cc2ccccc2)C=1,0,0,0.3333333333333333,0.3333333333333333,0.00021719932556152344,
Cc1ccccc1C1=CCCC=CC=C1,0,0,0.2698412698412698,0.2698412698412698,0.0002815723419189453,
C1=CC(c2ccccc2)=C1,65,135,0.4772727272727273,0.4772727272727273,0.00018930435180664062,
c1ccc(C2CCC23CC3)cc1,0,0,0.24561403508771928,0.24561403508771928,0.00023484230041503906,
C=CC(C)c1ccccc1,10,1,0.28,0.28,0.0001647472381591797,
C1=CC=C2C=1c1cccc2c1,0,0,0.2777777777777778,0.2777777777777778,0.00022721290588378906,
CC1C=CC=C=C1c1ccccc1,0,0,0.39622641509433965,0.39622641509433965,0.00023126602172851562,
CC1=CC=C(c2ccccc2)CCC=C1,0,0,0.3793103448275862,0.3793103448275862,0.0002655982971191406,
C1=C(c2ccccc2)C2=CC12,1,4,0.40816326530612246,0.40816326530612246,0.00022149085998535156,
C1=CCCCC(c2ccccc2)=CC1,0,0,0.3684210526315789,0.3684210526315789,0.0002601146697998047,
CC1C2=C(c3ccccc3)C21,0,0,0.3673469387755102,0.3673469387755102,0.00021886825561523438,
Cc1ccc(C2=CC=C2)cc1,0,0,0.2641509433962264,0.2641509433962264,0.0001976490020751953,
CC1=C(c2ccccc2)CCC12C=C2,0,0,0.35714285714285715,0.35714285714285715,0.00025773048400878906,
C1#CCC(Cc2ccccc2)=C1,0,0,0.2857142857142857,0.2857142857142857,0.0002181529998779297,
CC1(c2ccccc2)C=CC=CC1,0,0,0.32142857142857145,0.32142857142857145,0.0002334117889404297,
CC1=C(Cc2ccccc2)C=C1,0,0,0.3148148148148148,0.3148148148148148,0.00022363662719726562,
CC1=CC(C)(c2ccccc2)CC1,0,0,0.2807017543859649,0.2807017543859649,0.000232696533203125,
C1=CC2=C(C1)C(c1ccccc1)=C2,0,0,0.3888888888888889,0.3888888888888889,0.0002830028533935547,
C=C1CCC1c1ccccc1,0,0,0.2830188679245283,0.2830188679245283,0.00019884109497070312,
CC=C(C)c1ccccc1,0,0,0.28,0.28,0.000164031982421875,
C=CC(=CC)c1ccccc1,0,0,0.2641509433962264,0.2641509433962264,0.00018477439880371094,
C1=CC2=CC(C=CC1)c1ccccc12,0,0,0.2786885245901639,0.2786885245901639,0.00028634071350097656,
C=C1C=CC1c1ccccc1,0,0,0.3333333333333333,0.3333333333333333,0.00019502639770507812,
C1=C2C=C(CC1)c1ccc2cc1,0,0,0.2413793103448276,0.2413793103448276,0.0002720355987548828,
CC=CC=C(C)c1ccccc1,0,0,0.25,0.25,0.00019884109497070312,
CC1=C(c2ccccc2)CC1C,0,0,0.34615384615384615,0.34615384615384615,0.00021314620971679688,
C=C=C=C(CC)c1ccccc1,0,0,0.25,0.25,0.00020384788513183594,
C1=C2C=C(C1)C(c1ccccc1)=C2,0,0,0.3888888888888889,0.3888888888888889,0.00028014183044433594,
CC1C=CC=C1Cc1ccccc1,0,0,0.32142857142857145,0.32142857142857145,0.00023317337036132812,
CCC1=C(c2ccccc2)C1C,0,0,0.34615384615384615,0.34615384615384615,0.00021529197692871094,
CC(C)(C)C=Cc1ccccc1,0,0,0.2545454545454545,0.2545454545454545,0.0002014636993408203,
Cc1ccccc1C1=CC2C=C12,0,0,0.24561403508771928,0.24561403508771928,0.0002205371856689453,
Cc1ccccc1C1C=CCC1,0,0,0.24561403508771928,0.24561403508771928,0.00021576881408691406,
C=C1C2=CC(c3ccccc3)=C12,0,0,0.36538461538461536,0.36538461538461536,0.0002346038818359375,
CC1C=C1c1ccccc1,63,134,0.4222222222222222,0.4222222222222222,0.00018715858459472656,
C1=C2C(=C1)c1cccc2c1,0,0,0.29411764705882354,0.29411764705882354,0.0002105236053466797,
CC1(C)C=C(c2ccccc2)CCC1,0,0,0.3333333333333333,0.3333333333333333,0.0002472400665283203,
CCC1=CC=CCC(c2ccccc2)=C1,0,0,0.3793103448275862,0.3793103448275862,0.0002675056457519531,
C=C(C)C=CCc1ccccc1,0,0,0.25,0.25,0.00020503997802734375,
C=C(CC)Cc1ccccc1,0,0,0.2641509433962264,0.2641509433962264,0.0001823902130126953,
C=C1C(c2ccccc2)=CC1C,3,0,0.37254901960784315,0.37254901960784315,0.0002105236053466797,
C1=CC(=Cc2ccccc2)C1,0,0,0.3333333333333333,0.3333333333333333,0.00021147727966308594,
C=C(C)CCc1ccccc1,0,0,0.2641509433962264,0.2641509433962264,0.000186920166015625,
C1=CC2(c3ccccc3)CCC2=C1,0,0,0.3157894736842105,0.3157894736842105,0.0002639293670654297,
Cc1ccccc1-c1cc#ccc1,0,0,0.2982456140350877,0.2982456140350877,0.0002472400665283203,
C1#CC(c2ccccc2)=CCC=C1,0,0,0.3888888888888889,0.3888888888888889,0.00022292137145996094,
C=C(C)C=Cc1ccccc1,0,0,0.2641509433962264,0.2641509433962264,0.00018930435180664062,
C1=C2CC(c3ccccc3)=C2CC1,0,0,0.3392857142857143,0.3392857142857143,0.00026679039001464844,
CC1=C=C(c2ccccc2)C=CC1,0,0,0.37037037037037035,0.37037037037037035,0.00023365020751953125,
CC1CC(c2ccccc2)C1,0,0,0.2641509433962264,0.2641509433962264,0.00020194053649902344,
Cc1ccccc1C1=C=CCC=C1,0,0,0.2542372881355932,0.2542372881355932,0.00023317337036132812,
C(=C1CCC1)c1ccccc1,0,0,0.2830188679245283,0.2830188679245283,0.00020694732666015625,
CC1=CC(c2ccccc2)C1C,0,0,0.2962962962962963,0.2962962962962963,0.00021648406982421875,
C1=C(c2ccccc2)CCC2C=C12,0,0,0.36363636363636365,0.36363636363636365,0.00026345252990722656,
C1=CC(=Cc2ccccc2)CCC1,0,0,0.29310344827586204,0.29310344827586204,0.0002429485321044922,
C1=CC2C=CC=1c1cccc2c1,0,0,0.2413793103448276,0.2413793103448276,0.00026488304138183594,
C=CCC1=CC(c2ccccc2)=C1C,0,0,0.3333333333333333,0.3333333333333333,0.0002505779266357422,
CC1=CC(c2ccccc2)=CCC1,0,0,0.37037037037037035,0.37037037037037035,0.00023436546325683594,
C1=CC12C1=C2c2ccccc21,0,0,0.25925925925925924,0.25925925925925924,0.00024390220642089844,
C1=CC12CC1=C2c2cccc1c2,0,0,0.26785714285714285,0.26785714285714285,0.0002682209014892578,
CC1CC=C(c2ccccc2)C1,0,0,0.36538461538461536,0.36538461538461536,0.0002110004425048828,
CC1=CC2C(c3ccccc3)=CC12,0,0,0.37037037037037035,0.37037037037037035,0.000244140625,
C1=CCC(Cc2ccccc2)=C1,0,0,0.3333333333333333,0.3333333333333333,0.00022292137145996094,
CC1C=CCC(c2ccccc2)=C1,1,0,0.39622641509433965,0.39622641509433965,0.00023126602172851562,
CC1=C=C=C1c1ccccc1,0,0,0.36,0.36,0.0001938343048095703,
C1=C2CCC1C=C2c1ccccc1,0,0,0.36363636363636365,0.36363636363636365,0.00028395652770996094,
C1=CC2C=CC=1c1ccccc12,0,0,0.2631578947368421,0.2631578947368421,0.00026154518127441406,
C1=C2C=C(c3ccccc3)C1=CC2,0,0,0.3888888888888889,0.3888888888888889,0.0002834796905517578,
CC1=CC2=C(c3ccccc3)C12,0,0,0.36538461538461536,0.36538461538461536,0.0002455711364746094,
CC1C=CC(c2ccccc2)C1,0,0,0.2909090909090909,0.2909090909090909,0.00021219253540039062,
C=C1C=CC(c2ccccc2)C=C1,0,0,0.34545454545454546,0.34545454545454546,0.0002357959747314453,
C1=C2C1C21c2ccccc21,0,0,0.25,0.25,0.0002219676971435547,
c1cc2cc(c1)-c1c(c3ccc1=3)C2,0,0,0.25,0.25,0.00031256675720214844,
C1=C2C=C1C(Cc1ccccc1)=C2,0,0,0.32142857142857145,0.32142857142857145,0.00028514862060546875,
C=C1C=CC(c2ccccc2)CC1,0,0,0.2982456140350877,0.2982456140350877,0.0002288818359375,
C1=C2C=C1C1=C2c2cccc1c2,0,0,0.26785714285714285,0.26785714285714285,0.00028586387634277344,
Cc1ccccc1-c1cc2cc-2c1,0,0,0.2982456140350877,0.2982456140350877,0.0002677440643310547,
C1=C2C=CC=1c1cccc2c1,0,0,0.2777777777777778,0.2777777777777778,0.000232696533203125,
Cc1ccc(C2=C=CC=C2)cc1,0,0,0.24561403508771928,0.24561403508771928,0.00022125244140625,
CCc1c(Cc2ccccc2)c2ccc1=2,0,0,0.3114754098360656,0.3114754098360656,0.00030159950256347656,
C1=CC2C1C2c1ccccc1,0,0,0.3076923076923077,0.3076923076923077,0.00021719932556152344,
CC1=C=CC=C1c1ccccc1,0,0,0.39215686274509803,0.39215686274509803,0.00022125244140625,
C1=CC12C=C(c1ccccc1)C2,65,66,0.42857142857142855,0.42857142857142855,0.0002484321594238281,
CC1(C)CC1c1ccccc1,0,0,0.2692307692307692,0.2692307692307692,0.0002033710479736328,
C1=CC(c2ccccc2)C1,2,0,0.32653061224489793,0.32653061224489793,0.0001888275146484375,
CC1=CCC=C(c2ccccc2)C=C1,0,0,0.4,0.4,0.00025725364685058594,
CC=C1CC1c1ccccc1,0,0,0.2830188679245283,0.2830188679245283,0.0001983642578125,
C1=CC2Cc3ccccc3C2=C1,0,0,0.2631578947368421,0.2631578947368421,0.0002498626708984375,
CC=C1C=CC(c2ccccc2C)=C1,0,0,0.2459016393442623,0.2459016393442623,0.0002505779266357422,
C=CC=C(CC)c1ccccc1,0,0,0.25,0.25,0.00021076202392578125,
c1cc2cc(c1)-c1c-2c2ccc1=2,0,0,0.3090909090909091,0.3090909090909091,0.00026416778564453125,
C=C(C=CCC)c1ccccc1,0,0,0.25,0.25,0.00019812583923339844,
C1=C=C(c2ccccc2)C=CC=1,15,14,0.4117647058823529,0.4117647058823529,0.0002205371856689453,
c1ccc(C2CCC2)cc1,0,0,0.27450980392156865,0.27450980392156865,0.00018644332885742188,
C=C(C1=CC=C1)c1ccccc1,0,0,0.34615384615384615,0.34615384615384615,0.00022292137145996094,
Cc1ccc(C2=CC=CCC=C2)cc1,0,0,0.26229508196721313,0.26229508196721313,0.0002551078796386719,
CC1C=C(Cc2ccccc2)C1,0,0,0.2962962962962963,0.2962962962962963,0.00021910667419433594,
CCCc1ccccc1,0,1,0.2916666666666667,0.2916666666666667,0.0001456737518310547,
Cc1ccccc1C1=CC=C=CC1,0,0,0.2542372881355932,0.2542372881355932,0.0002315044403076172,
C1=CC23C(=CC12)c1ccc3cc1,0,0,0.2413793103448276,0.2413793103448276,0.0002810955047607422,
CC1=CC(c2ccccc2)=C=C1,0,0,0.39215686274509803,0.39215686274509803,0.00021314620971679688,
CC1=C(c2ccccc2)C1,18,9,0.391304347826087,0.391304347826087,0.00017786026000976562,
C1=C(c2ccccc2)CC12CC2,0,0,0.37254901960784315,0.37254901960784315,0.0002391338348388672,
C1=C2CC1C=C2c1ccccc1,0,0,0.39215686274509803,0.39215686274509803,0.00026535987854003906,
c1ccc(-c2c3c4c(cc2=4)C3)cc1,0,0,0.3392857142857143,0.3392857142857143,0.0002868175506591797,
C1=CC2(C=C(c3ccccc3)C2)C1,9,3,0.40384615384615385,0.40384615384615385,0.000255584716796875,
CC1C=C2C=CC(=C1)c1ccc2cc1,0,0,0.26229508196721313,0.26229508196721313,0.00030684471130371094,
CC1=CC(C)=C(c2ccccc2)C1,0,0,0.35185185185185186,0.35185185185185186,0.00023746490478515625,
CC1C=CC(Cc2ccccc2)=C1,0,0,0.32142857142857145,0.32142857142857145,0.000232696533203125,
CC1C=CCCCC(c2ccccc2)=C1,0,0,0.3559322033898305,0.3559322033898305,0.0002703666687011719,
C1#CC=C(c2ccccc2)CC=C1,0,0,0.3888888888888889,0.3888888888888889,0.00024008750915527344,
C1=CC2(C1)CC2c1ccccc1,0,0,0.2909090909090909,0.2909090909090909,0.0002410411834716797,
c1cccc(-c2ccccc2)c#1,16,13,0.46938775510204084,0.46938775510204084,0.00023484230041503906,
CC1=CCC=C(c2ccccc2)C1,0,0,0.37037037037037035,0.37037037037037035,0.00022935867309570312,
CC1=C2CC2=C1c1ccccc1,0,0,0.33962264150943394,0.33962264150943394,0.0002346038818359375,
CC1=CC=C(c2ccccc2)C1,0,0,0.39215686274509803,0.39215686274509803,0.00021314620971679688,
CCC1C=C1c1ccccc1,4,1,0.3877551020408163,0.3877551020408163,0.00019097328186035156,
C=C1C=CC1c1ccccc1C,0,0,0.25,0.25,0.0002162456512451172,
C1=CC(c2ccccc2)C=CC1,0,0,0.3333333333333333,0.3333333333333333,0.00022077560424804688,
C1=C(c2ccccc2)CCCCC1,0,0,0.3392857142857143,0.3392857142857143,0.0002353191375732422,
c1ccc2c3ccc-3c2c1,0,0,0.32,0.32,0.00023317337036132812,
c1ccc2c(c1)C2,0,0,0.26666666666666666,0.26666666666666666,0.00014281272888183594,
C1=CC2(C=C2)C1c1ccccc1,0,0,0.33962264150943394,0.33962264150943394,0.0002446174621582031,
Cc1c(-c2ccccc2)c2ccc1=2,51,55,0.4230769230769231,0.4230769230769231,0.0002574920654296875,
C=C(C)CC=Cc1ccccc1,0,0,0.25,0.25,0.0001990795135498047,
CC1C(c2ccccc2)CCC12C=C2,0,0,0.26666666666666666,0.26666666666666666,0.00026345252990722656,
C1=CC2=CC=1c1ccc2cc1,0,0,0.2545454545454545,0.2545454545454545,0.00024509429931640625,
C1=CC(c2ccccc2)=CCCC1,0,0,0.3888888888888889,0.3888888888888889,0.00023436546325683594,
Cc1ccccc1C1C2=C1C=C2,0,0,0.25,0.25,0.0002319812774658203,
Cc1ccccc1C1=CCC12C=C2,0,0,0.25862068965517243,0.25862068965517243,0.00024628639221191406,
C1=C2CC2C(c2ccccc2)=C1,0,0,0.38461538461538464,0.38461538461538464,0.0002434253692626953,
Cc1ccccc1C1C=C1,0,0,0.28,0.28,0.00018715858459472656,
C1=CC2=C(CC1)c1cccc2c1,0,0,0.2631578947368421,0.2631578947368421,0.0002605915069580078,
C1=CCC(c2ccccc2)=C1,46,107,0.4375,0.4375,0.00020623207092285156,
CCC=CC=Cc1ccccc1,0,0,0.24561403508771928,0.24561403508771928,0.0002052783966064453,
CC1=C(c2ccccc2)C2(C=C2)C1,0,0,0.37735849056603776,0.37735849056603776,0.0002455711364746094,
C=C(C)C=C=Cc1ccccc1,0,0,0.25,0.25,0.00020074844360351562,
CCCCCCc1ccccc1,0,0,0.24561403508771928,0.24561403508771928,0.00020265579223632812,
CC1CCCC=C1c1ccccc1,0,0,0.34545454545454546,0.34545454545454546,0.00022840499877929688,
CC1=C=C1c1ccccc1,6,8,0.391304347826087,0.391304347826087,0.0001952648162841797,
Cc1ccccc1-c1c(C)c2ccc1=2,0,0,0.26666666666666666,0.26666666666666666,0.00028061866760253906,
CC1C=C(c2ccccc2)C1,22,12,0.3958333333333333,0.3958333333333333,0.00019669532775878906,
CC1=C(c2ccccc2)CCCCC1,0,0,0.3050847457627119,0.3050847457627119,0.0002560615539550781,
C=CC(C)(C)Cc1ccccc1,0,0,0.2545454545454545,0.2545454545454545,0.00020456314086914062,
C1=CC=CCCC=1c1ccccc1,0,0,0.3888888888888889,0.3888888888888889,0.00023102760314941406,
CC1=C=C(c2ccccc2)CC1,0,0,0.33962264150943394,0.33962264150943394,0.000225067138671875,
c1cc2cc(c1)C1=C2C1,0,0,0.26,0.26,0.00018072128295898438,
CCC#Cc1ccccc1,2,3,0.27450980392156865,0.27450980392156865,0.00017118453979492188,
C1=C(c2ccccc2)C2=C1CCC2,0,0,0.3392857142857143,0.3392857142857143,0.0002570152282714844,
C=C1C=C(C)C(c2ccccc2)=C1,0,0,0.37735849056603776,0.37735849056603776,0.00022983551025390625,
CC1=CC=CCC2=C1c1ccccc12,0,0,0.24193548387096775,0.24193548387096775,0.0002751350402832031,
CC12C=C(c3ccccc31)C21C=C1,0,0,0.25862068965517243,0.25862068965517243,0.00026726722717285156,
C=C1CC=CC=C1c1ccccc1,0,0,0.39622641509433965,0.39622641509433965,0.00023603439331054688,
C=CC#CCc1ccccc1,0,0,0.25925925925925924,0.25925925925925924,0.0001876354217529297,
CC=C1CC=C1c1ccccc1,0,0,0.36538461538461536,0.36538461538461536,0.00021505355834960938,
C=C1CC=C1c1ccccc1,3,0,0.3877551020408163,0.3877551020408163,0.00019359588623046875,
CC1=CC1c1ccccc1C,0,0,0.24528301886792453,0.24528301886792453,0.0002014636993408203,
C1=C2CC13C=C3c1ccccc12,0,0,0.24561403508771928,0.24561403508771928,0.00028443336486816406,
CC1CC=CCC=C1c1ccccc1,0,0,0.375,0.375,0.00025081634521484375,
CC1C#CC1c1ccccc1,0,0,0.25925925925925924,0.25925925925925924,0.00019884109497070312,
CCC1C=C1Cc1ccccc1,0,0,0.2909090909090909,0.2909090909090909,0.00021648406982421875,
CC1=C=C(c2ccccc2)CC=C1,0,0,0.37037037037037035,0.37037037037037035,0.000232696533203125,
CC1=CC=CC1(C)c1ccccc1,0,0,0.32727272727272727,0.32727272727272727,0.00023436546325683594,
CCC1(C)C=C1c1ccccc1,0,0,0.37254901960784315,0.37254901960784315,0.0002079010009765625,
CC1=CC12C=C2c1ccccc1,1,1,0.4,0.4,0.0002377033233642578,
C1#CC1c1ccccc1,0,0,0.2916666666666667,0.2916666666666667,0.0001671314239501953,
C1=CC2C(=CC1)c1ccccc12,0,0,0.2631578947368421,0.2631578947368421,0.0002474784851074219,
C=C1C(C)=C1c1ccccc1,15,4,0.375,0.375,0.00020837783813476562,
C=C(CCC)c1ccccc1,0,0,0.2641509433962264,0.2641509433962264,0.0001811981201171875,
C=C1CCCC=C1c1ccccc1,0,0,0.34545454545454546,0.34545454545454546,0.0002262592315673828,
C=CC=C(C)c1ccccc1,0,0,0.2641509433962264,0.2641509433962264,0.00018715858459472656,
C1=C2c3cccc(c3)C3=CC123,0,0,0.2777777777777778,0.2777777777777778,0.0002532005310058594,
C1=CC(Cc2ccccc2)=CC1,0,0,0.3333333333333333,0.3333333333333333,0.00022220611572265625,
C1=CC2=CC(C1)c1ccccc12,0,0,0.2631578947368421,0.2631578947368421,0.00024819374084472656,
C=CC1C=C(c2ccccc2)C1,0,0,0.37254901960784315,0.37254901960784315,0.00021839141845703125,
CCCC#CCc1ccccc1,0,0,0.24561403508771928,0.24561403508771928,0.00020003318786621094,
C1=CC=C(c2ccccc2)CC=1,11,17,0.4117647058823529,0.4117647058823529,0.00021791458129882812,
C1#CC(Cc2ccccc2)=C1,0,0,0.3076923076923077,0.3076923076923077,0.00019860267639160156,
C1=CC2=CC=C(C1)c1cccc2c1,0,0,0.29310344827586204,0.29310344827586204,0.00028133392333984375,
C1=CC12CCC(c1ccccc1)C2,0,0,0.27586206896551724,0.27586206896551724,0.0002605915069580078,
CC=C1C(C)=C1c1ccccc1,5,2,0.34615384615384615,0.34615384615384615,0.00021529197692871094,
CC(=CC1C=C1)c1ccccc1,0,0,0.2962962962962963,0.2962962962962963,0.00021648406982421875,
c1ccc(-c2cc3ccc2=3)cc1,56,65,0.46938775510204084,0.46938775510204084,0.00025272369384765625,
C1=C2c3ccccc3CC12,0,0,0.24528301886792453,0.24528301886792453,0.00020813941955566406,
C1=C=CC(c2ccccc2)=CC=1,1,0,0.4117647058823529,0.4117647058823529,0.00021886825561523438,
CC1=CCC(c2ccccc2)=C1C,0,0,0.35185185185185186,0.35185185185185186,0.00023317337036132812,
CC1C=C(c2ccccc2)CC1,0,0,0.36538461538461536,0.36538461538461536,0.00022268295288085938,
CC1(C)CCC1c1ccccc1,0,0,0.25,0.25,0.00021648406982421875,
C1=CC2C=C1c1ccc(cc1)C2,0,0,0.2413793103448276,0.2413793103448276,0.000274658203125,
CC1C=CCCC1c1ccccc1,0,0,0.27586206896551724,0.27586206896551724,0.0002372264862060547,
C1=CC2=CCC(=C1)c1ccccc12,0,0,0.2711864406779661,0.2711864406779661,0.0002923011779785156,
CCc1c(-c2ccccc2)c2ccc1=2,2,1,0.4,0.4,0.0002779960632324219,
CC1CC=CC1c1ccccc1,0,0,0.2909090909090909,0.2909090909090909,0.00022077560424804688,
C1=C2CCC1C2c1ccccc1,0,0,0.2857142857142857,0.2857142857142857,0.0002493858337402344,
C1=C(Cc2ccccc2)C2=C1C2,0,0,0.2857142857142857,0.2857142857142857,0.00023794174194335938,
C1=CC2(C1)CC=C2c1ccccc1,0,0,0.39622641509433965,0.39622641509433965,0.0002541542053222656,
C1=CC2=CC2=C(c2ccccc2)C1,0,0,0.3888888888888889,0.3888888888888889,0.0002651214599609375,
c1ccc(C2CCCCC2)cc1,0,0,0.2413793103448276,0.2413793103448276,0.00021529197692871094,
CC1=C(c2ccccc2)C=C1,58,99,0.4166666666666667,0.4166666666666667,0.00019788742065429688,
CC1C=C2C=C1c1ccccc12,0,0,0.24561403508771928,0.24561403508771928,0.00024366378784179688,
C1=CCC(c2ccccc2)C=C1,0,0,0.3333333333333333,0.3333333333333333,0.00022220611572265625,
c1cc2cc(c#1)-c1ccc-2cc1,0,0,0.2631578947368421,0.2631578947368421,0.0002734661102294922,
CC1CCC12C=C(c1ccccc1)C2C,0,0,0.31666666666666665,0.31666666666666665,0.0002837181091308594,
CC1(C)C=CC=C(c2ccccc2)C1,0,0,0.38181818181818183,0.38181818181818183,0.0002524852752685547,
CC=CC=Cc1ccccc1,0,0,0.25925925925925924,0.25925925925925924,0.00019168853759765625,
CC=C(CC)c1ccccc1,0,0,0.2641509433962264,0.2641509433962264,0.0001819133758544922,
C1=CC2=C1CCC2c1ccccc1,0,0,0.29310344827586204,0.29310344827586204,0.0002608299255371094,
CC#CC=Cc1ccccc1,0,0,0.25925925925925924,0.25925925925925924,0.00018167495727539062,
C=C1C=CC(c2ccccc2)=C1,58,60,0.42,0.42,0.0002257823944091797,
Cc1ccccc1C1=CC1C,0,0,0.24528301886792453,0.24528301886792453,0.0001990795135498047,
CCC1=CC(C)=CCCC1c1ccccc1,0,0,0.26153846153846155,0.26153846153846155,0.00029277801513671875,
Cc1ccccc1-c1cc2ccc1=2,0,0,0.2982456140350877,0.2982456140350877,0.0002601146697998047,
C1=C2CC1=C2c1ccccc1,0,0,0.3958333333333333,0.3958333333333333,0.00023698806762695312,
C1=CC2C=C1c1ccccc12,0,0,0.2777777777777778,0.2777777777777778,0.0002319812774658203,
Cc1cc2c(Cc3ccccc3)c(C)c1=2,0,0,0.25396825396825395,0.25396825396825395,0.0003058910369873047,
CC1=CC(c2ccccc2)CCC1,0,0,0.27586206896551724,0.27586206896551724,0.0002357959747314453,
CC1=CCC(c2ccccc2)=CC1,0,0,0.37037037037037035,0.37037037037037035,0.0002295970916748047,
CC1=CC=CCC=C(c2ccccc2)C1,0,0,0.3793103448275862,0.3793103448275862,0.00027441978454589844,
C1=CC12CC1=C2c2ccccc21,0,0,0.24561403508771928,0.24561403508771928,0.00026726722717285156,
CC=C1C(C)CC1c1ccccc1,0,0,0.25862068965517243,0.25862068965517243,0.0002338886260986328,
C=CC(=CC)Cc1ccccc1,0,0,0.25,0.25,0.0002048015594482422,
CC1=CCCC(c2ccccc2)=C1,0,0,0.37037037037037035,0.37037037037037035,0.00022649765014648438,
CC1CC=CC(c2ccccc2)=CC1,0,0,0.375,0.375,0.0002574920654296875,
C1=CCC=C(c2ccccc2)CCCC=C1,0,0,0.3770491803278688,0.3770491803278688,0.00030493736267089844,
C1=CC2=C(C=1)c1ccccc12,0,0,0.2545454545454545,0.2545454545454545,0.0002243518829345703,
CC1=C=C=C(c2ccccc2)C=C1,0,0,0.37037037037037035,0.37037037037037035,0.00023365020751953125,
C1=CC2CC(c3ccccc3)=CC12,0,0,0.3888888888888889,0.3888888888888889,0.00026226043701171875,
CC1(c2ccccc2)C=CC12C=C2,0,0,0.32727272727272727,0.32727272727272727,0.0002372264862060547,
C1=CC1CCCc1ccccc1,0,0,0.2909090909090909,0.2909090909090909,0.00022721290588378906,
CC12C=C1C=C2c1ccccc1,0,0,0.39215686274509803,0.39215686274509803,0.00023126602172851562,
c1ccc2c3=c(c2c1)-c1cc-3c1,0,0,0.2909090909090909,0.2909090909090909,0.0002989768981933594,
C1=C2CC(c3ccccc3)=C12,0,0,0.38,0.38,0.0002262592315673828,
C1=CC12C=C1c3ccccc3C12,0,0,0.26785714285714285,0.26785714285714285,0.0002613067626953125,
C1=C(c2ccccc2)C12CCC2,0,0,0.36538461538461536,0.36538461538461536,0.00023412704467773438,
CC=C=Cc1ccccc1,0,0,0.27450980392156865,0.27450980392156865,0.0001685619354248047,
c1cc2cc(c1)-c1c-2cc2cc1-2,0,0,0.2631578947368421,0.2631578947368421,0.000278472900390625,
Cc1ccccc1C1=CC12C=CC2,0,0,0.25862068965517243,0.25862068965517243,0.0002512931823730469,
CC1=CC1=CCc1ccccc1,0,0,0.2962962962962963,0.2962962962962963,0.0002124309539794922,
C1=CCCC=1c1ccccc1,0,0,0.38,0.38,0.00020265579223632812,
C=C1C=CC=C1c1ccccc1CC,0,0,0.2459016393442623,0.2459016393442623,0.00024962425231933594,
C=CCC(C)=Cc1ccccc1,0,0,0.25,0.25,0.00019812583923339844,
C1#CCCC(c2ccccc2)=C1,0,0,0.3584905660377358,0.3584905660377358,0.00022125244140625,
C1=C2C=C1C2c1ccccc1,0,0,0.34,0.34,0.00023865699768066406,
C=C1C=C(C)C=C1c1ccccc1,0,0,0.37735849056603776,0.37735849056603776,0.00024008750915527344,
CCCC1C=CC=C1c1ccccc1,0,0,0.375,0.375,0.0002486705780029297,
CC1=CC=C(c2ccccc2)CC1,0,0,0.37037037037037035,0.37037037037037035,0.0002300739288330078,
C1=CC12C=C2c1ccccc1,20,54,0.44680851063829785,0.44680851063829785,0.0002155303955078125,
C1=CC2C=1c1ccccc12,0,0,0.24528301886792453,0.24528301886792453,0.00020885467529296875,
CC1(c2ccccc2)C=C1,0,0,0.3333333333333333,0.3333333333333333,0.00017642974853515625,
CCc1ccccc1C1=CC=C1,0,0,0.2727272727272727,0.2727272727272727,0.00021529197692871094,
C1=CC2C(=C1)c1ccccc12,0,0,0.2777777777777778,0.2777777777777778,0.0002276897430419922,
CC(C)C1(Cc2ccccc2)C=C1,0,0,0.2857142857142857,0.2857142857142857,0.00023436546325683594,
CC1=CC(c2ccccc2)=CC(C)C1,0,0,0.35714285714285715,0.35714285714285715,0.0002551078796386719,
C=CC(=C)Cc1ccccc1,0,0,0.2641509433962264,0.2641509433962264,0.0001842975616455078,
C1=CCCC=CC=1c1ccccc1,0,0,0.3888888888888889,0.3888888888888889,0.00023698806762695312,
CC1=C(c2ccccc2)C(C)CC1,0,0,0.32727272727272727,0.32727272727272727,0.000225067138671875,
C1=C=CC(c2ccccc2)=C=1,0,0,0.38,0.38,0.0002052783966064453,
Cc1c2cc(-c3ccccc3)cc1C2,0,0,0.4,0.4,0.00030040740966796875,
C1=CC(Cc2ccccc2)=C1,0,0,0.36,0.36,0.00021314620971679688,
CCc1c(C)cccc1-c1ccccc1,2,1,0.43636363636363634,0.43636363636363634,0.00027251243591308594,
C1=CCCC(c2ccccc2)CC=C1,0,0,0.3,0.3,0.0002658367156982422,
CCC1C=C(c2ccccc2)C=CC=C1C,0,0,0.36666666666666664,0.36666666666666664,0.00029468536376953125,
C1=CCC=C(c2ccccc2)CC=1,0,0,0.3888888888888889,0.3888888888888889,0.0002281665802001953,
CC1C2=C1C(c1ccccc1)=C2,0,0,0.36538461538461536,0.36538461538461536,0.000232696533203125,
Cc1ccccc1C,0,0,0.2608695652173913,0.2608695652173913,0.00013899803161621094,
Cc1cccc(-c2cc3ccc2=3)c1,0,0,0.27586206896551724,0.27586206896551724,0.00026106834411621094,
C1=CC2=C(c3ccccc3)C1=CC2,0,0,0.3888888888888889,0.3888888888888889,0.0002605915069580078,
C=CC1=CC(c2ccccc2C)=C1,0,0,0.2413793103448276,0.2413793103448276,0.0002300739288330078,
C1=CC2C=C1c1cccc(c1)C2,0,0,0.2413793103448276,0.2413793103448276,0.0002551078796386719,
C1=C2C=C1C(c1ccccc1)=C2,23,27,0.42,0.42,0.0002715587615966797,
C1=Cc2cc1cc1ccccc21,0,0,0.2857142857142857,0.2857142857142857,0.0002627372741699219,
C1=CCC(Cc2ccccc2)=CC1,0,0,0.3157894736842105,0.3157894736842105,0.0002346038818359375,
C1=C2C=C(C1)c1ccc2cc1,0,0,0.2545454545454545,0.2545454545454545,0.0002617835998535156,
CC=C=CCc1ccccc1,0,0,0.25925925925925924,0.25925925925925924,0.00019216537475585938,
c1ccc(Cc2c3cccc2-3)cc1,0,0,0.3888888888888889,0.3888888888888889,0.0002570152282714844,
C=CCC(=C)c1ccccc1,0,0,0.2641509433962264,0.2641509433962264,0.00018548965454101562,
C=CC(C=C)c1ccccc1,0,0,0.2641509433962264,0.2641509433962264,0.00018930435180664062,
C1=CC2C1=C2c1ccccc1,3,2,0.4166666666666667,0.4166666666666667,0.0002243518829345703,
CC1(C)C=CC(c2ccccc2)=C1,19,8,0.40384615384615385,0.40384615384615385,0.00022912025451660156,
c1c2cc(-c3ccccc3)c=2c#1,0,0,0.3584905660377358,0.3584905660377358,0.0002498626708984375,
C=CC=CC=Cc1ccccc1,0,0,0.24561403508771928,0.24561403508771928,0.0002071857452392578,
Cc1ccccc1C1C=CC1,0,0,0.2641509433962264,0.2641509433962264,0.00019812583923339844,
CCC1=C(c2ccccc2)C2=C1C=CC2,0,0,0.3333333333333333,0.3333333333333333,0.00028395652770996094,
C1=C2Cc3ccccc3C2=C1,0,0,0.2545454545454545,0.2545454545454545,0.00022721290588378906,
CC1(c2ccccc2)C=CC1,0,0,0.3137254901960784,0.3137254901960784,0.0001938343048095703,
C1=CC2(C=C2Cc2ccccc2)C1,0,0,0.32142857142857145,0.32142857142857145,0.0002541542053222656,
Cc1ccccc1C1=C=CC=C1,0,0,0.26785714285714285,0.26785714285714285,0.00022101402282714844,
C1=CC=C2c3ccccc3C2CC=C1,0,0,0.2786885245901639,0.2786885245901639,0.00027871131896972656,
CC12C=C1c1ccccc12,0,0,0.25,0.25,0.00020575523376464844,
CC1C2=C1c1cccc2c1,0,0,0.25,0.25,0.00020432472229003906,
CC1=CC(c2ccccc2)C1,0,0,0.3137254901960784,0.3137254901960784,0.00020360946655273438,
CC1=CC=CC(C)C=C1c1ccccc1,0,0,0.38596491228070173,0.38596491228070173,0.00026726722717285156,
CC1=C(c2ccccc2)C=C=CC1,0,0,0.37037037037037035,0.37037037037037035,0.0002281665802001953,
C=C(c1ccccc1)C1C=CC1,0,0,0.2962962962962963,0.2962962962962963,0.00021648406982421875,
C1#CC(c2ccccc2)CC1,0,0,0.2545454545454545,0.2545454545454545,0.00020051002502441406,
CC1=C(C)C(c2ccccc2)=CC1,0,0,0.35185185185185186,0.35185185185185186,0.00022935867309570312,
CC1=CC12C=C(c1ccccc1)C2C,0,0,0.36363636363636365,0.36363636363636365,0.0002732276916503906,
c1ccc2c(c1)Cc1c-2c2ccc1=2,0,0,0.2711864406779661,0.2711864406779661,0.00029206275939941406,
CC(C)=CCCc1ccccc1,0,0,0.25,0.25,0.00020432472229003906,
C1=CC2=C1c1cccc2c1,0,0,0.29411764705882354,0.29411764705882354,0.00021147727966308594,
C1=CC=CC=1Cc1ccccc1,0,0,0.3333333333333333,0.3333333333333333,0.0002129077911376953,
C1=CC23C=C(c4ccccc42)C13,0,0,0.2631578947368421,0.2631578947368421,0.000270843505859375,
C1=CC(Cc2ccccc2)=CCC1,0,0,0.3157894736842105,0.3157894736842105,0.00024175643920898438,
CC1=C(c2ccccc2)C2=C1C2C,0,0,0.32727272727272727,0.32727272727272727,0.0002410411834716797,
C1=C2C=CCC=1c1cccc2c1,0,0,0.2631578947368421,0.2631578947368421,0.00026798248291015625,
C1=CCC=C2C=1c1cccc2c1,0,0,0.2631578947368421,0.2631578947368421,0.00024008750915527344,
CCCC=Cc1ccccc1,0,0,0.25925925925925924,0.25925925925925924,0.00018334388732910156,
C1=C=C(c2ccccc2)CC=1,0,0,0.38,0.38,0.0002040863037109375,
C1=C2C3=C(c4ccccc4)C12C3,0,0,0.3584905660377358,0.3584905660377358,0.000278472900390625,
CC1C=CC(c2ccccc2)=CC1C,0,0,0.38181818181818183,0.38181818181818183,0.00025582313537597656,
C1=CC2(C=C2Cc2ccccc2)CC1,0,0,0.3,0.3,0.000274658203125,
CC12C=CC(=C1)c1ccc2cc1,0,0,0.24561403508771928,0.24561403508771928,0.0002589225769042969,
C1=CCC2=CC(=CCC1)c1ccc2cc1,0,0,0.24615384615384617,0.24615384615384617,0.00032258033752441406,
Cc1c(C)c2c(-c3ccccc3)c(C)c1=2,0,0,0.3,0.3,0.0003063678741455078,
C1=CCCCC(c2ccccc2)C=C1,0,0,0.3,0.3,0.0002608299255371094,
CC(Cc1ccccc1)C1(C)C=C1,0,0,0.2857142857142857,0.2857142857142857,0.00022840499877929688,
CCC1=C(c2ccccc2)CCC1,0,0,0.32142857142857145,0.32142857142857145,0.00023317337036132812,
CC1C=CC(c2ccccc2)CC1,0,0,0.27586206896551724,0.27586206896551724,0.00022864341735839844,
C1=C2c3ccc(cc3)C3=CC23C1,0,0,0.2413793103448276,0.2413793103448276,0.0002880096435546875,
C1=CCC2=CC(=C1)c1ccccc12,0,0,0.2711864406779661,0.2711864406779661,0.0002651214599609375,
CC=C1C=C(c2ccccc2)C1,2,1,0.37254901960784315,0.37254901960784315,0.00021648406982421875,
CC1=C2C(Cc3ccccc3)=C12,0,0,0.2727272727272727,0.2727272727272727,0.0002410411834716797,
Cc1ccccc1,12,7,0.3333333333333333,0.3333333333333333,0.00012564659118652344,
CCC1C=CC(c2ccccc2)=C1,0,0,0.39622641509433965,0.39622641509433965,0.0002334117889404297,
C1=C2C=C(c3ccccc3)C1CC2,0,0,0.36363636363636365,0.36363636363636365,0.0002739429473876953,
C1=Cc2cccc(c2)C2=CC1=C2,0,0,0.26785714285714285,0.26785714285714285,0.0002894401550292969,
CC12C=CC(=C1)c1cccc2c1,0,0,0.24561403508771928,0.24561403508771928,0.00025153160095214844,
C1=CC=CC=1c1ccccc1,32,68,0.4375,0.4375,0.00020003318786621094,
C1=C2C=1C2c1ccccc1,0,0,0.3,0.3,0.0002009868621826172,
C1=CC2C=C1c1cccc2c1,0,0,0.2545454545454545,0.2545454545454545,0.00024127960205078125,
C1=CCC=C(Cc2ccccc2)C=CC1,0,0,0.32786885245901637,0.32786885245901637,0.0002777576446533203,
CC1C=C2C=C1c1ccc2cc1,0,0,0.24561403508771928,0.24561403508771928,0.0002665519714355469,
Cc1ccccc1C1=CCCC=CC1,0,0,0.24193548387096775,0.24193548387096775,0.00025844573974609375,
C1=CCCCCC(c2ccccc2)=C1,0,0,0.3684210526315789,0.3684210526315789,0.00026917457580566406,
Cc1ccccc1C1=CC=CCC1,0,0,0.2542372881355932,0.2542372881355932,0.00023412704467773438,
CC1=C=CC(c2ccccc2)=CC1,0,0,0.37037037037037035,0.37037037037037035,0.00023031234741210938,
C1=C2CCC1=C2c1ccccc1,0,0,0.3584905660377358,0.3584905660377358,0.0002598762512207031,
CC1=CCC(c2ccccc2)=C1,0,0,0.39215686274509803,0.39215686274509803,0.00021839141845703125,
c1ccc2c3ccc=3c2c1,12,10,0.32,0.32,0.000225067138671875,
CC1C=C(c2ccccc2)C=CC=CC1,0,0,0.40350877192982454,0.40350877192982454,0.0002722740173339844,
C1=CC2CCC1=C2c1ccccc1,0,0,0.36363636363636365,0.36363636363636365,0.0002579689025878906,
C=C=C(C)c1ccccc1,0,0,0.28,0.28,0.000171661376953125,
C=C(CC=CC)c1ccccc1,0,0,0.25,0.25,0.0001990795135498047,
CC1=C(Cc2ccccc2)C2=C1CC=C2,0,0,0.2698412698412698,0.2698412698412698,0.0002799034118652344,
C1=c2ccc(c3ccccc23)=CC1,0,0,0.3157894736842105,0.3157894736842105,0.0002899169921875,
C1=C(c2ccccc2)C2C3=CC132,0,0,0.38461538461538464,0.38461538461538464,0.0002589225769042969,
CC1=C(c2ccccc2)C12C=C2,0,1,0.4,0.4,0.00021600723266601562,
CC1=CC(c2ccccc2)=CC1,3,4,0.39215686274509803,0.39215686274509803,0.0002167224884033203,
C1=CCCCC=1c1ccccc1,0,0,0.3584905660377358,0.3584905660377358,0.0002193450927734375,
CC1CC=C(c2ccccc2)C12C=C2,0,0,0.38181818181818183,0.38181818181818183,0.0002582073211669922,
CC1(C)C2=C1c1cccc2c1,0,0,0.24074074074074073,0.24074074074074073,0.00022101402282714844,
CC1=C2C=C1C(c1ccccc1)=C2,0,0,0.37037037037037035,0.37037037037037035,0.00027751922607421875,
C1=CCC2(C=C2c2ccccc2)C1,0,0,0.3888888888888889,0.3888888888888889,0.0002551078796386719,
C=C(C)C(C)=Cc1ccccc1,0,0,0.2545454545454545,0.2545454545454545,0.0002014636993408203,
C=C1C=CC(c2ccccc2)=C1C,0,0,0.37735849056603776,0.37735849056603776,0.0002338886260986328,
CC1(C)C=C(c2ccccc2)C1,0,0,0.38,0.38,0.0002167224884033203,
CCc1cc2c(-c3ccccc3)cc1=2,0,0,0.3508771929824561,0.3508771929824561,0.0002796649932861328,
CC1=CC2=C(c3ccccc3)C1=C2,0,0,0.37037037037037035,0.37037037037037035,0.00026035308837890625,
CCC1=C(c2ccccc2)C12C=C2,0,0,0.37735849056603776,0.37735849056603776,0.00024271011352539062,
C1=CC2=C(CC1)c1ccccc12,0,0,0.2413793103448276,0.2413793103448276,0.0002474784851074219,
Cc1cccc(C2=CCC=C2)c1,0,0,0.24561403508771928,0.24561403508771928,0.00021886825561523438,
C1=CCC=C(c2ccccc2)C=C1,18,17,0.4423076923076923,0.4423076923076923,0.0002434253692626953,
CC1=CC12C=C2c1ccccc1C,0,0,0.2413793103448276,0.2413793103448276,0.0002460479736328125,
CC(C)=CCc1ccccc1,0,0,0.2641509433962264,0.2641509433962264,0.00019025802612304688,
C=C1C=CC2=C1c1ccccc12,0,0,0.24561403508771928,0.24561403508771928,0.0002429485321044922,
CCC1=C(c2ccccc2)CC12C=C2,0,0,0.35714285714285715,0.35714285714285715,0.0002624988555908203,
C1=C2CC(c3ccccc3)=C2C1,0,0,0.3584905660377358,0.3584905660377358,0.00024247169494628906,
Cc1c2cc(-c3ccccc3)cc1-2,10,4,0.4230769230769231,0.4230769230769231,0.0002696514129638672,
C=C1C=C(c2ccccc2)CC1,0,0,0.36538461538461536,0.36538461538461536,0.0002110004425048828,
C=C1C2=CC=C1c1ccccc12,0,0,0.24561403508771928,0.24561403508771928,0.00024819374084472656,
CC1CCC=C(c2ccccc2)C1,0,0,0.34545454545454546,0.34545454545454546,0.0002338886260986328,
Cc1ccccc1C1=CC2(C=CC2)C1,0,0,0.25,0.25,0.00026726722717285156,
CCC1=CC=C1C=Cc1ccccc1,0,0,0.2833333333333333,0.2833333333333333,0.0002522468566894531,
c1ccc(C2CCCC2)cc1,0,0,0.2545454545454545,0.2545454545454545,0.00020194053649902344,
C1=CC2=C1C2c1ccccc1,0,0,0.3333333333333333,0.3333333333333333,0.00022745132446289062,
C1=CCCC=C(c2ccccc2)C=C1,2,2,0.41818181818181815,0.41818181818181815,0.00025916099548339844,
CC1(C)C=Cc2ccccc2C1,0,0,0.25,0.25,0.00022935867309570312,
C=CC1=CC=C1c1ccccc1,0,0,0.39215686274509803,0.39215686274509803,0.0002243518829345703,
C1=C2CC=1c1cccc2c1,0,0,0.25,0.25,0.00024056434631347656,
CC=C=C(CC)c1ccccc1,0,0,0.25,0.25,0.0002110004425048828,
C=C1C=CC=C1c1ccccc1,42,46,0.42,0.42,0.00022411346435546875,
C1=CC(c2ccccc2)=CCC1,21,25,0.4117647058823529,0.4117647058823529,0.00022459030151367188,
C1=CC2(C=1)CC=C2c1ccccc1,0,0,0.39622641509433965,0.39622641509433965,0.0002467632293701172,
C1#CC(c2ccccc2)C=C1,0,0,0.3018867924528302,0.3018867924528302,0.0002009868621826172,
C1=C2C=C1c1ccccc1C2,0,0,0.25925925925925924,0.25925925925925924,0.0002570152282714844,
C1=C2C3=C(c4ccccc4)CC123,0,0,0.3584905660377358,0.3584905660377358,0.00026226043701171875,
CC1=C(c2ccccc2C)C=C1,0,0,0.25,0.25,0.000217437744140625,
Cc1cc2cc(-c3ccccc3)c1=2,0,0,0.37037037037037035,0.37037037037037035,0.00027823448181152344,
Cc1cccc(C2=CC23C=C3)c1,0,0,0.25,0.25,0.0002276897430419922,
CC1=C(c2ccccc2)C=C=C1,0,0,0.39215686274509803,0.39215686274509803,0.00020885467529296875,
CCC1=C2C=C1C(c1ccccc1)=C2,0,0,0.3508771929824561,0.3508771929824561,0.00029206275939941406,
CCC(C)C=Cc1ccccc1,0,0,0.25,0.25,0.0002009868621826172,
Cc1ccccc1C1=CCC=CC1,0,0,0.2542372881355932,0.2542372881355932,0.0002281665802001953,
CC1C=CC2CC(c3ccccc3)=C12,0,0,0.3508771929824561,0.3508771929824561,0.0002758502960205078,
C1=CCC(c2ccccc2)CCC1,0,0,0.2711864406779661,0.2711864406779661,0.0002434253692626953,
Cc1ccccc1C1=C=C1,0,0,0.2549019607843137,0.2549019607843137,0.00018167495727539062,
Cc1ccccc1C1=C2C=C21,0,0,0.24074074074074073,0.24074074074074073,0.00020956993103027344,
c1ccc(C2C3CC2C3)cc1,0,0,0.2641509433962264,0.2641509433962264,0.0002319812774658203,
C1=CC(c2ccccc2)CCCC1,0,0,0.2711864406779661,0.2711864406779661,0.00024700164794921875,
Cc1cccc(C2=CC=CC2)c1,0,0,0.24561403508771928,0.24561403508771928,0.00021338462829589844,
C=CCCC=Cc1ccccc1,0,0,0.24561403508771928,0.24561403508771928,0.00020599365234375,
C1=C2c3ccccc3C3=CC123,0,0,0.2545454545454545,0.2545454545454545,0.00023889541625976562,
Cc1cccc(C2=CCC=CC=C2)c1,0,0,0.26229508196721313,0.26229508196721313,0.00025844573974609375,
C1=C=C2C(=CC=1)c1ccccc12,0,0,0.2413793103448276,0.2413793103448276,0.0002446174621582031,
C=C=C(C)CCc1ccccc1,0,0,0.25,0.25,0.0002028942108154297,
c1ccc2c(c1)-c1cc3cc-2c1=3,0,0,0.2413793103448276,0.2413793103448276,0.0002770423889160156,
C1=CC12CC=C2c1ccccc1,27,42,0.42,0.42,0.00023818016052246094,
CC1=C=CCC(c2ccccc2)=C1,0,0,0.37037037037037035,0.37037037037037035,0.0002334117889404297,
C1=C2CCC(c3ccccc3)=C12,0,0,0.3584905660377358,0.3584905660377358,0.0002472400665283203,
CC1(C)C=CC(c2ccccc2)CC1,0,0,0.26666666666666666,0.26666666666666666,0.0002484321594238281,
CC1=C(c2ccccc2)C=CCC1,0,0,0.37037037037037035,0.37037037037037035,0.00022983551025390625,
C1=C(CCc2ccccc2)C1,0,0,0.3076923076923077,0.3076923076923077,0.00020122528076171875,
CCC1=C=C(c2ccccc2)C1,0,0,0.34615384615384615,0.34615384615384615,0.0002167224884033203,
C1=C(c2ccccc2)C2(C1)CCC2,0,0,0.34545454545454546,0.34545454545454546,0.0002472400665283203,
CC1=C(c2ccccc2)C12C=CC2,0,0,0.37735849056603776,0.37735849056603776,0.00023365020751953125,
C1=CC12C1c3ccccc3C12,0,0,0.25925925925925924,0.25925925925925924,0.00023984909057617188,
CC1(c2ccccc2)C=CC=C1,0,0,0.33962264150943394,0.33962264150943394,0.00021219253540039062,
CCC=C=Cc1ccccc1,0,0,0.25925925925925924,0.25925925925925924,0.0001842975616455078,
CC1=CC=CCC(c2ccccc2)=C1,0,0,0.4,0.4,0.0002532005310058594,
C1=C2C=C2C=1c1ccccc1,0,0,0.38,0.38,0.00021457672119140625,
CC1=CC12CC=C2c1ccccc1,0,0,0.37735849056603776,0.37735849056603776,0.00024080276489257812,
C=C1C=CC=C1Cc1ccccc1,0,0,0.32142857142857145,0.32142857142857145,0.0002319812774658203,
C1=C(c2ccccc2)C=C2CC12,0,0,0.38461538461538464,0.38461538461538464,0.0002460479736328125,
C(=Cc1ccccc1)C1=CC1,0,0,0.3076923076923077,0.3076923076923077,0.00020432472229003906,
C1=CC2(C1)CCC2c1ccccc1,0,0,0.27586206896551724,0.27586206896551724,0.0002562999725341797,
c1cc2cc(c1)-c1c3cc-2cc1-3,0,0,0.2631578947368421,0.2631578947368421,0.00030517578125,
C=C1CCC=C(c2ccccc2)C1,0,0,0.34545454545454546,0.34545454545454546,0.0002434253692626953,
C1=CC12C1=CC2c2cccc1c2,0,0,0.24561403508771928,0.24561403508771928,0.0002803802490234375,
CCC1=C(c2ccccc2)C(C)=C1,0,0,0.35185185185185186,0.35185185185185186,0.00023031234741210938,
C1=CC2=C(C1)c1cccc2c1,0,0,0.2777777777777778,0.2777777777777778,0.0002338886260986328,
C1=CC2=C(C=C2c2ccccc2)C1,0,0,0.3888888888888889,0.3888888888888889,0.0002570152282714844,
Cc1cc#cc(-c2ccccc2)c1,0,0,0.37037037037037035,0.37037037037037035,0.00023651123046875,
C=CC=C=Cc1ccccc1,0,0,0.25925925925925924,0.25925925925925924,0.00019097328186035156,
C=CC(C)Cc1ccccc1,0,0,0.2641509433962264,0.2641509433962264,0.00018286705017089844,
C1=CC=C(c2ccccc2)CC=C1,14,10,0.4423076923076923,0.4423076923076923,0.00024580955505371094,
C1#CCC(c2ccccc2)=C1,0,0,0.38,0.38,0.00020122528076171875,
c1ccc(-c2cc3cc-3c2)cc1,8,10,0.46938775510204084,0.46938775510204084,0.0002541542053222656,
C#CCc1ccccc1,0,0,0.2916666666666667,0.2916666666666667,0.0001461505889892578,
C1=CC2(C=1)C=C2c1ccccc1,5,6,0.42,0.42,0.00023412704467773438,
C=CC1=CC(c2ccccc2)=C1C,0,0,0.35185185185185186,0.35185185185185186,0.000240325927734375,
CC1=C(c2ccccc2)CC1,0,1,0.36,0.36,0.0001900196075439453,
Cc1ccccc1C1=CCC=CC=C1,0,0,0.2833333333333333,0.2833333333333333,0.0002467632293701172,
CCC1=C=CC(c2ccccc2)=C1,0,0,0.37037037037037035,0.37037037037037035,0.00023031234741210938,
C=C1C=C2C=C1c1ccccc12,0,0,0.24561403508771928,0.24561403508771928,0.0002491474151611328,
C1=CC=C2C=1c1ccccc12,0,0,0.2545454545454545,0.2545454545454545,0.00022459030151367188,
C1=CC(=Cc2ccccc2)C=C1,0,0,0.3584905660377358,0.3584905660377358,0.0002300739288330078,
C1=CC2C(c3ccccc3)=CC12,11,11,0.4117647058823529,0.4117647058823529,0.00024247169494628906,
C1#CC2=C1c1cccc2c1,0,0,0.24528301886792453,0.24528301886792453,0.00021314620971679688,
C1=CC2CC(=C1)c1ccccc12,0,0,0.2631578947368421,0.2631578947368421,0.00024890899658203125,
Cc1ccc(C2=CC3(C=C3)C2)cc1,0,0,0.2413793103448276,0.2413793103448276,0.00025177001953125,
CC1(C)C=CC(c2ccccc2)=CC1,0,0,0.38181818181818183,0.38181818181818183,0.0002512931823730469,
CC1=Cc2ccccc21,0,0,0.2653061224489796,0.2653061224489796,0.00017762184143066406,
CC1=C(c2ccccc2)C2=C1CCC2,0,0,0.3050847457627119,0.3050847457627119,0.00026035308837890625,
C1=C2C=C1C(c1ccccc1)=CC2,0,0,0.39622641509433965,0.39622641509433965,0.00027298927307128906,
Cc1ccccc1C1C=CC=C1,0,0,0.2909090909090909,0.2909090909090909,0.00022459030151367188,
CC12C=CC(=C1)c1ccccc12,0,0,0.26785714285714285,0.26785714285714285,0.0002484321594238281,
CCC=C1C=Cc2ccccc21,0,0,0.24561403508771928,0.24561403508771928,0.00023484230041503906,
CC1=CCCC1c1ccccc1,0,0,0.2909090909090909,0.2909090909090909,0.0002129077911376953,
C1=CC2(C1)CCCC2c1ccccc1,0,0,0.26229508196721313,0.26229508196721313,0.00027179718017578125,
CC=C1C=CC2=C1c1cccc2c1,0,0,0.2542372881355932,0.2542372881355932,0.0002551078796386719,
C1#CC12CC=C2c1ccccc1,0,0,0.36538461538461536,0.36538461538461536,0.00022935867309570312,
C1=CCC(c2ccccc2)C=CC1,0,0,0.3157894736842105,0.3157894736842105,0.00023984909057617188,
C1=C2C1CC2c1ccccc1,0,0,0.3018867924528302,0.3018867924528302,0.0002219676971435547,
CC1C=C=C(c2ccccc2)CCC1,0,0,0.3275862068965517,0.3275862068965517,0.00025153160095214844,
C1=C2C=C1C(c1ccccc1)CC2,0,0,0.2982456140350877,0.2982456140350877,0.00029277801513671875,
Cc1ccccc1C1=CC(C)C12C=C2,0,0,0.25,0.25,0.00026488304138183594,
C1=CCC=C(c2ccccc2)C=1,24,21,0.4117647058823529,0.4117647058823529,0.00021982192993164062,
CC1=C(c2ccccc2)CC12C=C2,0,0,0.37735849056603776,0.37735849056603776,0.00024271011352539062,
C1=CC12C1=C2c2cccc1c2,0,0,0.2830188679245283,0.2830188679245283,0.00024390220642089844,
CCC1=CCC=C1c1ccccc1,0,0,0.37037037037037035,0.37037037037037035,0.0002281665802001953,
c1ccc(C2=C3CCC32)cc1,0,0,0.36,0.36,0.00020837783813476562,
CC=CC(C)c1ccccc1,0,0,0.2641509433962264,0.2641509433962264,0.00018262863159179688,
CCc1ccccc1C,0,0,0.24489795918367346,0.24489795918367346,0.00015401840209960938,
C1=C2CC(=C1)c1ccccc12,0,0,0.2545454545454545,0.2545454545454545,0.00024199485778808594,
C1=CCC2C(=C1)c1ccccc12,0,0,0.2631578947368421,0.2631578947368421,0.0002493858337402344,
C1=CC2C(=C2c2ccccc2)C1,0,0,0.38461538461538464,0.38461538461538464,0.0002429485321044922,
C1=CC12C=C(c1ccccc1)CC2,1,0,0.39622641509433965,0.39622641509433965,0.00025773048400878906,
CCC=CCc1ccccc1,0,0,0.25925925925925924,0.25925925925925924,0.00018835067749023438,
CC(=C1CC1)c1ccccc1,0,0,0.28846153846153844,0.28846153846153844,0.00020766258239746094,
Cc1c(-c2ccccc2)cc2cc1-2,0,0,0.39622641509433965,0.39622641509433965,0.0002579689025878906,
Cc1cccc(C2=C=CC=C2)c1,0,0,0.24561403508771928,0.24561403508771928,0.0002155303955078125,
C1=CCC=C2C=1c1ccccc12,0,0,0.2413793103448276,0.2413793103448276,0.00024271011352539062,
C1=CC(c2ccccc2)CCC1,0,0,0.2857142857142857,0.2857142857142857,0.00022149085998535156,
