rediscovery_C1=C2C=c3ccccc3=C2c2ccccc21_mean,rediscovery_C1=C2C=c3ccccc3=C2c2ccccc21_med,rediscovery_C1=C2C=c3ccccc3=C2c2ccccc21_min,rediscovery_C1=C2C=c3ccccc3=C2c2ccccc21_max,rediscovery_C1=C2C=c3ccccc3=C2c2ccccc21_std,total_mean,total_med,total_min,total_max,total_std,objective_calls,n_replaced,timestamps,n_failed_obj_computation,n_not_improvers_among_success_obj_computation,n_discarded_tabu,n_discarded_filters,n_discarded_rdfilters,n_discarded_sillywalks,n_discarded_sascore,n_discarded_custom_filter
0.0,0.0,0.0,0.0,0.0,0.0,0.0,0.0,0.0,0.0,0,0,0.0002548694610595703,0,0,0,0,0,0,0,0
0.0,0.0,0.0,0.0,0.0,0.0,0.0,0.0,0.0,0.0,0,0,0.0005419254302978516,0,0,0,0.0,0.0,0.0,0.0,0.0
0.0,0.0,0.0,0.0,0.0,0.0,0.0,0.0,0.0,0.0,0,0,0.002138376235961914,0,0,0,0.0,0.0,0.0,0.0,0.0
0.0,0.0,0.0,0.0,0.0,0.0,0.0,0.0,0.0,0.0,1,1,0.0038726329803466797,0,0,0,0,0,0,0,0
0.0,0.0,0.0,0.0,0.0,0.0,0.0,0.0,0.0,0.0,2,1,0.0068013668060302734,0,0,7,0,0,0,0,0
0.0,0.0,0.0,0.0,0.0,0.0,0.0,0.0,0.0,0.0,4,2,0.010309696197509766,0,0,4,0,0,0,0,0
0.0,0.0,0.0,0.0,0.0,0.0,0.0,0.0,0.0,0.0,7,3,0.01618361473083496,0,0,16,0,0,0,0,0
0.0,0.0,0.0,0.0,0.0,0.0,0.0,0.0,0.0,0.0,10,3,0.025513648986816406,0,0,31,0,0,0,0,0
0.0,0.0,0.0,0.0,0.0,0.0,0.0,0.0,0.0,0.0,13,3,0.03584718704223633,0,0,37,0,0,0,0,0
0.0,0.0,0.0,0.0,0.0,0.0,0.0,0.0,0.0,0.0,16,3,0.04416513442993164,0,0,18,0,0,0,0,0
0.0014367816091954023,0.0,0.0,0.034482758620689655,0.006890562533495286,0.0014367816091954023,0.0,0.0,0.034482758620689655,0.006890562533495286,23,7,0.05932188034057617,0,0,32,0,0,0,0,0
0.001978518937252685,0.0,0.0,0.034482758620689655,0.007916747367463882,0.001978518937252685,0.0,0.0,0.034482758620689655,0.007916747367463882,33,10,0.07816076278686523,0,0,47,0,0,0,0,0
0.0038335961361876895,0.0,0.0,0.03636363636363636,0.010718794979237525,0.0038335961361876895,0.0,0.0,0.03636363636363636,0.010718794979237525,43,10,0.09905338287353516,0,0,38,0,0,0,0,0
0.005773399342020412,0.0,0.0,0.03773584905660377,0.01294493087254092,0.005773399342020412,0.0,0.0,0.03773584905660377,0.01294493087254092,53,10,0.12077045440673828,0,0,49,0,0,0,0,0
0.008488106317074992,0.0,0.0,0.03773584905660377,0.014748909660513372,0.008488106317074992,0.0,0.0,0.03773584905660377,0.014748909660513372,63,10,0.13682174682617188,0,0,11,0,0,0,0,0
0.011772029251498286,0.0,0.0,0.1016949152542373,0.018729238084608787,0.011772029251498286,0.0,0.0,0.1016949152542373,0.018729238084608787,73,10,0.1542065143585205,0,0,19,0,0,0,0,0
0.014095837898299874,0.0,0.0,0.1016949152542373,0.020012255013832556,0.014095837898299874,0.0,0.0,0.1016949152542373,0.020012255013832556,83,10,0.1671607494354248,0,0,12,0,0,0,0,0
0.015410447838088887,0.0,0.0,0.1016949152542373,0.020314524168287516,0.015410447838088887,0.0,0.0,0.1016949152542373,0.020314524168287516,93,10,0.18584513664245605,0,0,29,0,0,0,0,0
0.017315008558691863,0.0,0.0,0.1016949152542373,0.021619675684678787,0.017315008558691863,0.0,0.0,0.1016949152542373,0.021619675684678787,103,10,0.20290374755859375,0,0,21,0,0,0,0,0
0.018367205210226285,0.0,0.0,0.1016949152542373,0.021523272098915393,0.018367205210226285,0.0,0.0,0.1016949152542373,0.021523272098915393,113,10,0.22132253646850586,0,0,22,0,0,0,0,0
0.0204888833397664,0.02919863597612958,0.0,0.1016949152542373,0.022971317363026888,0.0204888833397664,0.02919863597612958,0.0,0.1016949152542373,0.022971317363026888,123,10,0.24271082878112793,0,0,24,0,0,0,0,0
0.02209113047487553,0.030536130536130537,0.0,0.1016949152542373,0.02428699766633857,0.02209113047487553,0.030536130536130537,0.0,0.1016949152542373,0.02428699766633857,133,10,0.261232852935791,0,0,19,0,0,0,0,0
0.026510174945731515,0.03125,0.0,0.18181818181818182,0.030273706832458978,0.026510174945731515,0.03125,0.0,0.18181818181818182,0.030273706832458978,143,10,0.274200439453125,0,0,5,0,0,0,0,0
0.02850414189856073,0.031746031746031744,0.0,0.18181818181818182,0.031587912538084406,0.02850414189856073,0.031746031746031744,0.0,0.18181818181818182,0.031587912538084406,153,10,0.2876749038696289,0,0,5,0,0,0,0,0
0.030261810960061208,0.031746031746031744,0.0,0.18181818181818182,0.03235583390715326,0.030261810960061208,0.031746031746031744,0.0,0.18181818181818182,0.03235583390715326,163,10,0.30441904067993164,0,0,9,0,0,0,0,0
0.03281067879846962,0.03200204813108039,0.0,0.18181818181818182,0.03452042264625583,0.03281067879846962,0.03200204813108039,0.0,0.18181818181818182,0.03452042264625583,173,10,0.31772613525390625,0,0,5,0,0,0,0,0
0.03397690958055063,0.03225806451612903,0.0,0.18181818181818182,0.035036610431463305,0.03397690958055063,0.03225806451612903,0.0,0.18181818181818182,0.035036610431463305,183,10,0.33164429664611816,0,0,4,0,0,0,0,0
0.03572090779835905,0.03252247488101534,0.0,0.18181818181818182,0.03537727971468356,0.03572090779835905,0.03252247488101534,0.0,0.18181818181818182,0.03537727971468356,193,10,0.352463960647583,0,0,12,0,0,0,0,0
0.03719782169382051,0.03278688524590164,0.0,0.18181818181818182,0.03545854957197228,0.03719782169382051,0.03278688524590164,0.0,0.18181818181818182,0.03545854957197228,203,10,0.3674736022949219,0,0,8,0,0,0,0,0
0.0391677343967656,0.03278688524590164,0.0,0.18181818181818182,0.03737573159740695,0.0391677343967656,0.03278688524590164,0.0,0.18181818181818182,0.03737573159740695,213,10,0.3865935802459717,0,0,10,0,0,0,0,0
0.040351928244750736,0.03278688524590164,0.0,0.18181818181818182,0.03779763244614853,0.040351928244750736,0.03278688524590164,0.0,0.18181818181818182,0.03779763244614853,223,10,0.40239405632019043,0,0,1,0,0,0,0,0
0.041683671438211646,0.03306010928961749,0.0,0.18181818181818182,0.0383873527459695,0.041683671438211646,0.03306010928961749,0.0,0.18181818181818182,0.0383873527459695,233,10,0.4210498332977295,0,0,9,0,0,0,0,0
0.0429719014767709,0.03333333333333333,0.0,0.18181818181818182,0.03876551417074998,0.0429719014767709,0.03333333333333333,0.0,0.18181818181818182,0.03876551417074998,243,10,0.4383726119995117,0,0,6,0,0,0,0,0
0.04481838889711683,0.03389830508474576,0.0,0.18181818181818182,0.03999523133122505,0.04481838889711683,0.03389830508474576,0.0,0.18181818181818182,0.03999523133122505,253,10,0.4566521644592285,0,0,8,0,0,0,0,0
0.04675960012158231,0.034482758620689655,0.0,0.18181818181818182,0.04100040587348463,0.04675960012158231,0.034482758620689655,0.0,0.18181818181818182,0.04100040587348463,263,10,0.4786043167114258,0,0,10,0,0,0,0,0
0.04790848017172092,0.034482758620689655,0.0,0.18181818181818182,0.041926756444252374,0.04790848017172092,0.034482758620689655,0.0,0.18181818181818182,0.041926756444252374,273,10,0.49538254737854004,0,0,8,0,0,0,0,0
0.049264555288761704,0.03508771929824561,0.0,0.18181818181818182,0.041954398841061544,0.049264555288761704,0.03508771929824561,0.0,0.18181818181818182,0.041954398841061544,283,10,0.5146028995513916,0,0,8,0,0,0,0,0
0.051202556083160836,0.03572567783094099,0.0,0.18181818181818182,0.043246206658617774,0.051202556083160836,0.03572567783094099,0.0,0.18181818181818182,0.043246206658617774,293,10,0.5330343246459961,0,0,6,0,0,0,0,0
0.051786737898493564,0.03636363636363636,0.0,0.19298245614035087,0.044263379076589164,0.051786737898493564,0.03636363636363636,0.0,0.19298245614035087,0.044263379076589164,303,10,0.5511319637298584,0,0,8,0,0,0,0,0
0.05363070721997658,0.03636363636363636,0.0,0.19298245614035087,0.045042817808635394,0.05363070721997658,0.03636363636363636,0.0,0.19298245614035087,0.045042817808635394,313,10,0.5723903179168701,0,0,13,0,0,0,0,0
0.05509452924497079,0.04412719013627514,0.0,0.19298245614035087,0.045597279013688014,0.05509452924497079,0.04412719013627514,0.0,0.19298245614035087,0.045597279013688014,323,10,0.5970714092254639,0,0,15,0,0,0,0,0
0.056379152699202364,0.049193548387096775,0.0,0.19298245614035087,0.046447522371424146,0.056379152699202364,0.049193548387096775,0.0,0.19298245614035087,0.046447522371424146,333,10,0.6169290542602539,0,0,9,0,0,0,0,0
0.057844078609823935,0.05555555555555555,0.0,0.19298245614035087,0.04680647971454809,0.057844078609823935,0.05555555555555555,0.0,0.19298245614035087,0.04680647971454809,343,10,0.6383275985717773,0,0,8,0,0,0,0,0
0.059236231514410265,0.059262510974539065,0.0,0.19298245614035087,0.047280637878762806,0.059236231514410265,0.059262510974539065,0.0,0.19298245614035087,0.047280637878762806,353,10,0.6628143787384033,0,0,14,0,0,0,0,0
0.06052702033802999,0.06060606060606061,0.0,0.19298245614035087,0.04754516351651608,0.06052702033802999,0.06060606060606061,0.0,0.19298245614035087,0.04754516351651608,363,10,0.6794295310974121,0,0,3,0,0,0,0,0
0.06198362468353759,0.06153846153846154,0.0,0.19298245614035087,0.048043643553076436,0.06198362468353759,0.06153846153846154,0.0,0.19298245614035087,0.048043643553076436,373,10,0.7029273509979248,0,0,5,0,0,0,0,0
0.06276757921325614,0.0625,0.0,0.19298245614035087,0.0480464458651639,0.06276757921325614,0.0625,0.0,0.19298245614035087,0.0480464458651639,383,10,0.7255840301513672,0,0,8,0,0,0,0,0
0.063924662193314,0.0625,0.0,0.19298245614035087,0.04863875053704905,0.063924662193314,0.0625,0.0,0.19298245614035087,0.04863875053704905,393,10,0.7423439025878906,0,0,3,0,0,0,0,0
0.06488217717888026,0.06349206349206349,0.0,0.19298245614035087,0.04893465186110755,0.06488217717888026,0.06349206349206349,0.0,0.19298245614035087,0.04893465186110755,403,10,0.764808177947998,0,0,3,0,0,0,0,0
0.06577941677184218,0.06349206349206349,0.0,0.19298245614035087,0.049243794842393655,0.06577941677184218,0.06349206349206349,0.0,0.19298245614035087,0.049243794842393655,413,10,0.7889711856842041,0,0,8,0,0,0,0,0
0.06681985100395699,0.06451612903225806,0.0,0.208955223880597,0.04983114921199032,0.06681985100395699,0.06451612903225806,0.0,0.208955223880597,0.04983114921199032,423,10,0.8136751651763916,0,0,16,0,0,0,0,0
0.06796700714422761,0.06504494976203068,0.0,0.208955223880597,0.05019097155667633,0.06796700714422761,0.06504494976203068,0.0,0.208955223880597,0.05019097155667633,433,10,0.8340613842010498,0,0,2,0,0,0,0,0
0.06910122776448249,0.06557377049180328,0.0,0.208955223880597,0.05048248418357687,0.06910122776448249,0.06557377049180328,0.0,0.208955223880597,0.05048248418357687,443,10,0.8612411022186279,0,0,9,0,0,0,0,0
0.07042167708767778,0.06666666666666667,0.0,0.208955223880597,0.050941790955846375,0.07042167708767778,0.06666666666666667,0.0,0.208955223880597,0.050941790955846375,453,10,0.8820071220397949,0,0,3,0,0,0,0,0
0.07140277976451717,0.06779661016949153,0.0,0.208955223880597,0.05112231556597351,0.07140277976451717,0.06779661016949153,0.0,0.208955223880597,0.05112231556597351,463,10,0.9148106575012207,0,0,24,0,0,0,0,0
0.07260424659509826,0.07043650793650794,0.0,0.208955223880597,0.05135192684541548,0.07260424659509826,0.07043650793650794,0.0,0.208955223880597,0.05135192684541548,473,10,0.9416646957397461,0,0,9,0,0,0,0,0
0.07396072560079253,0.07352941176470588,0.0,0.2711864406779661,0.05234282244802129,0.07396072560079253,0.07352941176470588,0.0,0.2711864406779661,0.05234282244802129,483,10,0.9689600467681885,0,0,9,0,0,0,0,0
0.07492050300414599,0.07407813871817384,0.0,0.2711864406779661,0.05271456164467996,0.07492050300414599,0.07407813871817384,0.0,0.2711864406779661,0.05271456164467996,493,10,0.9968292713165283,0,0,10,0,0,0,0,0
0.07610829218720755,0.07575757575757576,0.0,0.2711864406779661,0.05337787174403057,0.07610829218720755,0.07575757575757576,0.0,0.2711864406779661,0.05337787174403057,503,10,1.0190634727478027,0,0,6,0,0,0,0,0
0.07744474895738149,0.07692307692307693,0.0,0.2711864406779661,0.05428982169457857,0.07744474895738149,0.07692307692307693,0.0,0.2711864406779661,0.05428982169457857,513,10,1.042363166809082,0,0,7,0,0,0,0,0
0.0790124656727974,0.078125,0.0,0.2711864406779661,0.05615172422048847,0.0790124656727974,0.078125,0.0,0.2711864406779661,0.05615172422048847,523,10,1.0611789226531982,0,0,0,0,0,0,0,0
0.07994646179777617,0.078125,0.0,0.2711864406779661,0.056346942690310854,0.07994646179777617,0.078125,0.0,0.2711864406779661,0.056346942690310854,533,10,1.0786495208740234,0,0,0,0,0,0,0,0
0.08124080428226349,0.08152414709791758,0.0,0.2711864406779661,0.056860579249388636,0.08124080428226349,0.08152414709791758,0.0,0.2711864406779661,0.056860579249388636,543,10,1.1038429737091064,0,0,6,0,0,0,0,0
0.08254332188516382,0.08196721311475409,0.0,0.2711864406779661,0.057439456471191835,0.08254332188516382,0.08196721311475409,0.0,0.2711864406779661,0.057439456471191835,553,10,1.1237318515777588,0,0,1,0,0,0,0,0
0.08372605444012257,0.08276255707762556,0.0,0.2833333333333333,0.0584202076284395,0.08372605444012257,0.08276255707762556,0.0,0.2833333333333333,0.0584202076284395,563,10,1.143688440322876,0,0,1,0,0,0,0,0
0.08498720348039207,0.08571428571428572,0.0,0.2903225806451613,0.05931122754166607,0.08498720348039207,0.08571428571428572,0.0,0.2903225806451613,0.05931122754166607,573,10,1.1677491664886475,0,0,3,0,0,0,0,0
0.08552044808890573,0.08620689655172414,0.0,0.2903225806451613,0.0591846748689251,0.08552044808890573,0.08620689655172414,0.0,0.2903225806451613,0.0591846748689251,583,10,1.1879246234893799,0,0,3,0,0,0,0,0
0.08650559149414726,0.08797729618163055,0.0,0.2903225806451613,0.05956188812483963,0.08650559149414726,0.08797729618163055,0.0,0.2903225806451613,0.05956188812483963,593,10,1.2105777263641357,0,0,3,0,0,0,0,0
0.08727655634053368,0.08823529411764706,0.0,0.2903225806451613,0.059825053002510155,0.08727655634053368,0.08823529411764706,0.0,0.2903225806451613,0.059825053002510155,603,10,1.2331337928771973,0,0,2,0,0,0,0,0
0.08793955512437225,0.08823529411764706,0.0,0.2903225806451613,0.059785244472015914,0.08793955512437225,0.08823529411764706,0.0,0.2903225806451613,0.059785244472015914,613,10,1.2553925514221191,0,0,5,0,0,0,0,0
0.0886261734542757,0.08823529411764706,0.0,0.2903225806451613,0.06011852317035853,0.0886261734542757,0.08823529411764706,0.0,0.2903225806451613,0.06011852317035853,623,10,1.2781317234039307,0,0,2,0,0,0,0,0
0.08978601062719865,0.08907991687133951,0.0,0.2903225806451613,0.06099673279788874,0.08978601062719865,0.08907991687133951,0.0,0.2903225806451613,0.06099673279788874,633,10,1.2979493141174316,0,0,2,0,0,0,0,0
0.09124312830943758,0.09032634032634032,0.0,0.2903225806451613,0.06221911439223057,0.09124312830943758,0.09032634032634032,0.0,0.2903225806451613,0.06221911439223057,643,10,1.3179831504821777,0,0,0,0,0,0,0,0
0.09152140221818844,0.09090909090909091,0.0,0.2903225806451613,0.06210351956331357,0.09152140221818844,0.09090909090909091,0.0,0.2903225806451613,0.06210351956331357,653,10,1.3410556316375732,0,0,0,0,0,0,0,0
0.09221093593166894,0.09090909090909091,0.0,0.2903225806451613,0.06213295945513179,0.09221093593166894,0.09090909090909091,0.0,0.2903225806451613,0.06213295945513179,663,10,1.363246202468872,0,0,3,0,0,0,0,0
0.09332525424313129,0.09230769230769231,0.0,0.2903225806451613,0.062746472409386,0.09332525424313129,0.09230769230769231,0.0,0.2903225806451613,0.062746472409386,673,10,1.3831188678741455,0,0,1,0,0,0,0,0
0.09372519817000262,0.09230769230769231,0.0,0.2903225806451613,0.06257944524794955,0.09372519817000262,0.09230769230769231,0.0,0.2903225806451613,0.06257944524794955,683,10,1.4053514003753662,0,0,2,0,0,0,0,0
0.09466374712850362,0.09333333333333334,0.0,0.2903225806451613,0.06290312879109063,0.09466374712850362,0.09333333333333334,0.0,0.2903225806451613,0.06290312879109063,693,10,1.428577184677124,0,0,5,0,0,0,0,0
0.09496523774062507,0.09375,0.0,0.2903225806451613,0.06299533663276329,0.09496523774062507,0.09375,0.0,0.2903225806451613,0.06299533663276329,703,10,1.4547312259674072,0,0,3,0,0,0,0,0
0.09605298112198363,0.09523809523809523,0.0,0.2903225806451613,0.06363848225965239,0.09605298112198363,0.09523809523809523,0.0,0.2903225806451613,0.06363848225965239,713,10,1.4723446369171143,0,0,2,0,0,0,0,0
0.09653716464798451,0.09556425309849967,0.0,0.2903225806451613,0.06374936838423119,0.09653716464798451,0.09556425309849967,0.0,0.2903225806451613,0.06374936838423119,723,10,1.4959042072296143,0,0,3,0,0,0,0,0
0.09725772666298019,0.0967741935483871,0.0,0.2903225806451613,0.06390486885062172,0.09725772666298019,0.0967741935483871,0.0,0.2903225806451613,0.06390486885062172,733,10,1.5198750495910645,0,0,3,0,0,0,0,0
0.09801037027125815,0.0967741935483871,0.0,0.2903225806451613,0.06403668986334494,0.09801037027125815,0.0967741935483871,0.0,0.2903225806451613,0.06403668986334494,743,10,1.543788194656372,0,0,0,0,0,0,0,0
0.0982173151997883,0.09722222222222222,0.0,0.2903225806451613,0.06372882560488198,0.0982173151997883,0.09722222222222222,0.0,0.2903225806451613,0.06372882560488198,753,10,1.567847728729248,0,0,7,0,0,0,0,0
0.09898927259277461,0.09859154929577464,0.0,0.2903225806451613,0.06402810978430006,0.09898927259277461,0.09859154929577464,0.0,0.2903225806451613,0.06402810978430006,763,10,1.5874812602996826,0,0,0,0,0,0,0,0
0.0998624811519656,0.09929577464788733,0.0,0.2903225806451613,0.06455233315769629,0.0998624811519656,0.09929577464788733,0.0,0.2903225806451613,0.06455233315769629,773,10,1.6162035465240479,0,0,10,0,0,0,0,0
0.10051143319280584,0.1,0.0,0.2903225806451613,0.06454307203426428,0.10051143319280584,0.1,0.0,0.2903225806451613,0.06454307203426428,783,10,1.6406810283660889,0,0,7,0,0,0,0,0
0.10074005275865316,0.1,0.0,0.2903225806451613,0.06449570537371872,0.10074005275865316,0.1,0.0,0.2903225806451613,0.06449570537371872,793,10,1.672044038772583,0,0,8,0,0,0,0,0
0.10159656655162697,0.1,0.0,0.2903225806451613,0.06490401829358086,0.10159656655162697,0.1,0.0,0.2903225806451613,0.06490401829358086,803,10,1.6942789554595947,0,0,4,0,0,0,0,0
0.1023016947273145,0.10144927536231885,0.0,0.2903225806451613,0.06533344120647215,0.1023016947273145,0.10144927536231885,0.0,0.2903225806451613,0.06533344120647215,813,10,1.719775915145874,0,0,3,0,0,0,0,0
0.10274094293478896,0.10144927536231885,0.0,0.2903225806451613,0.06523679134367896,0.10274094293478896,0.10144927536231885,0.0,0.2903225806451613,0.06523679134367896,823,10,1.7409305572509766,0,0,1,0,0,0,0,0
0.1034474182962561,0.1016949152542373,0.0,0.2903225806451613,0.06539363571070446,0.1034474182962561,0.1016949152542373,0.0,0.2903225806451613,0.06539363571070446,833,10,1.7653858661651611,0,0,3,0,0,0,0,0
0.10350509113696026,0.1016949152542373,0.0,0.2903225806451613,0.06517181922650574,0.10350509113696026,0.1016949152542373,0.0,0.2903225806451613,0.06517181922650574,843,10,1.7937042713165283,0,0,13,0,0,0,0,0
0.10438686220771799,0.10294117647058823,0.0,0.2903225806451613,0.06547734084512853,0.10438686220771799,0.10294117647058823,0.0,0.2903225806451613,0.06547734084512853,853,10,1.8180649280548096,0,0,3,0,0,0,0,0
0.10495839721357605,0.10294117647058823,0.0,0.37037037037037035,0.0660764454866526,0.10495839721357605,0.10294117647058823,0.0,0.37037037037037035,0.0660764454866526,863,10,1.8397235870361328,0,0,1,0,0,0,0,0
0.1053058361548799,0.1044776119402985,0.0,0.37037037037037035,0.0658752913236029,0.1053058361548799,0.1044776119402985,0.0,0.37037037037037035,0.0658752913236029,873,10,1.8663716316223145,0,0,3,0,0,0,0,0
0.1060250197851817,0.10487038491751767,0.0,0.37037037037037035,0.06659312882660025,0.1060250197851817,0.10487038491751767,0.0,0.37037037037037035,0.06659312882660025,883,10,1.8962719440460205,0,0,8,0,0,0,0,0
0.10608421414565951,0.10487038491751767,0.0,0.37037037037037035,0.06644335703834314,0.10608421414565951,0.10487038491751767,0.0,0.37037037037037035,0.06644335703834314,893,10,1.9225497245788574,0,0,6,0,0,0,0,0
0.10678949447990731,0.10526315789473684,0.0,0.37037037037037035,0.06670231562534816,0.10678949447990731,0.10526315789473684,0.0,0.37037037037037035,0.06670231562534816,903,10,1.9496045112609863,0,0,3,0,0,0,0,0
0.10717973617571781,0.10566188197767146,0.0,0.37037037037037035,0.06672559135470345,0.10717973617571781,0.10566188197767146,0.0,0.37037037037037035,0.06672559135470345,913,10,1.9734463691711426,0,0,7,0,0,0,0,0
0.10782243861946351,0.10606060606060606,0.0,0.37037037037037035,0.0671355183030806,0.10782243861946351,0.10606060606060606,0.0,0.37037037037037035,0.0671355183030806,923,10,1.9957616329193115,0,0,3,0,0,0,0,0
0.10865559364361897,0.10636363636363637,0.0,0.37037037037037035,0.06769303941606335,0.10865559364361897,0.10636363636363637,0.0,0.37037037037037035,0.06769303941606335,933,10,2.024122953414917,0,0,7,0,0,0,0,0
0.10933849187743963,0.10741758241758242,0.0,0.37037037037037035,0.06823087979757379,0.10933849187743963,0.10741758241758242,0.0,0.37037037037037035,0.06823087979757379,943,10,2.0457048416137695,0,0,3,0,0,0,0,0
0.10950470723782978,0.1076923076923077,0.0,0.37037037037037035,0.06819058947637266,0.10950470723782978,0.1076923076923077,0.0,0.37037037037037035,0.06819058947637266,953,10,2.0715651512145996,0,0,7,0,0,0,0,0
0.11014283682752468,0.109375,0.0,0.37037037037037035,0.06837719546179805,0.11014283682752468,0.109375,0.0,0.37037037037037035,0.06837719546179805,963,10,2.094419002532959,0,0,5,0,0,0,0,0
0.11073356575825306,0.109375,0.0,0.37037037037037035,0.06857453592330207,0.11073356575825306,0.109375,0.0,0.37037037037037035,0.06857453592330207,973,10,2.1242763996124268,0,0,6,0,0,0,0,0
0.11127327974965147,0.109375,0.0,0.37037037037037035,0.06884513351517606,0.11127327974965147,0.109375,0.0,0.37037037037037035,0.06884513351517606,983,10,2.150569200515747,0,0,4,0,0,0,0,0
0.11122634753757846,0.109375,0.0,0.37037037037037035,0.06863735580231818,0.11122634753757846,0.109375,0.0,0.37037037037037035,0.06863735580231818,993,10,2.17610239982605,0,0,5,0,0,0,0,0
0.11206600975536378,0.1094820205479452,0.0,0.37037037037037035,0.06851525420898777,0.11206600975536378,0.1094820205479452,0.0,0.37037037037037035,0.06851525420898777,1003,10,2.2035109996795654,0,0,6,0,0,0,0,0
0.11403735705239879,0.1111111111111111,0.0,0.37037037037037035,0.06859476707308029,0.11403735705239879,0.1111111111111111,0.0,0.37037037037037035,0.06859476707308029,1013,10,2.2324235439300537,0,0,6,0,0,0,0,0
0.11562402912617445,0.11267605633802817,0.0,0.37037037037037035,0.06807915609707206,0.11562402912617445,0.11267605633802817,0.0,0.37037037037037035,0.06807915609707206,1023,10,2.26224946975708,0,0,7,0,0,0,0,0
0.11702870546212918,0.11267605633802817,0.0,0.37037037037037035,0.06735555736117228,0.11702870546212918,0.11267605633802817,0.0,0.37037037037037035,0.06735555736117228,1033,10,2.288548231124878,0,0,2,0,0,0,0,0
0.11831835796469277,0.11305538648813146,0.0,0.37037037037037035,0.06653926891914079,0.11831835796469277,0.11305538648813146,0.0,0.37037037037037035,0.06653926891914079,1043,10,2.317713499069214,0,0,10,0,0,0,0,0
0.11989078281364213,0.11428571428571428,0.0,0.37037037037037035,0.06585802731251832,0.11989078281364213,0.11428571428571428,0.0,0.37037037037037035,0.06585802731251832,1053,10,2.344590902328491,0,0,3,0,0,0,0,0
0.12144546980381786,0.11594202898550725,0.0,0.37037037037037035,0.06532392296719523,0.12144546980381786,0.11594202898550725,0.0,0.37037037037037035,0.06532392296719523,1063,10,2.3699891567230225,0,0,8,0,0,0,0,0
0.12289700837427767,0.11641257293431206,0.0,0.37037037037037035,0.06451228792323195,0.12289700837427767,0.11641257293431206,0.0,0.37037037037037035,0.06451228792323195,1073,10,2.4007678031921387,0,0,7,0,0,0,0,0
0.12463381467187708,0.11764705882352941,0.0,0.37037037037037035,0.06432275088999358,0.12463381467187708,0.11764705882352941,0.0,0.37037037037037035,0.06432275088999358,1083,10,2.4198837280273438,0,0,1,0,0,0,0,0
0.12609930234561548,0.11764705882352941,0.014084507042253521,0.37037037037037035,0.06360711873646417,0.12609930234561548,0.11764705882352941,0.014084507042253521,0.37037037037037035,0.06360711873646417,1093,10,2.446068048477173,0,0,6,0,0,0,0,0
0.12684300607600438,0.11853256021409456,0.029411764705882353,0.37037037037037035,0.06295353787520747,0.12684300607600438,0.11853256021409456,0.029411764705882353,0.37037037037037035,0.06295353787520747,1103,10,2.4690651893615723,0,0,3,0,0,0,0,0
0.12825102005247868,0.11940298507462686,0.030303030303030304,0.37037037037037035,0.06283985997539833,0.12825102005247868,0.11940298507462686,0.030303030303030304,0.37037037037037035,0.06283985997539833,1115,10,2.4989962577819824,0,2,3,0,0,0,0,0
0.12910286093866852,0.11940298507462686,0.03125,0.37037037037037035,0.06219240419224345,0.12910286093866852,0.11940298507462686,0.03125,0.37037037037037035,0.06219240419224345,1125,10,2.5332276821136475,0,0,13,0,0,0,0,0
0.13082993094606715,0.12141687141687142,0.031746031746031744,0.37037037037037035,0.06232951452444059,0.13082993094606715,0.12141687141687142,0.031746031746031744,0.37037037037037035,0.06232951452444059,1136,10,2.561081886291504,0,1,7,0,0,0,0,0
0.1319145789577386,0.12162162162162163,0.03278688524590164,0.37037037037037035,0.06200762134943531,0.1319145789577386,0.12162162162162163,0.03278688524590164,0.37037037037037035,0.06200762134943531,1146,10,2.5827581882476807,0,0,0,0,0,0,0,0
0.13319328182233137,0.12307692307692308,0.03278688524590164,0.37037037037037035,0.061778453333480025,0.13319328182233137,0.12307692307692308,0.03278688524590164,0.37037037037037035,0.061778453333480025,1156,10,2.60878849029541,0,0,3,0,0,0,0,0
0.13456743154982387,0.125,0.03389830508474576,0.37037037037037035,0.06145492597491986,0.13456743154982387,0.125,0.03389830508474576,0.37037037037037035,0.06145492597491986,1166,10,2.6310229301452637,0,0,4,0,0,0,0,0
0.13627847709970362,0.12588028169014084,0.03508771929824561,0.37037037037037035,0.06141088181862157,0.13627847709970362,0.12588028169014084,0.03508771929824561,0.37037037037037035,0.06141088181862157,1177,10,2.6552064418792725,0,1,3,0,0,0,0,0
0.13764343982741434,0.1267605633802817,0.03636363636363636,0.37037037037037035,0.06113621263876044,0.13764343982741434,0.1267605633802817,0.03636363636363636,0.37037037037037035,0.06113621263876044,1188,10,2.683943033218384,0,1,7,0,0,0,0,0
0.13860226312471127,0.1267605633802817,0.04477611940298507,0.37037037037037035,0.060702527349715006,0.13860226312471127,0.1267605633802817,0.04477611940298507,0.37037037037037035,0.060702527349715006,1200,10,2.70776629447937,0,2,2,0,0,0,0,0
0.1397872194134131,0.12759462759462759,0.05333333333333334,0.37037037037037035,0.060315838181527984,0.1397872194134131,0.12759462759462759,0.05333333333333334,0.37037037037037035,0.060315838181527984,1212,10,2.73944354057312,0,2,7,0,0,0,0,0
0.14063549337140044,0.12857142857142856,0.05555555555555555,0.37037037037037035,0.06001008266318528,0.14063549337140044,0.12857142857142856,0.05555555555555555,0.37037037037037035,0.06001008266318528,1225,10,2.7726266384124756,0,3,6,0,0,0,0,0
0.14160552244908098,0.12857142857142856,0.05714285714285714,0.37037037037037035,0.059659549291777796,0.14160552244908098,0.12857142857142856,0.05714285714285714,0.37037037037037035,0.059659549291777796,1237,10,2.802100419998169,0,2,5,0,0,0,0,0
0.1428315557610579,0.13043478260869565,0.057971014492753624,0.37037037037037035,0.05957374223540012,0.1428315557610579,0.13043478260869565,0.057971014492753624,0.37037037037037035,0.05957374223540012,1248,10,2.8286736011505127,0,1,1,0,0,0,0,0
0.14386960813441083,0.13043478260869565,0.05970149253731343,0.37037037037037035,0.059595382742951064,0.14386960813441083,0.13043478260869565,0.05970149253731343,0.37037037037037035,0.059595382742951064,1259,10,2.8604490756988525,0,1,10,0,0,0,0,0
0.1447601195959082,0.13114754098360656,0.06060606060606061,0.37037037037037035,0.0596110322021359,0.1447601195959082,0.13114754098360656,0.06060606060606061,0.37037037037037035,0.0596110322021359,1270,10,2.8950397968292236,0,1,14,0,0,0,0,0
0.14601013486940465,0.1323529411764706,0.0625,0.37037037037037035,0.05964127627806307,0.14601013486940465,0.1323529411764706,0.0625,0.37037037037037035,0.05964127627806307,1282,10,2.9264426231384277,0,2,7,0,0,0,0,0
0.14693254741074033,0.13284313725490196,0.06349206349206349,0.37037037037037035,0.05945481455777828,0.14693254741074033,0.13284313725490196,0.06349206349206349,0.37037037037037035,0.05945481455777828,1295,10,2.9533355236053467,0,3,2,0,0,0,0,0
0.1482132485582049,0.13432835820895522,0.06451612903225806,0.37037037037037035,0.05986763202466553,0.1482132485582049,0.13432835820895522,0.06451612903225806,0.37037037037037035,0.05986763202466553,1307,10,2.981231689453125,0,2,3,0,0,0,0,0
0.14919568969883845,0.13432835820895522,0.06666666666666667,0.37037037037037035,0.0595455164794453,0.14919568969883845,0.13432835820895522,0.06666666666666667,0.37037037037037035,0.0595455164794453,1320,10,3.014425277709961,0,3,6,0,0,0,0,0
0.15048207767365118,0.13636363636363635,0.0684931506849315,0.37037037037037035,0.0595726431731909,0.15048207767365118,0.13636363636363635,0.0684931506849315,0.37037037037037035,0.0595726431731909,1331,10,3.045830011367798,0,1,5,0,0,0,0,0
0.15130508693393618,0.136986301369863,0.07142857142857142,0.37037037037037035,0.05931922207934875,0.15130508693393618,0.136986301369863,0.07142857142857142,0.37037037037037035,0.05931922207934875,1341,10,3.072232723236084,0,0,2,0,0,0,0,0
0.1523977970917806,0.1388888888888889,0.07352941176470588,0.37037037037037035,0.05914399409274243,0.1523977970917806,0.1388888888888889,0.07352941176470588,0.37037037037037035,0.05914399409274243,1355,10,3.115630626678467,0,4,17,0,0,0,0,0
0.15311608646833763,0.1388888888888889,0.07462686567164178,0.37037037037037035,0.05885135208537956,0.15311608646833763,0.1388888888888889,0.07462686567164178,0.37037037037037035,0.05885135208537956,1369,10,3.1541178226470947,0,4,15,0,0,0,0,0
0.15431336559667405,0.1388888888888889,0.07692307692307693,0.37037037037037035,0.05921197543081887,0.15431336559667405,0.1388888888888889,0.07692307692307693,0.37037037037037035,0.05921197543081887,1383,10,3.188295364379883,0,4,8,0,0,0,0,0
0.15500099094026495,0.14048793859649122,0.07894736842105263,0.37037037037037035,0.05910006229796552,0.15500099094026495,0.14048793859649122,0.07894736842105263,0.37037037037037035,0.05910006229796552,1402,10,3.2374017238616943,0,9,23,0,0,0,0,0
0.1562000809321039,0.14185110663983902,0.08108108108108109,0.37037037037037035,0.059106171648792144,0.1562000809321039,0.14185110663983902,0.08108108108108109,0.37037037037037035,0.059106171648792144,1413,10,3.264214038848877,0,1,1,0,0,0,0,0
0.15729872882592996,0.14285714285714285,0.08196721311475409,0.37037037037037035,0.05923304240829816,0.15729872882592996,0.14285714285714285,0.08196721311475409,0.37037037037037035,0.05923304240829816,1432,10,3.310289144515991,0,9,12,0,0,0,0,0
0.15875211279209225,0.14504441327723236,0.0821917808219178,0.37037037037037035,0.05974630564977676,0.15875211279209225,0.14504441327723236,0.0821917808219178,0.37037037037037035,0.05974630564977676,1446,10,3.346710205078125,0,4,3,0,0,0,0,0
0.15956574309548802,0.14666666666666667,0.08450704225352113,0.37037037037037035,0.059498276763667486,0.15956574309548802,0.14666666666666667,0.08450704225352113,0.37037037037037035,0.059498276763667486,1461,10,3.388965129852295,0,5,9,0,0,0,0,0
0.16052482034357654,0.14705882352941177,0.08571428571428572,0.37037037037037035,0.059496828494932485,0.16052482034357654,0.14705882352941177,0.08571428571428572,0.37037037037037035,0.059496828494932485,1480,10,3.4301388263702393,0,9,7,0,0,0,0,0
0.16134153114928892,0.14864864864864866,0.08695652173913043,0.37037037037037035,0.059222273231419265,0.16134153114928892,0.14864864864864866,0.08695652173913043,0.37037037037037035,0.059222273231419265,1491,10,3.464845657348633,0,1,9,0,0,0,0,0
0.16290132795407095,0.14925373134328357,0.08823529411764706,0.37037037037037035,0.059994002712276194,0.16290132795407095,0.14925373134328357,0.08823529411764706,0.37037037037037035,0.059994002712276194,1508,10,3.508793354034424,0,7,16,0,0,0,0,0
0.16382644193229667,0.1496268656716418,0.08823529411764706,0.37037037037037035,0.05994258067029715,0.16382644193229667,0.1496268656716418,0.08823529411764706,0.37037037037037035,0.05994258067029715,1522,10,3.5493273735046387,0,4,10,0,0,0,0,0
0.16481280394148598,0.15151515151515152,0.08955223880597014,0.37037037037037035,0.060147756019612156,0.16481280394148598,0.15151515151515152,0.08955223880597014,0.37037037037037035,0.060147756019612156,1532,10,3.5804927349090576,0,0,4,0,0,0,0,0
0.1656546345825106,0.1527777777777778,0.09090909090909091,0.37037037037037035,0.06013238914407869,0.1656546345825106,0.1527777777777778,0.09090909090909091,0.37037037037037035,0.06013238914407869,1547,10,3.6160247325897217,0,5,2,0,0,0,0,0
0.16638742620354396,0.1527777777777778,0.09090909090909091,0.37037037037037035,0.059942221251601216,0.16638742620354396,0.1527777777777778,0.09090909090909091,0.37037037037037035,0.059942221251601216,1564,10,3.6508712768554688,0,7,3,0,0,0,0,0
0.16757382923488875,0.15492957746478872,0.09230769230769231,0.37037037037037035,0.060039668151657864,0.16757382923488875,0.15492957746478872,0.09230769230769231,0.37037037037037035,0.060039668151657864,1578,10,3.684267520904541,0,4,4,0,0,0,0,0
0.16811474821986877,0.1557112068965517,0.09333333333333334,0.37037037037037035,0.05987657302220791,0.16811474821986877,0.1557112068965517,0.09333333333333334,0.37037037037037035,0.05987657302220791,1595,10,3.731621503829956,0,7,14,0,0,0,0,0
0.16888399560619474,0.15625,0.0945945945945946,0.37037037037037035,0.05986593924105604,0.16888399560619474,0.15625,0.0945945945945946,0.37037037037037035,0.05986593924105604,1608,10,3.7682101726531982,0,3,17,0,0,0,0,0
0.17021915367547413,0.15714285714285714,0.0958904109589041,0.375,0.060162602131108765,0.17021915367547413,0.15714285714285714,0.0958904109589041,0.375,0.060162602131108765,1627,10,3.812894582748413,0,9,10,0,0,0,0,0
0.17127187788064838,0.15907522429261559,0.0958904109589041,0.375,0.060311122623692426,0.17127187788064838,0.15907522429261559,0.0958904109589041,0.375,0.060311122623692426,1639,10,3.840421438217163,0,2,4,0,0,0,0,0
0.17248379692440965,0.15942028985507245,0.0967741935483871,0.375,0.060387703755150596,0.17248379692440965,0.15942028985507245,0.0967741935483871,0.375,0.060387703755150596,1652,10,3.8760135173797607,0,3,4,0,0,0,0,0
0.17317811600791755,0.15942028985507245,0.09722222222222222,0.375,0.060148193191738,0.17317811600791755,0.15942028985507245,0.09722222222222222,0.375,0.060148193191738,1666,10,3.9166064262390137,0,4,7,0,0,0,0,0
0.17445315898096453,0.16176470588235295,0.09859154929577464,0.375,0.06010950726093154,0.17445315898096453,0.16176470588235295,0.09859154929577464,0.375,0.06010950726093154,1679,10,3.94960618019104,0,3,7,0,0,0,0,0
0.17518908116847529,0.16176470588235295,0.1,0.375,0.05980934026621696,0.17518908116847529,0.16176470588235295,0.1,0.375,0.05980934026621696,1699,10,3.997002363204956,0,10,10,0,0,0,0,0
0.17591292009522436,0.16176470588235295,0.1,0.375,0.059636740103197645,0.17591292009522436,0.16176470588235295,0.1,0.375,0.059636740103197645,1714,10,4.038282871246338,0,5,9,0,0,0,0,0
0.17677247234970542,0.16196343402225755,0.1,0.375,0.059847651750841516,0.17677247234970542,0.16196343402225755,0.1,0.375,0.059847651750841516,1731,10,4.075623512268066,0,7,3,0,0,0,0,0
0.17769191086513644,0.16417910447761194,0.10144927536231885,0.375,0.05981237387702295,0.17769191086513644,0.16417910447761194,0.10144927536231885,0.375,0.05981237387702295,1744,10,4.116583585739136,0,3,10,0,0,0,0,0
0.1788715244848546,0.1643835616438356,0.10144927536231885,0.375,0.059876784205474036,0.1788715244848546,0.1643835616438356,0.10144927536231885,0.375,0.059876784205474036,1759,10,4.162320613861084,0,5,16,0,0,0,0,0
0.17999503458019536,0.16666666666666666,0.10294117647058823,0.375,0.060045607994316554,0.17999503458019536,0.16666666666666666,0.10294117647058823,0.375,0.060045607994316554,1779,10,4.208331346511841,0,10,14,0,0,0,0,0
0.18085994897552604,0.16666666666666666,0.1038961038961039,0.375,0.06003943816064367,0.18085994897552604,0.16666666666666666,0.1038961038961039,0.375,0.06003943816064367,1792,10,4.241286039352417,0,3,3,0,0,0,0,0
0.1814849792249047,0.16901408450704225,0.1044776119402985,0.375,0.059693587760685236,0.1814849792249047,0.16901408450704225,0.1044776119402985,0.375,0.059693587760685236,1803,10,4.272334337234497,0,1,2,0,0,0,0,0
0.18252024827638555,0.17142857142857143,0.10526315789473684,0.375,0.05967708260919391,0.18252024827638555,0.17142857142857143,0.10526315789473684,0.375,0.05967708260919391,1828,10,4.324389457702637,0,15,6,0,0,0,0,0
0.18409317949389636,0.171875,0.10666666666666667,0.3870967741935484,0.0601915609767043,0.18409317949389636,0.171875,0.10666666666666667,0.3870967741935484,0.0601915609767043,1846,10,4.372658014297485,0,8,15,0,0,0,0,0
0.18479788118760695,0.17333333333333334,0.1076923076923077,0.3870967741935484,0.06009158383200601,0.18479788118760695,0.17333333333333334,0.1076923076923077,0.3870967741935484,0.06009158383200601,1862,10,4.414868116378784,0,6,8,0,0,0,0,0
0.18579235754187232,0.17391304347826086,0.10810810810810811,0.39344262295081966,0.06023140939447984,0.18579235754187232,0.17391304347826086,0.10810810810810811,0.39344262295081966,0.06023140939447984,1881,10,4.459667205810547,0,9,9,0,0,0,0,0
0.18684379557828917,0.17567567567567569,0.109375,0.39344262295081966,0.060337389309624415,0.18684379557828917,0.17567567567567569,0.109375,0.39344262295081966,0.060337389309624415,1895,10,4.497771978378296,0,4,9,0,0,0,0,0
0.1879976945394424,0.17647058823529413,0.1095890410958904,0.39344262295081966,0.060397161300201514,0.1879976945394424,0.17647058823529413,0.1095890410958904,0.39344262295081966,0.060397161300201514,1914,10,4.541116237640381,0,9,2,0,0,0,0,0
0.18842644680433993,0.1780821917808219,0.1111111111111111,0.39344262295081966,0.06021319438931036,0.18842644680433993,0.1780821917808219,0.1111111111111111,0.39344262295081966,0.06021319438931036,1935,10,4.5851850509643555,0,11,4,0,0,0,0,0
0.18945521714861963,0.1791044776119403,0.11267605633802817,0.39344262295081966,0.06047361301705367,0.18945521714861963,0.1791044776119403,0.11267605633802817,0.39344262295081966,0.06047361301705367,1953,10,4.6247663497924805,0,8,5,0,0,0,0,0
0.1904099980072487,0.1791044776119403,0.11267605633802817,0.39344262295081966,0.06041840891351476,0.1904099980072487,0.1791044776119403,0.11267605633802817,0.39344262295081966,0.06041840891351476,1966,10,4.6669604778289795,0,3,6,0,0,0,0,0
0.19143744353056372,0.18055555555555555,0.11428571428571428,0.39344262295081966,0.06039822099750041,0.19143744353056372,0.18055555555555555,0.11428571428571428,0.39344262295081966,0.06039822099750041,1977,10,4.697241544723511,0,1,0,0,0,0,0,0
0.192459707075187,0.18181818181818182,0.11538461538461539,0.39344262295081966,0.06062993672525063,0.192459707075187,0.18181818181818182,0.11538461538461539,0.39344262295081966,0.06062993672525063,1992,10,4.735680341720581,0,5,3,0,0,0,0,0
0.1935901715495561,0.18309859154929578,0.11594202898550725,0.39344262295081966,0.060577695118519743,0.1935901715495561,0.18309859154929578,0.11594202898550725,0.39344262295081966,0.060577695118519743,2005,10,4.766339540481567,0,3,3,0,0,0,0,0
0.1945954555411914,0.18461538461538463,0.11764705882352941,0.39344262295081966,0.06040118406612042,0.1945954555411914,0.18461538461538463,0.11764705882352941,0.39344262295081966,0.06040118406612042,2021,10,4.802761077880859,0,6,4,0,0,0,0,0
0.1960426330412991,0.18516483516483517,0.11764705882352941,0.43548387096774194,0.061123121308541584,0.1960426330412991,0.18516483516483517,0.11764705882352941,0.43548387096774194,0.061123121308541584,2036,10,4.839664697647095,0,5,0,0,0,0,0,0
0.19755145079802405,0.18666666666666668,0.11940298507462686,0.43548387096774194,0.061307440386108844,0.19755145079802405,0.18666666666666668,0.11940298507462686,0.43548387096774194,0.061307440386108844,2050,10,4.877280235290527,0,4,4,0,0,0,0,0
0.19876972070274998,0.18840579710144928,0.12,0.45,0.06171109415739578,0.19876972070274998,0.18840579710144928,0.12,0.45,0.06171109415739578,2065,10,4.912686824798584,0,5,3,0,0,0,0,0
0.20004447570177364,0.18840579710144928,0.12162162162162163,0.45,0.061957511605940915,0.20004447570177364,0.18840579710144928,0.12162162162162163,0.45,0.061957511605940915,2081,10,4.958648204803467,0,6,8,0,0,0,0,0
0.20062453030656285,0.18840579710144928,0.12162162162162163,0.45,0.0616642051126494,0.20062453030656285,0.18840579710144928,0.12162162162162163,0.45,0.0616642051126494,2099,10,4.99783730506897,0,8,5,0,0,0,0,0
0.20173739668974913,0.18983268983268983,0.1232876712328767,0.45,0.06142759088987386,0.20173739668974913,0.18983268983268983,0.1232876712328767,0.45,0.06142759088987386,2112,10,5.034675359725952,0,3,3,0,0,0,0,0
0.20268725275110985,0.19117647058823528,0.125,0.45,0.06127259508794353,0.20268725275110985,0.19117647058823528,0.125,0.45,0.06127259508794353,2127,10,5.069883346557617,0,5,3,0,0,0,0,0
0.2037403188271377,0.19117647058823528,0.1267605633802817,0.45,0.06111077708859549,0.2037403188271377,0.19117647058823528,0.1267605633802817,0.45,0.06111077708859549,2138,10,5.101794004440308,0,1,3,0,0,0,0,0
0.20431401974332628,0.1917808219178082,0.1267605633802817,0.45,0.060871063554956244,0.20431401974332628,0.1917808219178082,0.1267605633802817,0.45,0.060871063554956244,2149,10,5.134748935699463,0,1,1,0,0,0,0,0
0.20569782707735432,0.19402985074626866,0.1267605633802817,0.45,0.060948377106184844,0.20569782707735432,0.19402985074626866,0.1267605633802817,0.45,0.060948377106184844,2161,10,5.175811767578125,0,2,10,0,0,0,0,0
0.20629905026065695,0.19402985074626866,0.1282051282051282,0.45,0.060614160076093465,0.20629905026065695,0.19402985074626866,0.1282051282051282,0.45,0.060614160076093465,2178,10,5.219727516174316,0,7,7,0,0,0,0,0
0.20685096909702447,0.19444444444444445,0.12857142857142856,0.45,0.060319977935689995,0.20685096909702447,0.19444444444444445,0.12857142857142856,0.45,0.060319977935689995,2192,10,5.259975910186768,0,4,5,0,0,0,0,0
0.20789620359803912,0.19696969696969696,0.13043478260869565,0.45,0.06033689213313301,0.20789620359803912,0.19696969696969696,0.13043478260869565,0.45,0.06033689213313301,2204,10,5.295309782028198,0,2,2,0,0,0,0,0
0.20878752744727136,0.19696969696969696,0.13114754098360656,0.45,0.060366050290547604,0.20878752744727136,0.19696969696969696,0.13114754098360656,0.45,0.060366050290547604,2223,10,5.345356225967407,0,9,10,0,0,0,0,0
0.20997294809246347,0.19718309859154928,0.1323529411764706,0.45,0.06035789646368915,0.20997294809246347,0.19718309859154928,0.1323529411764706,0.45,0.06035789646368915,2236,10,5.381872892379761,0,3,3,0,0,0,0,0
0.21140216484412677,0.2,0.13333333333333333,0.45,0.06059869724163296,0.21140216484412677,0.2,0.13333333333333333,0.45,0.06059869724163296,2250,10,5.421479225158691,0,4,8,0,0,0,0,0
0.21256399446939614,0.2,0.13432835820895522,0.45,0.060773634607811315,0.21256399446939614,0.2,0.13432835820895522,0.45,0.060773634607811315,2264,10,5.458174467086792,0,4,2,0,0,0,0,0
0.21342147352476087,0.2,0.13432835820895522,0.45,0.06058228327919564,0.21342147352476087,0.2,0.13432835820895522,0.45,0.06058228327919564,2277,10,5.4946839809417725,0,3,3,0,0,0,0,0
0.21477951593773809,0.20135135135135135,0.13636363636363635,0.47368421052631576,0.06103971382509816,0.21477951593773809,0.20135135135135135,0.13636363636363635,0.47368421052631576,0.06103971382509816,2296,10,5.543850421905518,0,9,7,0,0,0,0,0
0.21601793707700312,0.20301177536231885,0.136986301369863,0.47368421052631576,0.06105997809997717,0.21601793707700312,0.20301177536231885,0.136986301369863,0.47368421052631576,0.06105997809997717,2306,10,5.578773498535156,0,0,5,0,0,0,0,0
0.21717593489108294,0.203125,0.13846153846153847,0.47368421052631576,0.06114740891079422,0.21717593489108294,0.203125,0.13846153846153847,0.47368421052631576,0.06114740891079422,2317,10,5.61480712890625,0,1,7,0,0,0,0,0
0.21807189072856062,0.20568090249798548,0.1388888888888889,0.47368421052631576,0.06099453442753719,0.21807189072856062,0.20568090249798548,0.1388888888888889,0.47368421052631576,0.06099453442753719,2330,10,5.650853395462036,0,3,8,0,0,0,0,0
0.21914466461689092,0.20588235294117646,0.14035087719298245,0.47368421052631576,0.06097951984856824,0.21914466461689092,0.20588235294117646,0.14035087719298245,0.47368421052631576,0.06097951984856824,2347,10,5.691889524459839,0,7,4,0,0,0,0,0
0.22033924442597458,0.20634920634920634,0.14084507042253522,0.47368421052631576,0.06077371702698904,0.22033924442597458,0.20634920634920634,0.14084507042253522,0.47368421052631576,0.06077371702698904,2360,10,5.730905771255493,0,3,6,0,0,0,0,0
0.2215022725480914,0.20634920634920634,0.14285714285714285,0.47368421052631576,0.061061265855977584,0.2215022725480914,0.20634920634920634,0.14285714285714285,0.47368421052631576,0.061061265855977584,2373,10,5.77379035949707,0,3,5,0,0,0,0,0
0.2225015262547039,0.208955223880597,0.14457831325301204,0.47368421052631576,0.060931386758571064,0.2225015262547039,0.208955223880597,0.14457831325301204,0.47368421052631576,0.060931386758571064,2388,10,5.823166608810425,0,5,8,0,0,0,0,0
0.22350253122574126,0.208955223880597,0.14492753623188406,0.47368421052631576,0.06090722837294413,0.22350253122574126,0.208955223880597,0.14492753623188406,0.47368421052631576,0.06090722837294413,2406,10,5.869845390319824,0,8,5,0,0,0,0,0
0.22487213936821018,0.2112676056338028,0.14666666666666667,0.47368421052631576,0.06131986949571988,0.22487213936821018,0.2112676056338028,0.14666666666666667,0.47368421052631576,0.06131986949571988,2420,10,5.905635356903076,0,4,4,0,0,0,0,0
0.22571962329047773,0.2112676056338028,0.14705882352941177,0.47368421052631576,0.06127792646283313,0.22571962329047773,0.2112676056338028,0.14705882352941177,0.47368421052631576,0.06127792646283313,2437,10,5.9577953815460205,0,7,12,0,0,0,0,0
0.2267565815725713,0.21212121212121213,0.14864864864864866,0.47368421052631576,0.06141082038135144,0.2267565815725713,0.21212121212121213,0.14864864864864866,0.47368421052631576,0.06141082038135144,2453,10,6.002413272857666,0,6,4,0,0,0,0,0
0.22812790015403836,0.21428571428571427,0.14925373134328357,0.47368421052631576,0.06171088605176384,0.22812790015403836,0.21428571428571427,0.14925373134328357,0.47368421052631576,0.06171088605176384,2465,10,6.041315078735352,0,2,3,0,0,0,0,0
0.22902331573393492,0.21428571428571427,0.15,0.47368421052631576,0.061648699130813896,0.22902331573393492,0.21428571428571427,0.15,0.47368421052631576,0.061648699130813896,2479,10,6.082518577575684,0,4,4,0,0,0,0,0
0.23045543350921788,0.2153846153846154,0.1518987341772152,0.5172413793103449,0.062263808641430024,0.23045543350921788,0.2153846153846154,0.1518987341772152,0.5172413793103449,0.062263808641430024,2498,10,6.137663841247559,0,9,5,0,0,0,0,0
0.23141704907573366,0.21602564102564104,0.1527777777777778,0.5172413793103449,0.062363443662274344,0.23141704907573366,0.21602564102564104,0.1527777777777778,0.5172413793103449,0.062363443662274344,2510,10,6.179113149642944,0,2,3,0,0,0,0,0
0.23232264632911342,0.21739130434782608,0.15384615384615385,0.5172413793103449,0.06214006088756893,0.23232264632911342,0.21739130434782608,0.15384615384615385,0.5172413793103449,0.06214006088756893,2521,10,6.211336612701416,0,1,5,0,0,0,0,0
0.2333433485318869,0.21875,0.15517241379310345,0.5172413793103449,0.062111918019137034,0.2333433485318869,0.21875,0.15517241379310345,0.5172413793103449,0.062111918019137034,2534,10,6.250670671463013,0,3,6,0,0,0,0,0
0.23413980137649923,0.21988315874294923,0.15625,0.5172413793103449,0.06189591997869537,0.23413980137649923,0.21988315874294923,0.15625,0.5172413793103449,0.06189591997869537,2550,10,6.296428203582764,0,6,7,0,0,0,0,0
0.23543187779320685,0.22077922077922077,0.15714285714285714,0.5172413793103449,0.06199223679738492,0.23543187779320685,0.22077922077922077,0.15714285714285714,0.5172413793103449,0.06199223679738492,2560,10,6.333797454833984,0,0,5,0,0,0,0,0
0.23690398001140972,0.2236842105263158,0.15873015873015872,0.5172413793103449,0.06228619576974924,0.23690398001140972,0.2236842105263158,0.15873015873015872,0.5172413793103449,0.06228619576974924,2577,10,6.386058568954468,0,7,9,0,0,0,0,0
0.23799601098536416,0.22388059701492538,0.15942028985507245,0.5172413793103449,0.06228519767778508,0.23799601098536416,0.22388059701492538,0.15942028985507245,0.5172413793103449,0.06228519767778508,2589,10,6.419205904006958,0,2,3,0,0,0,0,0
0.2390411352656398,0.224972191323693,0.16,0.5172413793103449,0.06210092840438952,0.2390411352656398,0.224972191323693,0.16,0.5172413793103449,0.06210092840438952,2604,10,6.464539289474487,0,5,5,0,0,0,0,0
0.23998454915893025,0.22696969696969696,0.16176470588235295,0.5172413793103449,0.062149971218537554,0.23998454915893025,0.22696969696969696,0.16176470588235295,0.5172413793103449,0.062149971218537554,2617,10,6.5039801597595215,0,3,1,0,0,0,0,0
0.24081187406684046,0.22727272727272727,0.16176470588235295,0.5172413793103449,0.06231907110458833,0.24081187406684046,0.22727272727272727,0.16176470588235295,0.5172413793103449,0.06231907110458833,2638,10,6.581586837768555,0,11,8,0,0,0,0,0
0.24201219390947032,0.22857142857142856,0.16216216216216217,0.5172413793103449,0.06243576949658466,0.24201219390947032,0.22857142857142856,0.16216216216216217,0.5172413793103449,0.06243576949658466,2652,10,6.623404264450073,0,4,6,0,0,0,0,0
0.24334306943046152,0.22857142857142856,0.16417910447761194,0.5172413793103449,0.06302979732628651,0.24334306943046152,0.22857142857142856,0.16417910447761194,0.5172413793103449,0.06302979732628651,2671,10,6.682565927505493,0,9,19,0,0,0,0,0
0.24463247945663608,0.22972972972972974,0.1643835616438356,0.5172413793103449,0.06298635624849723,0.24463247945663608,0.22972972972972974,0.1643835616438356,0.5172413793103449,0.06298635624849723,2689,10,6.730442762374878,0,8,5,0,0,0,0,0
0.24581529350943362,0.23076923076923078,0.16666666666666666,0.5172413793103449,0.0631614100154607,0.24581529350943362,0.23076923076923078,0.16666666666666666,0.5172413793103449,0.0631614100154607,2703,10,6.772636890411377,0,4,6,0,0,0,0,0
0.24735931712857845,0.2318840579710145,0.16666666666666666,0.5172413793103449,0.06379088719527957,0.24735931712857845,0.2318840579710145,0.16666666666666666,0.5172413793103449,0.06379088719527957,2722,10,6.827463626861572,0,9,5,0,0,0,0,0
0.24860413504733095,0.2328767123287671,0.16883116883116883,0.5172413793103449,0.06396673999188529,0.24860413504733095,0.2328767123287671,0.16883116883116883,0.5172413793103449,0.06396673999188529,2733,10,6.8654913902282715,0,1,2,0,0,0,0,0
0.2492562894562055,0.234375,0.16901408450704225,0.5172413793103449,0.06362369244945665,0.2492562894562055,0.234375,0.16901408450704225,0.5172413793103449,0.06362369244945665,2751,10,6.912595272064209,0,8,2,0,0,0,0,0
0.24989405477820228,0.2348345588235294,0.17105263157894737,0.5172413793103449,0.06332378725813365,0.24989405477820228,0.2348345588235294,0.17105263157894737,0.5172413793103449,0.06332378725813365,2766,10,6.95953369140625,0,5,5,0,0,0,0,0
0.25112698776918124,0.2361111111111111,0.17142857142857143,0.5172413793103449,0.0637935950285448,0.25112698776918124,0.2361111111111111,0.17142857142857143,0.5172413793103449,0.0637935950285448,2784,10,7.009244203567505,0,8,4,0,0,0,0,0
0.2517605145150831,0.2361111111111111,0.17333333333333334,0.5172413793103449,0.06357323127256398,0.2517605145150831,0.2361111111111111,0.17333333333333334,0.5172413793103449,0.06357323127256398,2801,10,7.050434589385986,0,7,2,0,0,0,0,0
0.2527735319673244,0.23623737373737375,0.17391304347826086,0.5172413793103449,0.06389349623906326,0.2527735319673244,0.23623737373737375,0.17391304347826086,0.5172413793103449,0.06389349623906326,2825,10,7.111552476882935,0,14,6,0,0,0,0,0
0.25343038521980205,0.23880597014925373,0.17567567567567569,0.5172413793103449,0.06355597228954109,0.25343038521980205,0.23880597014925373,0.17567567567567569,0.5172413793103449,0.06355597228954109,2839,10,7.155817747116089,0,4,4,0,0,0,0,0
0.2549795288963481,0.23880597014925373,0.17647058823529413,0.5172413793103449,0.06402584168830239,0.2549795288963481,0.23880597014925373,0.17647058823529413,0.5172413793103449,0.06402584168830239,2852,10,7.192738771438599,0,3,4,0,0,0,0,0
0.256393334917978,0.23943661971830985,0.1780821917808219,0.5172413793103449,0.06463225117982405,0.256393334917978,0.23943661971830985,0.1780821917808219,0.5172413793103449,0.06463225117982405,2867,10,7.23889684677124,0,5,9,0,0,0,0,0
0.2571301106975095,0.23943661971830985,0.1791044776119403,0.5172413793103449,0.06442069710063637,0.2571301106975095,0.23943661971830985,0.1791044776119403,0.5172413793103449,0.06442069710063637,2887,10,7.292619228363037,0,10,6,0,0,0,0,0
0.25807292943356624,0.2406860517946388,0.18032786885245902,0.5172413793103449,0.06457474354851259,0.25807292943356624,0.2406860517946388,0.18032786885245902,0.5172413793103449,0.06457474354851259,2901,10,7.338376760482788,0,4,8,0,0,0,0,0
0.2588644511756883,0.24264069264069266,0.18055555555555555,0.5172413793103449,0.06429634335335863,0.2588644511756883,0.24264069264069266,0.18055555555555555,0.5172413793103449,0.06429634335335863,2917,10,7.392833948135376,0,6,14,0,0,0,0,0
0.260198789081049,0.24305019305019304,0.18309859154929578,0.5172413793103449,0.06484617717564681,0.260198789081049,0.24305019305019304,0.18309859154929578,0.5172413793103449,0.06484617717564681,2931,10,7.443153381347656,0,4,11,0,0,0,0,0
0.26177673423812464,0.24615384615384617,0.18309859154929578,0.5172413793103449,0.06528801081651471,0.26177673423812464,0.24615384615384617,0.18309859154929578,0.5172413793103449,0.06528801081651471,2948,10,7.489298343658447,0,7,2,0,0,0,0,0
0.2632280410643923,0.2463768115942029,0.18461538461538463,0.5172413793103449,0.06611379698510801,0.2632280410643923,0.2463768115942029,0.18461538461538463,0.5172413793103449,0.06611379698510801,2971,10,7.5498552322387695,0,13,12,0,0,0,0,0
0.26449804436413327,0.25,0.18571428571428572,0.5172413793103449,0.06631986663558474,0.26449804436413327,0.25,0.18571428571428572,0.5172413793103449,0.06631986663558474,2991,10,7.602387189865112,0,10,4,0,0,0,0,0
0.26550646787183557,0.25,0.18666666666666668,0.5172413793103449,0.06620885035446711,0.26550646787183557,0.25,0.18666666666666668,0.5172413793103449,0.06620885035446711,3007,10,7.652985572814941,0,6,5,0,0,0,0,0
0.2667556776422694,0.25,0.1875,0.5172413793103449,0.06622058902285206,0.2667556776422694,0.25,0.1875,0.5172413793103449,0.06622058902285206,3022,10,7.695916175842285,0,5,8,0,0,0,0,0
0.26735422976777934,0.25,0.18840579710144928,0.5172413793103449,0.06591116555488664,0.26735422976777934,0.25,0.18840579710144928,0.5172413793103449,0.06591116555488664,3043,10,7.753664016723633,0,11,6,0,0,0,0,0
0.2684034414212368,0.2516666666666667,0.18840579710144928,0.5172413793103449,0.06584446249362308,0.2684034414212368,0.2516666666666667,0.18840579710144928,0.5172413793103449,0.06584446249362308,3069,10,7.918748378753662,0,16,21,0,0,0,0,0
0.2695480160170724,0.25333333333333335,0.189873417721519,0.5172413793103449,0.06597548336566428,0.2695480160170724,0.25333333333333335,0.189873417721519,0.5172413793103449,0.06597548336566428,3091,10,7.9838597774505615,0,12,8,0,0,0,0,0
0.2701449420734329,0.2535211267605634,0.19117647058823528,0.5172413793103449,0.06573121867474463,0.2701449420734329,0.2535211267605634,0.19117647058823528,0.5172413793103449,0.06573121867474463,3110,10,8.04226541519165,0,9,10,0,0,0,0,0
0.2717016294951924,0.2537313432835821,0.1917808219178082,0.5172413793103449,0.0663300637326759,0.2717016294951924,0.2537313432835821,0.1917808219178082,0.5172413793103449,0.0663300637326759,3127,10,8.097407102584839,0,7,10,0,0,0,0,0
0.27235882555091406,0.25396825396825395,0.1935483870967742,0.5172413793103449,0.06609756701246089,0.27235882555091406,0.25396825396825395,0.1935483870967742,0.5172413793103449,0.06609756701246089,3152,10,8.168885946273804,0,15,10,0,0,0,0,0
0.27347792184415665,0.25675675675675674,0.19402985074626866,0.5172413793103449,0.06609041676382695,0.27347792184415665,0.25675675675675674,0.19402985074626866,0.5172413793103449,0.06609041676382695,3167,10,8.213543176651001,0,5,3,0,0,0,0,0
0.27438428009064886,0.25675675675675674,0.19444444444444445,0.5172413793103449,0.06592012071550347,0.27438428009064886,0.25675675675675674,0.19444444444444445,0.5172413793103449,0.06592012071550347,3191,10,8.280064821243286,0,14,3,0,0,0,0,0
0.2751758640608461,0.25735930735930734,0.19696969696969696,0.5172413793103449,0.06562748301616916,0.2751758640608461,0.25735930735930734,0.19696969696969696,0.5172413793103449,0.06562748301616916,3208,10,8.32787823677063,0,7,5,0,0,0,0,0
0.2761971663256078,0.25806451612903225,0.19696969696969696,0.5172413793103449,0.06556730512215117,0.2761971663256078,0.25806451612903225,0.19696969696969696,0.5172413793103449,0.06556730512215117,3228,10,8.403827905654907,0,10,16,0,0,0,0,0
0.27720541496186873,0.2602739726027397,0.19736842105263158,0.5172413793103449,0.06528979503879262,0.27720541496186873,0.2602739726027397,0.19736842105263158,0.5172413793103449,0.06528979503879262,3246,10,8.453573942184448,0,8,3,0,0,0,0,0
0.27793742087317663,0.2602739726027397,0.2,0.5172413793103449,0.06524771291093776,0.27793742087317663,0.2602739726027397,0.2,0.5172413793103449,0.06524771291093776,3263,10,8.496924638748169,0,7,4,0,0,0,0,0
0.2788706384575175,0.2602739726027397,0.2,0.5172413793103449,0.06518043429523514,0.2788706384575175,0.2602739726027397,0.2,0.5172413793103449,0.06518043429523514,3282,10,8.558871984481812,0,9,11,0,0,0,0,0
0.2801232997537279,0.26153846153846155,0.2,0.5172413793103449,0.06533829095138657,0.2801232997537279,0.26153846153846155,0.2,0.5172413793103449,0.06533829095138657,3299,10,8.621549367904663,0,7,18,0,0,0,0,0
0.2810164002120748,0.2635233918128655,0.2,0.5172413793103449,0.0650549909508298,0.2810164002120748,0.2635233918128655,0.2,0.5172413793103449,0.0650549909508298,3315,10,8.669734954833984,0,6,3,0,0,0,0,0
0.2814359370831075,0.2638888888888889,0.20270270270270271,0.5172413793103449,0.06487691388478962,0.2814359370831075,0.2638888888888889,0.20270270270270271,0.5172413793103449,0.06487691388478962,3338,10,8.730503559112549,0,13,5,0,0,0,0,0
0.28209525396967994,0.2638888888888889,0.203125,0.5172413793103449,0.06455089740068982,0.28209525396967994,0.2638888888888889,0.203125,0.5172413793103449,0.06455089740068982,3354,10,8.783567428588867,0,6,5,0,0,0,0,0
0.28322451827532896,0.2647058823529412,0.2054794520547945,0.5172413793103449,0.0645139654635011,0.28322451827532896,0.2647058823529412,0.2054794520547945,0.5172413793103449,0.0645139654635011,3372,10,8.83200454711914,0,8,7,0,0,0,0,0
0.2846119539705331,0.2661458333333333,0.20588235294117646,0.5172413793103449,0.06477870898085718,0.2846119539705331,0.2661458333333333,0.20588235294117646,0.5172413793103449,0.06477870898085718,3393,10,8.889185190200806,0,11,1,0,0,0,0,0
0.2857947056091683,0.2676056338028169,0.20588235294117646,0.5172413793103449,0.06487851636237417,0.2857947056091683,0.2676056338028169,0.20588235294117646,0.5172413793103449,0.06487851636237417,3403,10,8.92755913734436,0,0,6,0,0,0,0,0
0.28689281982535864,0.26865671641791045,0.20634920634920634,0.5172413793103449,0.0650045399778858,0.28689281982535864,0.26865671641791045,0.20634920634920634,0.5172413793103449,0.0650045399778858,3421,10,8.98813247680664,0,8,9,0,0,0,0,0
0.2878461276067227,0.26865671641791045,0.20833333333333334,0.5172413793103449,0.0649074596978491,0.2878461276067227,0.26865671641791045,0.20833333333333334,0.5172413793103449,0.0649074596978491,3446,10,9.060988187789917,0,15,11,0,0,0,0,0
0.2887709380996471,0.2698412698412698,0.208955223880597,0.5172413793103449,0.06505603523238943,0.2887709380996471,0.2698412698412698,0.208955223880597,0.5172413793103449,0.06505603523238943,3472,10,9.14110803604126,0,16,13,0,0,0,0,0
0.28980215196013587,0.2711864406779661,0.21052631578947367,0.5172413793103449,0.0647583858451552,0.28980215196013587,0.2711864406779661,0.21052631578947367,0.5172413793103449,0.0647583858451552,3493,10,9.2095308303833,0,11,12,0,0,0,0,0
0.2906369436707251,0.2714285714285714,0.2112676056338028,0.5172413793103449,0.06443842262238977,0.2906369436707251,0.2714285714285714,0.2112676056338028,0.5172413793103449,0.06443842262238977,3530,10,9.313987970352173,0,27,15,0,0,0,0,0
0.2920743406317239,0.2714285714285714,0.21212121212121213,0.5263157894736842,0.06510238309873996,0.2920743406317239,0.2714285714285714,0.21212121212121213,0.5263157894736842,0.06510238309873996,3548,10,9.36272644996643,0,8,4,0,0,0,0,0
0.293110948252194,0.2740830755634114,0.21428571428571427,0.5263157894736842,0.06513219680965497,0.293110948252194,0.2740830755634114,0.21428571428571427,0.5263157894736842,0.06513219680965497,3566,10,9.425766468048096,0,8,10,0,0,0,0,0
0.2939223905022276,0.2753623188405797,0.21428571428571427,0.5263157894736842,0.06492417781188653,0.2939223905022276,0.2753623188405797,0.21428571428571427,0.5263157894736842,0.06492417781188653,3590,10,9.497154235839844,0,14,17,0,0,0,0,0
0.29496888146296385,0.2753623188405797,0.2153846153846154,0.5263157894736842,0.06486109459738432,0.29496888146296385,0.2753623188405797,0.2153846153846154,0.5263157894736842,0.06486109459738432,3619,10,9.580243349075317,0,19,7,0,0,0,0,0
0.2957491603085974,0.27661943319838056,0.2153846153846154,0.5263157894736842,0.06450282157103512,0.2957491603085974,0.27661943319838056,0.2153846153846154,0.5263157894736842,0.06450282157103512,3655,10,9.667902946472168,0,26,9,0,0,0,0,0
0.2967072572343704,0.27941176470588236,0.21739130434782608,0.5263157894736842,0.06459105229985708,0.2967072572343704,0.27941176470588236,0.21739130434782608,0.5263157894736842,0.06459105229985708,3677,10,9.728939294815063,0,12,3,0,0,0,0,0
0.2976379472592343,0.27941176470588236,0.21875,0.5263157894736842,0.06448500618483571,0.2976379472592343,0.27941176470588236,0.21875,0.5263157894736842,0.06448500618483571,3697,10,9.782594680786133,0,10,2,0,0,0,0,0
0.2988514518189477,0.28125,0.2191780821917808,0.5263157894736842,0.06467821793230773,0.2988514518189477,0.28125,0.2191780821917808,0.5263157894736842,0.06467821793230773,3718,10,9.840514898300171,0,11,10,0,0,0,0,0
0.3000728706984211,0.2833333333333333,0.22058823529411764,0.5263157894736842,0.06478619525186616,0.3000728706984211,0.2833333333333333,0.22058823529411764,0.5263157894736842,0.06478619525186616,3742,10,9.902600526809692,0,14,5,0,0,0,0,0
0.3008092001840494,0.2835820895522388,0.22077922077922077,0.5263157894736842,0.06476181572077097,0.3008092001840494,0.2835820895522388,0.22077922077922077,0.5263157894736842,0.06476181572077097,3764,10,9.958729982376099,0,12,2,0,0,0,0,0
0.3018637433673628,0.2835820895522388,0.2236842105263158,0.5263157894736842,0.06457085501573734,0.3018637433673628,0.2835820895522388,0.2236842105263158,0.5263157894736842,0.06457085501573734,3792,10,10.04129672050476,0,18,15,0,0,0,0,0
0.30259533211139544,0.2857142857142857,0.22388059701492538,0.5263157894736842,0.0643453139450645,0.30259533211139544,0.2857142857142857,0.22388059701492538,0.5263157894736842,0.0643453139450645,3816,10,10.111837387084961,0,14,7,0,0,0,0,0
0.30359148714590645,0.286692759295499,0.225,0.5263157894736842,0.06450560287105202,0.30359148714590645,0.286692759295499,0.225,0.5263157894736842,0.06450560287105202,3847,10,10.204534769058228,0,21,17,0,0,0,0,0
0.3047759650111254,0.2876712328767123,0.22666666666666666,0.5263157894736842,0.06480726110590503,0.3047759650111254,0.2876712328767123,0.22666666666666666,0.5263157894736842,0.06480726110590503,3862,10,10.251259803771973,0,5,2,0,0,0,0,0
0.30574993902279757,0.2878787878787879,0.22784810126582278,0.5263157894736842,0.06453796522238887,0.30574993902279757,0.2878787878787879,0.22784810126582278,0.5263157894736842,0.06453796522238887,3882,10,10.316386699676514,0,10,8,0,0,0,0,0
0.30659068305584153,0.2896643783371472,0.22857142857142856,0.5263157894736842,0.06432562476473787,0.30659068305584153,0.2896643783371472,0.22857142857142856,0.5263157894736842,0.06432562476473787,3912,10,10.40195918083191,0,20,8,0,0,0,0,0
0.30771312950083546,0.29128787878787876,0.22857142857142856,0.5263157894736842,0.0644850294948019,0.30771312950083546,0.29128787878787876,0.22857142857142856,0.5263157894736842,0.0644850294948019,3937,10,10.47447943687439,0,15,5,0,0,0,0,0
0.3083353172484748,0.2916666666666667,0.22972972972972974,0.5263157894736842,0.0644791095937427,0.3083353172484748,0.2916666666666667,0.22972972972972974,0.5263157894736842,0.0644791095937427,3964,10,10.563430786132812,0,17,13,0,0,0,0,0
0.309108596027961,0.2919871794871795,0.23076923076923078,0.5263157894736842,0.06437956013746192,0.309108596027961,0.2919871794871795,0.23076923076923078,0.5263157894736842,0.06437956013746192,3985,10,10.630504369735718,0,11,9,0,0,0,0,0
0.30999260842711635,0.29411764705882354,0.2318840579710145,0.5263157894736842,0.06415133262259726,0.30999260842711635,0.29411764705882354,0.2318840579710145,0.5263157894736842,0.06415133262259726,4008,10,10.700992584228516,0,13,5,0,0,0,0,0
0.3113502155081862,0.2949768810424548,0.2328767123287671,0.5263157894736842,0.0643409744395,0.3113502155081862,0.2949768810424548,0.2328767123287671,0.5263157894736842,0.0643409744395,4050,10,10.808634281158447,0,32,4,0,0,0,0,0
0.31203518693556,0.29577464788732394,0.2328767123287671,0.5263157894736842,0.06416635507240252,0.31203518693556,0.29577464788732394,0.2328767123287671,0.5263157894736842,0.06416635507240252,4084,10,10.885694742202759,0,24,14,0,0,0,0,0
0.31274586538442045,0.296324823943662,0.23529411764705882,0.5263157894736842,0.06382904838523332,0.31274586538442045,0.296324823943662,0.23529411764705882,0.5263157894736842,0.06382904838523332,4104,10,10.952588081359863,0,10,12,0,0,0,0,0
0.3138306051474666,0.2972972972972973,0.2361111111111111,0.5263157894736842,0.06414781302788866,0.3138306051474666,0.2972972972972973,0.2361111111111111,0.5263157894736842,0.06414781302788866,4123,10,11.003788948059082,0,9,3,0,0,0,0,0
0.3148650130039712,0.3,0.23684210526315788,0.5263157894736842,0.06423587787267301,0.3148650130039712,0.3,0.23684210526315788,0.5263157894736842,0.06423587787267301,4141,10,11.057950496673584,0,8,7,0,0,0,0,0
0.315577549857415,0.3,0.23880597014925373,0.5263157894736842,0.064299397208381,0.315577549857415,0.3,0.23880597014925373,0.5263157894736842,0.064299397208381,4169,10,11.147154092788696,0,18,14,0,0,0,0,0
0.31695671082359866,0.3,0.23943661971830985,0.5263157894736842,0.06457272490897883,0.31695671082359866,0.3,0.23943661971830985,0.5263157894736842,0.06457272490897883,4186,10,11.19901704788208,0,7,2,0,0,0,0,0
0.3175739861826427,0.3013698630136986,0.23943661971830985,0.5263157894736842,0.06430106600102603,0.3175739861826427,0.3013698630136986,0.23943661971830985,0.5263157894736842,0.06430106600102603,4217,10,11.281686782836914,0,21,8,0,0,0,0,0
0.31834445985326393,0.3013698630136986,0.23943661971830985,0.5263157894736842,0.06397452743457249,0.31834445985326393,0.3013698630136986,0.23943661971830985,0.5263157894736842,0.06397452743457249,4241,10,11.361602544784546,0,14,15,0,0,0,0,0
0.31882624981672747,0.30158730158730157,0.24050632911392406,0.5263157894736842,0.06369923991236431,0.31882624981672747,0.30158730158730157,0.24050632911392406,0.5263157894736842,0.06369923991236431,4271,10,11.45857286453247,0,20,13,0,0,0,0,0
0.3202475259654748,0.30303030303030304,0.24285714285714285,0.5263157894736842,0.06433660960364677,0.3202475259654748,0.30303030303030304,0.24285714285714285,0.5263157894736842,0.06433660960364677,4297,10,11.536291599273682,0,16,17,0,0,0,0,0
0.32070410597706756,0.30434782608695654,0.24324324324324326,0.5263157894736842,0.06400864458606866,0.32070410597706756,0.30434782608695654,0.24324324324324326,0.5263157894736842,0.06400864458606866,4319,10,11.603860855102539,0,12,12,0,0,0,0,0
0.32165189414082035,0.30434782608695654,0.24324324324324326,0.5263157894736842,0.06410180847339804,0.32165189414082035,0.30434782608695654,0.24324324324324326,0.5263157894736842,0.06410180847339804,4338,10,11.656295776367188,0,9,1,0,0,0,0,0
0.3224858492392077,0.3050847457627119,0.2463768115942029,0.5263157894736842,0.06427138565705344,0.3224858492392077,0.3050847457627119,0.2463768115942029,0.5263157894736842,0.06427138565705344,4364,10,11.718449592590332,0,16,2,0,0,0,0,0
0.3237833490689625,0.30600358422939067,0.2465753424657534,0.5263157894736842,0.06468650771111123,0.3237833490689625,0.30600358422939067,0.2465753424657534,0.5263157894736842,0.06468650771111123,4387,10,11.803599834442139,0,13,12,0,0,0,0,0
0.3245835276087419,0.3076923076923077,0.24675324675324675,0.5263157894736842,0.064332139765376,0.3245835276087419,0.3076923076923077,0.24675324675324675,0.5263157894736842,0.064332139765376,4426,10,11.921313047409058,0,29,12,0,0,0,0,0
0.32564017885546287,0.3088235294117647,0.25,0.5263157894736842,0.0643742084553595,0.32564017885546287,0.3088235294117647,0.25,0.5263157894736842,0.0643742084553595,4444,10,11.982476472854614,0,8,12,0,0,0,0,0
0.32681466164888423,0.30985915492957744,0.25,0.5263157894736842,0.06435883978040292,0.32681466164888423,0.30985915492957744,0.25,0.5263157894736842,0.06435883978040292,4478,10,12.068779468536377,0,24,5,0,0,0,0,0
0.3273306805210536,0.30985915492957744,0.25,0.5263157894736842,0.06397975199116634,0.3273306805210536,0.30985915492957744,0.25,0.5263157894736842,0.06397975199116634,4507,10,12.16935420036316,0,19,21,0,0,0,0,0
0.32815118922128056,0.30985915492957744,0.25,0.5263157894736842,0.06396489611589454,0.32815118922128056,0.30985915492957744,0.25,0.5263157894736842,0.06396489611589454,4534,10,12.244693279266357,0,17,12,0,0,0,0,0
0.32869957292391994,0.30985915492957744,0.25333333333333335,0.5263157894736842,0.0637912083109943,0.32869957292391994,0.30985915492957744,0.25333333333333335,0.5263157894736842,0.0637912083109943,4573,10,12.343675136566162,0,29,10,0,0,0,0,0
0.3294968181762183,0.3111431103234382,0.25333333333333335,0.5263157894736842,0.06362641078701249,0.3294968181762183,0.3111431103234382,0.25333333333333335,0.5263157894736842,0.06362641078701249,4603,10,12.420741319656372,0,20,5,0,0,0,0,0
0.33011142822470674,0.31209415584415584,0.2537313432835821,0.5263157894736842,0.06346242171886643,0.33011142822470674,0.31209415584415584,0.2537313432835821,0.5263157894736842,0.06346242171886643,4624,10,12.480584621429443,0,11,13,0,0,0,0,0
0.3309303865177887,0.31343283582089554,0.2537313432835821,0.5263157894736842,0.06327074665056434,0.3309303865177887,0.31343283582089554,0.2537313432835821,0.5263157894736842,0.06327074665056434,4665,10,12.588444709777832,0,31,11,0,0,0,0,0
0.3321690499607079,0.31343283582089554,0.2564102564102564,0.5263157894736842,0.06337724895426176,0.3321690499607079,0.31343283582089554,0.2564102564102564,0.5263157894736842,0.06337724895426176,4693,10,12.671936750411987,0,18,9,0,0,0,0,0
0.3329289560501403,0.31343283582089554,0.25675675675675674,0.5263157894736842,0.06316679276686883,0.3329289560501403,0.31343283582089554,0.25675675675675674,0.5263157894736842,0.06316679276686883,4722,10,12.779315948486328,0,19,16,0,0,0,0,0
0.33359457373269763,0.3142857142857143,0.25675675675675674,0.5263157894736842,0.06297277723126164,0.33359457373269763,0.3142857142857143,0.25675675675675674,0.5263157894736842,0.06297277723126164,4743,10,12.84632134437561,0,11,7,0,0,0,0,0
0.3343049920383215,0.3142857142857143,0.25757575757575757,0.5263157894736842,0.06278298162488127,0.3343049920383215,0.3142857142857143,0.25757575757575757,0.5263157894736842,0.06278298162488127,4770,10,12.933016538619995,0,17,11,0,0,0,0,0
0.334908022712916,0.3142857142857143,0.2602739726027397,0.5263157894736842,0.06255556645814049,0.334908022712916,0.3142857142857143,0.2602739726027397,0.5263157894736842,0.06255556645814049,4797,10,13.008763551712036,0,17,10,0,0,0,0,0
0.33568843135479076,0.3142857142857143,0.2602739726027397,0.5263157894736842,0.06250256017504367,0.33568843135479076,0.3142857142857143,0.2602739726027397,0.5263157894736842,0.06250256017504367,4820,10,13.08254599571228,0,13,9,0,0,0,0,0
0.3364214935193668,0.3150684931506849,0.2602739726027397,0.5263157894736842,0.06237998062842955,0.3364214935193668,0.3150684931506849,0.2602739726027397,0.5263157894736842,0.06237998062842955,4840,10,13.157098531723022,0,10,12,0,0,0,0,0
0.3372298035813186,0.31746031746031744,0.26153846153846155,0.5263157894736842,0.062264356383625465,0.3372298035813186,0.31746031746031744,0.26153846153846155,0.5263157894736842,0.062264356383625465,4875,10,13.264597177505493,0,25,17,0,0,0,0,0
0.33841895342270334,0.3181818181818182,0.2631578947368421,0.5263157894736842,0.06238213264718138,0.33841895342270334,0.3181818181818182,0.2631578947368421,0.5263157894736842,0.06238213264718138,4912,10,13.373662233352661,0,27,12,0,0,0,0,0
0.3389153581226006,0.3181818181818182,0.2638888888888889,0.5263157894736842,0.062025623502660464,0.3389153581226006,0.3181818181818182,0.2638888888888889,0.5263157894736842,0.062025623502660464,4945,10,13.46668791770935,0,23,11,0,0,0,0,0
0.33962347238334173,0.31851119894598157,0.2638888888888889,0.5263157894736842,0.06196617675687295,0.33962347238334173,0.31851119894598157,0.2638888888888889,0.5263157894736842,0.06196617675687295,4985,10,13.578332424163818,0,30,9,0,0,0,0,0
0.34070055095161317,0.3188405797101449,0.2647058823529412,0.5263157894736842,0.06198918815978761,0.34070055095161317,0.3188405797101449,0.2647058823529412,0.5263157894736842,0.06198918815978761,5027,10,13.706305980682373,0,32,17,0,0,0,0,0
0.34176321809644855,0.3194444444444444,0.26666666666666666,0.5263157894736842,0.06198761478370132,0.34176321809644855,0.3194444444444444,0.26666666666666666,0.5263157894736842,0.06198761478370132,5066,10,13.822170495986938,0,29,29,0,0,0,0,0
0.34267520137243934,0.3225806451612903,0.2676056338028169,0.5263157894736842,0.06186161508059968,0.34267520137243934,0.3225806451612903,0.2676056338028169,0.5263157894736842,0.06186161508059968,5101,10,13.934877157211304,0,25,26,0,0,0,0,0
0.3434398751929501,0.3235294117647059,0.26865671641791045,0.5263157894736842,0.06170571043489287,0.3434398751929501,0.3235294117647059,0.26865671641791045,0.5263157894736842,0.06170571043489287,5139,10,14.040580749511719,0,28,13,0,0,0,0,0
0.34431500406867566,0.3235294117647059,0.2698412698412698,0.5263157894736842,0.06158364465839008,0.34431500406867566,0.3235294117647059,0.2698412698412698,0.5263157894736842,0.06158364465839008,5168,10,14.12265157699585,0,19,10,0,0,0,0,0
0.344839470598178,0.323943661971831,0.2702702702702703,0.5263157894736842,0.061340946864393606,0.344839470598178,0.323943661971831,0.2702702702702703,0.5263157894736842,0.061340946864393606,5216,10,14.261414527893066,0,38,27,0,0,0,0,0
0.3458326547424335,0.32432432432432434,0.2714285714285714,0.5263157894736842,0.06125159850495755,0.3458326547424335,0.32432432432432434,0.2714285714285714,0.5263157894736842,0.06125159850495755,5246,10,14.342519044876099,0,20,11,0,0,0,0,0
0.3464554478514084,0.32772752967778407,0.2714285714285714,0.5263157894736842,0.0609481008616451,0.3464554478514084,0.32772752967778407,0.2714285714285714,0.5263157894736842,0.0609481008616451,5285,10,14.46072506904602,0,29,13,0,0,0,0,0
0.34726273344252234,0.328125,0.2727272727272727,0.5263157894736842,0.06086404500905455,0.34726273344252234,0.328125,0.2727272727272727,0.5263157894736842,0.06086404500905455,5319,10,14.573347091674805,0,24,21,0,0,0,0,0
0.34817371969886163,0.32824160447761197,0.2753623188405797,0.5263157894736842,0.060850053951934616,0.34817371969886163,0.32824160447761197,0.2753623188405797,0.5263157894736842,0.060850053951934616,5345,10,14.651454448699951,0,16,10,0,0,0,0,0
0.34933255293631804,0.3283582089552239,0.2753623188405797,0.5263157894736842,0.0608538639700381,0.34933255293631804,0.3283582089552239,0.2753623188405797,0.5263157894736842,0.0608538639700381,5390,10,14.776562690734863,0,35,21,0,0,0,0,0
0.35012241410874195,0.3283582089552239,0.27631578947368424,0.5263157894736842,0.06074872213140804,0.35012241410874195,0.3283582089552239,0.27631578947368424,0.5263157894736842,0.06074872213140804,5429,10,14.883514165878296,0,29,18,0,0,0,0,0
0.35064274663887024,0.32857142857142857,0.2777777777777778,0.5263157894736842,0.060638141812532076,0.35064274663887024,0.32857142857142857,0.2777777777777778,0.5263157894736842,0.060638141812532076,5461,10,14.980782747268677,0,22,19,0,0,0,0,0
0.35131864267409935,0.3287671232876712,0.2777777777777778,0.5263157894736842,0.0604346427843361,0.35131864267409935,0.3287671232876712,0.2777777777777778,0.5263157894736842,0.0604346427843361,5510,10,15.1163010597229,0,39,25,0,0,0,0,0
0.35204851010441196,0.32894736842105265,0.28,0.5263157894736842,0.06019113687460318,0.35204851010441196,0.32894736842105265,0.28,0.5263157894736842,0.06019113687460318,5543,10,15.231409072875977,0,23,14,0,0,0,0,0
0.3528204095587217,0.3333333333333333,0.28125,0.5263157894736842,0.060120021519018435,0.3528204095587217,0.3333333333333333,0.28125,0.5263157894736842,0.060120021519018435,5576,10,15.35623550415039,0,23,26,0,0,0,0,0
0.35368437851331463,0.3333333333333333,0.28169014084507044,0.5263157894736842,0.060025781261002456,0.35368437851331463,0.3333333333333333,0.28169014084507044,0.5263157894736842,0.060025781261002456,5622,10,15.480917692184448,0,36,26,0,0,0,0,0
0.35436681006881987,0.3333333333333333,0.2835820895522388,0.5263157894736842,0.06010991756404251,0.35436681006881987,0.3333333333333333,0.2835820895522388,0.5263157894736842,0.06010991756404251,5666,10,15.602581024169922,0,34,25,0,0,0,0,0
0.35490510950559123,0.3333333333333333,0.2835820895522388,0.5263157894736842,0.05993157410920571,0.35490510950559123,0.3333333333333333,0.2835820895522388,0.5263157894736842,0.05993157410920571,5721,10,15.745907545089722,0,45,18,0,0,0,0,0
0.3559659332482936,0.3333333333333333,0.28378378378378377,0.5263157894736842,0.06004757214816888,0.3559659332482936,0.3333333333333333,0.28378378378378377,0.5263157894736842,0.06004757214816888,5774,10,15.892926692962646,0,43,26,0,0,0,0,0
0.35650868453139206,0.33783783783783783,0.2857142857142857,0.5263157894736842,0.05989029456004761,0.35650868453139206,0.33783783783783783,0.2857142857142857,0.5263157894736842,0.05989029456004761,5830,10,16.05589509010315,0,46,32,0,0,0,0,0
0.35733188668273574,0.3380281690140845,0.2876712328767123,0.5263157894736842,0.05991845951404799,0.35733188668273574,0.3380281690140845,0.2876712328767123,0.5263157894736842,0.05991845951404799,5878,10,16.17518424987793,0,38,9,0,0,0,0,0
0.3578163908658162,0.3380281690140845,0.2876712328767123,0.5263157894736842,0.059713323901021076,0.3578163908658162,0.3380281690140845,0.2876712328767123,0.5263157894736842,0.059713323901021076,5921,10,16.287602424621582,0,33,17,0,0,0,0,0
0.3582842628315489,0.3380281690140845,0.2878787878787879,0.5263157894736842,0.05955347695547342,0.3582842628315489,0.3380281690140845,0.2878787878787879,0.5263157894736842,0.05955347695547342,5975,10,16.427554607391357,0,44,23,0,0,0,0,0
0.35995426586166274,0.3384615384615385,0.2898550724637681,1.0,0.06298477458011331,0.35995426586166274,0.3384615384615385,0.2898550724637681,1.0,0.06298477458011331,6004,10,16.512022733688354,0,19,4,0,0,0,0,0
