smiles,n_success_mut,n_failures_mut,rediscovery_c1cc2cccc3c4cccc5cccc(c(c1)c23)c54,total,obj_computation_time,history_data
c1cc2cccc3c2cccc(c1)c1cc2cc(c2)c13,5,39,0.6301369863013698,0.6301369863013698,0.0005908012390136719,C
c1cc2c3cccc4c5ccc6ccc2c4c5c6c3c1,0,0,0.6216216216216216,0.6216216216216216,0.00058746337890625,
CCCC(C)c1cccc2cccc3c4cccc5c(ccc3c45)c12,0,0,0.6024096385542169,0.6024096385542169,0.0006656646728515625,
C=c1ccc2c(c1)c1cccc3cccc2c3ccc1,0,0,0.6081081081081081,0.6081081081081081,0.0005099773406982422,
CC1C=C1c1cc2c3ccccc4cccc1c4c2ccc3,2,9,0.6103896103896104,0.6103896103896104,0.0005183219909667969,
c1cc(C2CC2)c2cccc3c2ccc2cccc(c1)c23,3,2,0.6052631578947368,0.6052631578947368,0.0005354881286621094,
c1cc2cccc3c4c(c5ccc6c(ccc(c1)c26)c35)C4,0,0,0.5974025974025974,0.5974025974025974,0.000591278076171875,
CC1=CC1=Cc1cccc2cccc3ccc4c1cccc4c23,0,0,0.6075949367088608,0.6075949367088608,0.0005738735198974609,
C1=CC=1Cc1cc2c3ccccc4cccc1c4c2ccc3,0,0,0.6025641025641025,0.6025641025641025,0.0005214214324951172,
CC(C)=c1ccccc2cccc3ccc4c1cccc4c23,1,2,0.6103896103896104,0.6103896103896104,0.00046896934509277344,
CCC(C)c1cccc2c1cccc1c3cccc4ccc1c3c42,0,0,0.6049382716049383,0.6049382716049383,0.0005931854248046875,
Cc1c2ccc3ccccc4c5cccc(c3c2C=C4)c15,0,0,0.6052631578947368,0.6052631578947368,0.0005199909210205078,
CCC1Cc2c3cccc2c2cccc4cccc3cccc1c42,3,12,0.6375,0.6375,0.0006084442138671875,
CC1(c2c3cccc4cccc5c6cccc(c43)c6c25)C=CC1,0,0,0.6075949367088608,0.6075949367088608,0.0006399154663085938,
c1cc2ccc3c4cc5cc6c(cccc6c34)c2c5c1,0,0,0.6,0.6,0.000606536865234375,
Cc1c2cccc1c1cccc3cccc2cccc(C2CC2)c31,2,3,0.6455696202531646,0.6455696202531646,0.0006356239318847656,
Cc1c2cccc1c1cccc3ccc4c2cccc4c31,7,89,0.6486486486486487,0.6486486486486487,0.0004935264587402344,
CC1C=C1c1c2cccc3cccc4ccc1c1c4cccc1c32,10,81,0.625,0.625,0.0006003379821777344,
Cc1cc2c3ccc4c5ccc6cccc(cccc(c12)c35)c64,0,0,0.6,0.6,0.0006189346313476562,
c1cc2cccc3c4ccc5c(ccc(c1)c25)c34,40,353,0.7272727272727273,0.7272727272727273,0.0004425048828125,
CCc1c2cccc3cccc4ccc1c1c4cccc1c32,23,190,0.6447368421052632,0.6447368421052632,0.0005481243133544922,
Cc1c(C)c2cc3cccc4c1cccc1cccc(c12)c34,7,162,0.631578947368421,0.631578947368421,0.0005800724029541016,
c1cc2ccc3c4ccc5c6c(cccc6c35)c(c1)c24,4,105,0.6438356164383562,0.6438356164383562,0.0006847381591796875,
CCc1c(CC)c2cc3cccc(c4cccc5cccc1c54)c32,0,0,0.6049382716049383,0.6049382716049383,0.0006415843963623047,
CC1C=C=C1c1cccc2cccc3ccc4c1cccc4c23,0,0,0.6,0.6,0.0005419254302978516,
CC1=c2cc(c3cc4cccc5c2cccc2cccc(c23)c45)C1,0,0,0.5975609756097561,0.5975609756097561,0.000720977783203125,
CCCc1c2cccc1c1c3cccc2c2ccc2c1ccc3,0,0,0.6,0.6,0.0005409717559814453,
CC#Cc1cccc2c1cccc1c3cccc4ccc1c3c42,0,9,0.620253164556962,0.620253164556962,0.0006022453308105469,
c1cc2cccc3c4ccc5ccc6c(c1)c2c5c4c63,6,167,0.6666666666666666,0.6666666666666666,0.0005834102630615234,
CC1c2c3cccc2c2cccc4cccc3cccc(c42)C1C,7,20,0.6455696202531646,0.6455696202531646,0.0005891323089599609,
c1cc2cccc3c2c2cc4cccc(c(c1)c1ccc2CC1)c43,1,5,0.65,0.65,0.0007271766662597656,
C1=c2c1cccc1cccc3ccc4c2cccc4c13,20,173,0.6666666666666666,0.6666666666666666,0.00048613548278808594,
C1=C(Cc2cccc3cccc4c3ccc3cccc2c34)CC1,0,0,0.6,0.6,0.0005483627319335938,
CCCCc1cccc2cccc3cccc(c4cccc2c4C)c13,0,0,0.6219512195121951,0.6219512195121951,0.0006015300750732422,
C=C=Cc1cccc2cccc3c4cccc5c(ccc3c45)c12,0,8,0.6410256410256411,0.6410256410256411,0.0006279945373535156,
CC(C1=C=C1)c1cccc2cccc3ccc4c1cccc4c23,1,0,0.6075949367088608,0.6075949367088608,0.0005381107330322266,
C=CC1c2c1c1cc3cccc4c2cccc2cccc(c21)c34,0,0,0.6,0.6,0.0006878376007080078,
C1#CC(c2cccc3cccc4c3ccc3cccc2c34)=C1,6,64,0.6233766233766234,0.6233766233766234,0.0004947185516357422,
CCC=Cc1c2cccc3cccc4ccc1c1c4cccc1c32,0,0,0.5975609756097561,0.5975609756097561,0.0005950927734375,
Cc1c2cccc3cccc4ccc1c1c4cccc1c32,22,204,0.6712328767123288,0.6712328767123288,0.0005211830139160156,
CCCc1cccc2c1cccc1c3cccc4ccc1c3c42,2,30,0.620253164556962,0.620253164556962,0.0005400180816650391,
CCc1cccc2cccc3cccc(c4cccc2c4C(C)C)c13,2,5,0.6296296296296297,0.6296296296296297,0.0006084442138671875,
C1=C=C(c2cccc3cccc4c3ccc3cccc2c34)C=1,31,158,0.6233766233766234,0.6233766233766234,0.0005109310150146484,
c1cc2cccc3c4ccc5ccc2c(c1)c5c34,11,229,0.6764705882352942,0.6764705882352942,0.00044798851013183594,
CC(C)Cc1cccc2cccc3c4cccc5ccc3c4c5c12,0,0,0.6049382716049383,0.6049382716049383,0.0006184577941894531,
CCC1c2cccc3cccc4cccc(c5cccc3c5C1C)c24,0,0,0.6219512195121951,0.6219512195121951,0.0006089210510253906,
c1cc2cccc3c4ccc5c2c(c1)c1ccc1c5c34,2,107,0.6438356164383562,0.6438356164383562,0.0005586147308349609,
CC1C=Cc2c3cccc2c2cccc4cccc3cccc1c42,0,5,0.6375,0.6375,0.0006511211395263672,
CC=c1ccc(C)c2c3cccc4cccc(c4ccc3)c12,0,3,0.6103896103896104,0.6103896103896104,0.0005183219909667969,
CCc1cccc2cccc3c4cccc5c(ccc3c45)c12,2,62,0.6666666666666666,0.6666666666666666,0.0005810260772705078,
CC1(C)C=c2ccc1c1c3cccc4cccc(c4ccc3)c21,0,0,0.6075949367088608,0.6075949367088608,0.0006160736083984375,
Cc1c2c3cccc4cccc5c4c4cccc3c4c1c52,0,0,0.6052631578947368,0.6052631578947368,0.0005841255187988281,
c1cc2ccc3c(c1)c1c4ccc4c1c1cccc2c31,0,0,0.6,0.6,0.0006177425384521484,
C#CCc1c2cccc3cccc4ccc1c1c4cccc1c32,6,21,0.620253164556962,0.620253164556962,0.0005662441253662109,
Cc1ccc2ccc3cc4cccc(c5cccc1c25)c43,0,0,0.6052631578947368,0.6052631578947368,0.0005156993865966797,
Cc1ccc2cccc3c4ccc(c5cccc1cc45)c23,0,0,0.6052631578947368,0.6052631578947368,0.0006396770477294922,
CC1C=C(c2cccc3cccc4ccc5c2cccc5c34)C1,0,0,0.6075949367088608,0.6075949367088608,0.0005354881286621094,
CCCc1c2c3cccc4ccc2c2cccc(ccc3)c2c14,0,0,0.6,0.6,0.0006699562072753906,
C1=C2C=1C2c1cccc2cccc3c2ccc2cccc1c23,0,0,0.6025641025641025,0.6025641025641025,0.0005288124084472656,
CC=Cc1cccc2cccc3c4cccc5ccc3c4c5c12,3,12,0.620253164556962,0.620253164556962,0.0006110668182373047,
CCCc1cc2cccc3cccc(c4cccc5cc1c54)c32,0,0,0.6,0.6,0.0005817413330078125,
C1=CCC=1Cc1cccc2cccc3c2ccc2cccc1c23,0,0,0.6,0.6,0.0005266666412353516,
C=CCc1c2cccc3cccc4c5cccc(c32)c5c14,0,1,0.6052631578947368,0.6052631578947368,0.0005068778991699219,
C=C=c1c(C)cccc2cccc3ccc4c1cccc4c23,1,0,0.6103896103896104,0.6103896103896104,0.0005199909210205078,
CCCC1Cc2c3cccc2c2cccc4cccc3cccc1c42,0,0,0.6144578313253012,0.6144578313253012,0.0006234645843505859,
CC1CC1C=c1cccc2c3cccc4cccc(c4ccc3)c12,0,0,0.6049382716049383,0.6049382716049383,0.0006113052368164062,
C#Cc1c2cccc3cccc4c5cccc(c1c25)c34,5,99,0.6301369863013698,0.6301369863013698,0.0005078315734863281,
CC(C)C=c1cccc2c3cccc4cccc(c4ccc3)c12,7,37,0.6282051282051282,0.6282051282051282,0.0005557537078857422,
C1=Cc2c(c3cccc4ccccc5cccc(c25)c43)C1,2,27,0.618421052631579,0.618421052631579,0.0004999637603759766,
C=CCc1cccc2cccc3ccc4c1cccc4c23,10,8,0.6052631578947368,0.6052631578947368,0.00047469139099121094,
C1#CC1c1cccc2cccc3c2ccc2cccc1c23,0,0,0.6052631578947368,0.6052631578947368,0.0004985332489013672,
C#Cc1cccc2cccc3c4cccc5c(ccc3c45)c12,2,43,0.6666666666666666,0.6666666666666666,0.0005795955657958984,
C1=C2CC12c1c2cccc3cccc4c5cccc(c32)c5c14,1,4,0.6103896103896104,0.6103896103896104,0.0006499290466308594,
C1=C2C1C2c1c2cccc3cccc4c5cccc(c32)c5c14,0,0,0.6025641025641025,0.6025641025641025,0.0006237030029296875,
c1cc2cccc3c4ccc3c3c4ccc(c1)c23,10,220,0.6764705882352942,0.6764705882352942,0.0004534721374511719,
c1cc2ccc3c4cccc3c2c(c1)c1ccc4-1,5,13,0.6056338028169014,0.6056338028169014,0.0004703998565673828,
Cc1c2ccccc3cccc4c1cc1c2cccc1c34,7,96,0.6266666666666667,0.6266666666666667,0.00048232078552246094,
Cc1c2c3cccc4cccc5c1c2c1c3cccc1c45,0,0,0.6052631578947368,0.6052631578947368,0.0005710124969482422,
CCC1Cc2cccc3cccc4cccc(c5cccc3c51)c24,0,6,0.6375,0.6375,0.0005857944488525391,
CCc1c(C)ccc2cc3cccc4c1cccc1cccc(c12)c34,0,0,0.6024096385542169,0.6024096385542169,0.000698089599609375,
Cc1cccc2cccc3c4c-3ccc3c4cccc3c12,0,0,0.6052631578947368,0.6052631578947368,0.0005228519439697266,
C1=C2CC12c1cccc2cccc3c2ccc2cccc1c23,13,100,0.631578947368421,0.631578947368421,0.0005252361297607422,
CCCCc1cccc2cc3cccc4c1cccc1cccc(c12)c34,1,0,0.6309523809523809,0.6309523809523809,0.000705718994140625,
CCc1cccc2c(C)c3cccc4c1cccc1cccc(c12)c34,2,3,0.6419753086419753,0.6419753086419753,0.0006816387176513672,
C1=C2C1=C2c1cccc2cccc3ccc4c1cccc4c23,6,26,0.6233766233766234,0.6233766233766234,0.0005867481231689453,
c1ccc2c3cc4c5ccc(c6cccc(c1)c65)c2c43,0,0,0.6,0.6,0.0005617141723632812,
CC(C1=CC1)c1cccc2cccc3c2ccc2cccc1c23,0,0,0.6075949367088608,0.6075949367088608,0.0005164146423339844,
c1cc2cccc3c2cccc(c1)c1cccc(=C2CC2)c13,4,41,0.6666666666666666,0.6666666666666666,0.0005860328674316406,
CCC=Cc1cccc2c1cccc1c3cccc4ccc1c3c42,0,0,0.5975609756097561,0.5975609756097561,0.0005731582641601562,
C1=C=C(c2cc3c4ccccc5cccc2c5c3ccc4)C=1,0,0,0.6025641025641025,0.6025641025641025,0.0005180835723876953,
Cc1ccc2ccccc3c(cccc13)cccc1c(C)c21,2,4,0.6103896103896104,0.6103896103896104,0.0005481243133544922,
CCCc1c2ccccc3cccc4cccc(c5cc3c15)c42,0,0,0.6,0.6,0.0006067752838134766,
c1cc2cc3cc3c3cccc4ccc2c(c1)c43,25,47,0.6056338028169014,0.6056338028169014,0.00048041343688964844,
CC(C)c1c2cccc3cccc4ccc1c1c4cccc1c32,19,169,0.6282051282051282,0.6282051282051282,0.0005764961242675781,
C1=C(c2cc3cc4cccc5cccc2c2cccc(c54)c32)C1,0,0,0.6,0.6,0.0005729198455810547,
CC1(c2cccc3cccc4c5cccc6ccc4c5c6c23)C=C1,1,2,0.625,0.625,0.0006744861602783203,
C=Cc1cccc2cc3c4cccc3c3cccc(cccc14)c23,0,1,0.6582278481012658,0.6582278481012658,0.0006084442138671875,
CC1C=C1c1cccc2cccc3c4cccc5c(ccc3c45)c12,3,14,0.6455696202531646,0.6455696202531646,0.0006577968597412109,
CCC(C)c1cccc2cccc3cccc(c4cccc2c4C)c13,2,6,0.6296296296296297,0.6296296296296297,0.0006127357482910156,
Cc1cccc2cccc3c4cccc5c(ccc3c45)c12,7,61,0.6944444444444444,0.6944444444444444,0.0005662441253662109,
CC1(C)c2c1c1cc3cccc4c2cccc2cccc(c21)c34,0,1,0.6075949367088608,0.6075949367088608,0.0006492137908935547,
CCc1c2c3ccc=3c3cccc4cccc2c4c2cccc3c12,0,0,0.5975609756097561,0.5975609756097561,0.0006647109985351562,
Cc1cccc2cccc3c4cc1c1cccc(c1c4)c23,0,0,0.6052631578947368,0.6052631578947368,0.0005190372467041016,
CCCc1c2cccc3cccc4ccc1c1c4cccc1c32,16,69,0.620253164556962,0.620253164556962,0.0005633831024169922,
C1=C(c2c3cccc4cccc5ccc2c2c5cccc2c43)CC1,2,24,0.6172839506172839,0.6172839506172839,0.0006012916564941406,
c1cc2c3cccc4c3cccc4c3c(cccc3c1)CCC2,0,1,0.6329113924050633,0.6329113924050633,0.0005996227264404297,
C=C1C=C(c2cccc3cccc4c3ccc3cccc2c34)C1,0,0,0.6075949367088608,0.6075949367088608,0.0005552768707275391,
Cc1cc2c3cccc4cccc(c5cccc(c5)c43)c12,0,0,0.6052631578947368,0.6052631578947368,0.0005447864532470703,
c1cc2cc3ccc4cccc5c3cc2c(c1)c45,20,59,0.6056338028169014,0.6056338028169014,0.00046825408935546875,
C1=C2CC1C2c1cccc2cccc3ccc4c1cccc4c23,0,0,0.6075949367088608,0.6075949367088608,0.000560760498046875,
c1ccc2c(c1)cccc1c3cccc4c2ccc1c43,9,68,0.6901408450704225,0.6901408450704225,0.0005519390106201172,
CCCc1c2cccc1c1cccc3cccc2cccc(C)c31,6,38,0.6455696202531646,0.6455696202531646,0.0005726814270019531,
CC(C1=C=C1)c1cccc2cccc3c2ccc2cccc1c23,0,0,0.6075949367088608,0.6075949367088608,0.0005283355712890625,
CC=CCc1cccc2cccc3c4cccc5c(ccc3c45)c12,0,0,0.6172839506172839,0.6172839506172839,0.0006282329559326172,
CC1C=C(c2cccc3cccc4c5cccc6c(ccc4c56)c23)C1,0,0,0.6219512195121951,0.6219512195121951,0.0006766319274902344,
c1cc2cccc3c2c2cc4cccc(c(c1)c1c2C1)c43,6,187,0.64,0.64,0.0006036758422851562,
CC12CC1c1cccc3cccc4cccc(c5cccc3c52)c14,3,14,0.6375,0.6375,0.000621795654296875,
CC(C)CCc1cccc2cc3cccc4c1cccc1cccc(c12)c34,0,0,0.6162790697674418,0.6162790697674418,0.000720977783203125,
c1ccc2ccc3c4cc5c(c1)cccc5c2c34,0,0,0.6056338028169014,0.6056338028169014,0.0004513263702392578,
CC(C)Cc1cccc2cccc3c4cccc5c(ccc3c45)c12,1,9,0.625,0.625,0.0006320476531982422,
CCC1(C)c2cccc3cccc4cccc(c5cccc3c5C1C)c24,0,0,0.6071428571428571,0.6071428571428571,0.0006330013275146484,
C1=CCC=1c1c2cccc3cccc4ccc1c1c4cccc1c32,2,17,0.6172839506172839,0.6172839506172839,0.0006070137023925781,
CC1Cc2c3cccc2c2cccc4cccc3cccc(c42)C1,5,19,0.6375,0.6375,0.0006375312805175781,
CC#Cc1c2cccc3cccc4c5cccc(c32)c5c14,0,2,0.6052631578947368,0.6052631578947368,0.0005159378051757812,
c1cc2cccc3c4cccc5c2c(c1)cc3c45,29,318,0.6764705882352942,0.6764705882352942,0.0005354881286621094,
c1ccc2cc3ccc4c(ccc5cccc(c1)c54)c23,5,44,0.6216216216216216,0.6216216216216216,0.0005004405975341797,
Cc1c2cccc1c1cccc3cccc2ccccc31,5,25,0.6486486486486487,0.6486486486486487,0.0005230903625488281,
CC=Cc1c2cccc3cccc4ccc1c1c4cccc1c32,7,61,0.620253164556962,0.620253164556962,0.0005660057067871094,
CC1(C)CCc2c3cccc2c2cccc4cccc3cccc1c42,0,0,0.6219512195121951,0.6219512195121951,0.0006580352783203125,
C1=C2CC1(c1cccc3cccc4c3ccc3cccc1c34)C2,0,0,0.6075949367088608,0.6075949367088608,0.0005776882171630859,
Cc1ccc2cc3cccc4c(cccc5cccc(c52)c34)c1C,0,0,0.625,0.625,0.0006597042083740234,
CC#Cc1c2cccc3cccc4c5cccc(c1c25)c34,0,0,0.6052631578947368,0.6052631578947368,0.0004978179931640625,
CCc1c2cccc3cccc4c5cccc(c32)c5c14,24,278,0.6301369863013698,0.6301369863013698,0.0004951953887939453,
CC1(C)C=C1c1cccc2cccc3c2ccc2cccc1c23,11,31,0.6153846153846154,0.6153846153846154,0.0005164146423339844,
Cc1cccc2cccc3c4cc5c(cccc5c23)c1c4C,1,5,0.6103896103896104,0.6103896103896104,0.0005178451538085938,
Cc1c2c(c3cc4cccc5c1cccc1cccc(c13)c45)=CC2,0,0,0.5975609756097561,0.5975609756097561,0.0006427764892578125,
Cc1ccc2ccccc3cccc4c3cccc4c2c1C,0,1,0.631578947368421,0.631578947368421,0.0005009174346923828,
C1=c2c3ccc3c3cccc4cccc(c5cccc(c35)CC1)c24,0,0,0.6097560975609756,0.6097560975609756,0.00070953369140625,
c1ccc2cc3cccc4c(c1)cccc1cccc(c12)c34,4,8,0.6363636363636364,0.6363636363636364,0.0006229877471923828,
Cc1c(C2C=C2)c2cccc3ccccc4cccc(c14)c32,3,6,0.6103896103896104,0.6103896103896104,0.0005033016204833984,
CCC1(c2c3cccc4cccc5ccc2c2c5cccc2c43)C=C1,0,0,0.6024096385542169,0.6024096385542169,0.0006351470947265625,
C1=CC1c1cccc2cccc3c4cccc5c(ccc3c45)c12,0,5,0.6623376623376623,0.6623376623376623,0.0006368160247802734,
CC1=c2c3ccc4c2cccc(cccc2cccc3c24)C1,0,0,0.6025641025641025,0.6025641025641025,0.0006110668182373047,
c1ccc2cccc3c4cc(c1)c1ccccc4c1c23,1,18,0.6666666666666666,0.6666666666666666,0.0005280971527099609,
C1=C(Cc2cccc3cccc4ccc5c2cccc5c34)C1,30,137,0.6233766233766234,0.6233766233766234,0.0005331039428710938,
CCCC(C)=c1cccc2c3cccc4cccc(c4ccc3)c12,0,0,0.6049382716049383,0.6049382716049383,0.000579833984375,
C1=C(c2cccc3cccc4c5cccc6c(ccc4c56)c23)C1,7,32,0.6623376623376623,0.6623376623376623,0.0006575584411621094,
CC=c1ccc2cc3cccc4c1cccc1cccc(c12)c34,0,8,0.6410256410256411,0.6410256410256411,0.0006098747253417969,
CCC(C)c1c2cccc1c1cccc3cccc2cccc(C)c31,0,2,0.6296296296296297,0.6296296296296297,0.0006341934204101562,
C1#CC1c1cccc2c1cccc1c3cccc4ccc1c3c42,0,6,0.620253164556962,0.620253164556962,0.0006361007690429688,
CC1C=c2cccc3cccc4c5cccc(c1c25)c34,0,0,0.6081081081081081,0.6081081081081081,0.00048160552978515625,
C1=c2cc(c3cc4cccc5c2cccc2cccc(c23)c45)CC1,0,0,0.6097560975609756,0.6097560975609756,0.0007102489471435547,
CC1C=C1c1cccc2cccc3ccc4c1cccc4c23,42,219,0.631578947368421,0.631578947368421,0.0005156993865966797,
CC1c2ccc3c4cccc(ccccc5cccc1c53)c24,0,11,0.6447368421052632,0.6447368421052632,0.0005671977996826172,
c1cc2c3c-2c2ccc(c1)c1c2ccc2c3cccc21,0,0,0.6,0.6,0.0006601810455322266,
CC1C=c2ccc(c3c4cccc5cccc(c5ccc4)c23)C1,0,0,0.6,0.6,0.0006039142608642578,
C1=C(c2c3cccc4cccc5c6cccc(c43)c6c25)CC1,0,0,0.6025641025641025,0.6025641025641025,0.0006144046783447266,
C=CCc1c2cccc3cccc4ccc1c1c4cccc1c32,4,45,0.620253164556962,0.620253164556962,0.0005681514739990234,
C=C1CC1C=c1cccc2c3cccc4cccc(c4ccc3)c12,0,0,0.625,0.625,0.00060272216796875,
Cc1c2cccc1c1c3cccc2c2c(C)cc2c1ccc3,0,2,0.6103896103896104,0.6103896103896104,0.0005698204040527344,
c1cc2ccc3c4cccc3c2c(c1)c1ccc4cc1,7,68,0.6216216216216216,0.6216216216216216,0.0005230903625488281,
CCC(C)Cc1c2cccc1c1cccc3cccc2cccc(C)c31,0,0,0.6071428571428571,0.6071428571428571,0.0006434917449951172,
c1cc2cccc3c2c2cccc4c(c1)c1cc(c42)c13,5,67,0.6216216216216216,0.6216216216216216,0.0006275177001953125,
CCC1C=C1c1cccc2cccc3ccc4c1cccc4c23,0,0,0.6,0.6,0.0005457401275634766,
CC1C=Cc2c1c1cc3cccc4c2cccc2cccc(c21)c34,2,21,0.6172839506172839,0.6172839506172839,0.0006544589996337891,
CC(C)c1c2cccc3cccc4c5ccc(c(ccc2)c15)c34,0,4,0.7162162162162162,0.7162162162162162,0.0006887912750244141,
C=C(C)c1cccc2cccc3c4cccc5c(ccc3c45)c12,3,24,0.6493506493506493,0.6493506493506493,0.0006279945373535156,
c1cc2ccc3ccc(c1)c1c3ccc3c2cccc31,5,42,0.6216216216216216,0.6216216216216216,0.0005259513854980469,
c1cc2cc3c4ccc(c1)c1c3ccc3c1ccc4c23,0,0,0.6,0.6,0.0005717277526855469,
C1=CC(Cc2cccc3cccc4ccc5c2cccc5c34)=C1,0,0,0.6,0.6,0.0005784034729003906,
C=c1ccc2ccc3cccc4c3ccc3cccc(c12)c34,0,0,0.6025641025641025,0.6025641025641025,0.0005853176116943359,
C=c1c2ccc3c4cccc5cccc(ccc4c13)c52,2,71,0.6301369863013698,0.6301369863013698,0.0005292892456054688,
C1=CC(c2c3cccc4c5cccc6cccc(c34)c6c25)=C1,10,32,0.6233766233766234,0.6233766233766234,0.0006871223449707031,
CCc1c(C)c2cccc3cccc(c4cccc5cc1c54)c32,3,16,0.6282051282051282,0.6282051282051282,0.0005884170532226562,
c1cc2ccc3ccc4c3c2c2cccc3c(c1)c4c32,0,14,0.6216216216216216,0.6216216216216216,0.0006282329559326172,
C=c1c2cccc1c1c3cccc1ccccc2C=C3,9,96,0.6301369863013698,0.6301369863013698,0.00048065185546875,
Cc1ccc2cccc3cccc4c3c(c1)c(C)c1cccc2c14,0,0,0.625,0.625,0.0006651878356933594,
CC=Cc1cccc2cccc3c4cccc5c(ccc3c45)c12,0,9,0.6410256410256411,0.6410256410256411,0.0005948543548583984,
C1=CC1Cc1c2cccc3cccc4c5cccc(c32)c5c14,11,80,0.6233766233766234,0.6233766233766234,0.0006105899810791016,
C1=C2C1C2c1cc2c3ccccc4cccc1c4c2ccc3,0,0,0.6025641025641025,0.6025641025641025,0.0005321502685546875,
CCc1cccc2cc3cccc4c1cccc1cccc(c12)c34,4,14,0.6794871794871795,0.6794871794871795,0.0006551742553710938,
CCCCc1c2cccc1c1cccc3cccc2cccc(CC)c31,0,0,0.6,0.6,0.0006456375122070312,
CCc1ccc2c3cccc(ccccc4cccc(CC)c42)c13,0,0,0.6049382716049383,0.6049382716049383,0.0005464553833007812,
c1cc2ccc3cc(c3)c3cccc4c3ccc(c1)c24,1,1,0.6081081081081081,0.6081081081081081,0.000518798828125,
CCCc1c2cccc1c1cccc3cccc2cccc(CC)c31,0,1,0.6219512195121951,0.6219512195121951,0.0006060600280761719,
c1cc2cccc3c2c2ccc4c3c3ccc(c1)c4c23,0,0,0.6,0.6,0.0005695819854736328,
CC(C)CC=c1cccc2c3cccc4cccc(c4ccc3)c12,0,0,0.6049382716049383,0.6049382716049383,0.0005865097045898438,
CC(C)c1cccc2c1cccc1c3cccc4ccc1c3c42,3,47,0.6282051282051282,0.6282051282051282,0.0005950927734375,
Cc1cc2c3cccc4cccc5ccc6c(ccc(c12)c36)c45,0,0,0.6,0.6,0.0006213188171386719,
Cc1=c(C)-c2cccc3cccc4cccc(c5cccc3c5-1)c24,2,1,0.6455696202531646,0.6455696202531646,0.0006525516510009766,
Cc1cc2ccc3c4ccc5cccc(c1cccc24)c53,0,0,0.6052631578947368,0.6052631578947368,0.0006222724914550781,
CC1c2cccc3cccc4c(cc2)cc2c1cccc2c34,0,0,0.6025641025641025,0.6025641025641025,0.0005421638488769531,
CC1(C)CC1=c1cccc2c3cccc4cccc(c4ccc3)c12,1,13,0.6329113924050633,0.6329113924050633,0.0006000995635986328,
Cc1c2ccccc3cccc4cccc(c42)c2c1cccc32,4,16,0.7066666666666667,0.7066666666666667,0.0005886554718017578,
CCC1=CC1c1cccc2cccc3ccc4c1cccc4c23,0,0,0.6,0.6,0.0005359649658203125,
C1#CC1Cc1cccc2cccc3c4cccc5c(ccc3c45)c12,0,3,0.6172839506172839,0.6172839506172839,0.0006735324859619141,
C#Cc1cccc2cccc3c4cccc5ccc3c4c5c12,1,26,0.6447368421052632,0.6447368421052632,0.0005917549133300781,
C1=C(Cc2cccc3ccccc4cccc5c4cccc5c23)C1,0,0,0.6172839506172839,0.6172839506172839,0.0005946159362792969,
C#CCc1c2cccc3cccc4c5cccc(c1c25)c34,0,0,0.6052631578947368,0.6052631578947368,0.0005307197570800781,
Cc1c2ccccc3cccc4cccc(c5cc3c15)c42,4,78,0.6486486486486487,0.6486486486486487,0.0005521774291992188,
CC1C=C1c1cccc2c1cccc1c3cccc4ccc1c3c42,0,1,0.625,0.625,0.0006377696990966797,
C=c1c(CC)cccc2cccc3ccc4c1cccc4c23,2,11,0.6103896103896104,0.6103896103896104,0.00047278404235839844,
CC1=C=C1c1cccc2c1cccc1c3cccc4ccc1c3c42,0,0,0.6049382716049383,0.6049382716049383,0.0006272792816162109,
C1=CC1c1c2cccc3cccc4ccc1c1c4cccc1c32,22,152,0.6410256410256411,0.6410256410256411,0.0006160736083984375,
CCc1c2c3cccc4ccc2c2cccc(ccc3)c2c14,3,28,0.6233766233766234,0.6233766233766234,0.0006549358367919922,
CCC1=Cc2cccc3cccc4cccc(c5cccc3c5C1)c24,0,0,0.6144578313253012,0.6144578313253012,0.0006091594696044922,
CC(C1=CC1)c1cccc2cccc3ccc4c1cccc4c23,0,0,0.6075949367088608,0.6075949367088608,0.0005326271057128906,
c1ccc2cccc3ccc4c(c1)cccc4c23,51,328,0.6521739130434783,0.6521739130434783,0.0004329681396484375,
Cc1c2cc2c2cccc3cccc4ccc5c(ccc1c25)c34,0,0,0.6,0.6,0.0006074905395507812,
Cc1ccc2cc1c1cccc3ccc4c2cccc4c31,0,0,0.6052631578947368,0.6052631578947368,0.0004987716674804688,
CC1C=C1c1c2cccc3cccc4c5cccc(c32)c5c14,3,10,0.6103896103896104,0.6103896103896104,0.0006544589996337891,
c1cc2c3cccc4c3cc(c3cccc(c1)c34)C2,0,0,0.6027397260273972,0.6027397260273972,0.00048732757568359375,
CC1C2=CC21c1cccc2cccc3ccc4c1cccc4c23,0,0,0.6075949367088608,0.6075949367088608,0.0005404949188232422,
C1=C(c2cccc3cccc4c3ccc3cccc2c34)C12CC2,0,0,0.6,0.6,0.0005788803100585938,
C=c1c2cccc3cccc4c3cc1c1cccc2c14,0,0,0.6081081081081081,0.6081081081081081,0.0005631446838378906,
C#Cc1cccc2cccc3c2ccc2cccc1c23,34,250,0.6301369863013698,0.6301369863013698,0.000453948974609375,
C1=CC=1c1c2cccc3cccc4ccc1c1c4cccc1c32,17,147,0.6410256410256411,0.6410256410256411,0.0006015300750732422,
C=Cc1cccc2cccc3cccc(c4cccc2c4CC)c13,0,18,0.6455696202531646,0.6455696202531646,0.0005817413330078125,
C#CCCc1c2cccc3cccc4ccc1c1c4cccc1c32,0,0,0.5975609756097561,0.5975609756097561,0.0006093978881835938,
CC1=c2c(cccc3cccc4ccc5c2cccc5c34)C1,0,0,0.6025641025641025,0.6025641025641025,0.0004851818084716797,
C=C1CC1c1cccc2cccc3c2ccc2cccc1c23,0,1,0.6103896103896104,0.6103896103896104,0.0005435943603515625,
c1cc2cccc3c4ccc4c(c1)c2c1ccc2c3c12,0,0,0.6,0.6,0.0005545616149902344,
CC=c1c2cccc3cccc4cc1c1c2cccc1c34,0,0,0.6052631578947368,0.6052631578947368,0.0005071163177490234,
Cc1cc2c3ccc4cccc(cccc5ccc1c53)c42,0,0,0.6052631578947368,0.6052631578947368,0.0005671977996826172,
Cc1c2c3ccc=3c3cccc4cccc2c4c2cccc3c12,1,4,0.620253164556962,0.620253164556962,0.0006504058837890625,
C#Cc1cccc2c1cccc1c3cccc4ccc1c3c42,2,52,0.6447368421052632,0.6447368421052632,0.0005779266357421875,
C1=CCc2cccc3cccc4ccc5c(cccc5c34)c2=1,2,9,0.6153846153846154,0.6153846153846154,0.0005004405975341797,
C1=Cc2cccc3cccc4cccc(c5cccc3c5C1)c24,4,16,0.6538461538461539,0.6538461538461539,0.0006232261657714844,
Cc1ccc2c(C)c1c1ccccc3c(ccc1)cccc23,0,1,0.6103896103896104,0.6103896103896104,0.0005590915679931641,
C1=CC12c1cccc3cccc4c2cc2c1cccc2c34,0,1,0.6052631578947368,0.6052631578947368,0.0005488395690917969,
CC1=CC1c1cccc2cccc3ccc4c1cccc4c23,39,231,0.631578947368421,0.631578947368421,0.0005173683166503906,
Cc1=c-c2cccc3cccc4cccc(c5cccc3c5-1)c24,7,24,0.6623376623376623,0.6623376623376623,0.0006117820739746094,
C=C1C=C1c1cccc2cccc3ccc4c1cccc4c23,8,40,0.631578947368421,0.631578947368421,0.0005710124969482422,
CC1Cc2c3cccc2c2cccc4cccc3cccc(c42)C1C,0,0,0.6219512195121951,0.6219512195121951,0.0006461143493652344,
CC1=CC1Cc1c2cccc3cccc4ccc1c1c4cccc1c32,0,0,0.6024096385542169,0.6024096385542169,0.0006377696990966797,
CC1=CC1Cc1cccc2cccc3ccc4c1cccc4c23,4,2,0.6075949367088608,0.6075949367088608,0.0005438327789306641,
c1cc(C2CC2)c2cccc3ccc4c(c1)cccc4c32,0,0,0.6052631578947368,0.6052631578947368,0.0005178451538085938,
CC1C=C1Cc1cccc2cccc3ccc4c1cccc4c23,0,0,0.6075949367088608,0.6075949367088608,0.0005457401275634766,
CC1CC=C1c1cccc2cccc3c2ccc2cccc1c23,0,0,0.6,0.6,0.0005128383636474609,
C1=C(Cc2cccc3cccc4ccc5c2cccc5c34)CC1,0,0,0.6,0.6,0.00054168701171875,
CC#CCc1c2cccc3cccc4ccc1c1c4cccc1c32,0,0,0.5975609756097561,0.5975609756097561,0.0006139278411865234,
Cc1c2cc3ccccc4cccc2c4c2cccc3c12,5,100,0.6486486486486487,0.6486486486486487,0.0004911422729492188,
CC1=CCc2cccc3cccc4cccc(c5cccc3c5C1)c24,0,0,0.6144578313253012,0.6144578313253012,0.0006172657012939453,
CCCc1cccc2cccc3c4cccc5ccc3c4c5c12,4,36,0.620253164556962,0.620253164556962,0.0005662441253662109,
CCc1c2cccc1c1cccc3cccc2ccccc31,4,10,0.6233766233766234,0.6233766233766234,0.0005500316619873047,
c1cc2cccc3c4cccc5cc(c6ccc6c(c1)c54)c23,5,14,0.75,0.75,0.0007534027099609375,
CCc1cccc2c1cccc1c3cccc4ccc1c3c42,9,116,0.6447368421052632,0.6447368421052632,0.0005304813385009766,
C=c1ccc2c(C)c3cccc4c1cccc1cccc(c12)c34,0,1,0.6282051282051282,0.6282051282051282,0.0006194114685058594,
C1#CC1c1cccc2cccc3ccc4c1cccc4c23,0,0,0.6052631578947368,0.6052631578947368,0.0005140304565429688,
Cc1cccc2cccc3cccc(c4cccc2c4CC(C)C)c13,0,0,0.6296296296296297,0.6296296296296297,0.0006067752838134766,
C1=C(c2cc3c4ccccc5cccc2c5c3ccc4)CC1,0,0,0.6025641025641025,0.6025641025641025,0.0005176067352294922,
c1cc2cccc3c2c2ccc(c1)c1c4ccc(c24)c31,0,0,0.6,0.6,0.0005609989166259766,
C#Cc1cccc2cccc(C)c3cccc4c3cccc4c12,1,1,0.6493506493506493,0.6493506493506493,0.0005185604095458984,
C1=Cc2cc3cccc4c1cccc1cccc(c21)c34,25,169,0.6666666666666666,0.6666666666666666,0.00052642822265625,
C=c1c2c3ccc(c4cccc5ccc6c3cccc6c54)c12,0,0,0.6025641025641025,0.6025641025641025,0.0005800724029541016,
C1=C2CC1=C2c1cccc2cccc3c2ccc2cccc1c23,0,0,0.6075949367088608,0.6075949367088608,0.0006098747253417969,
c1cc2c3cccc4cc5c(c1)c2c1cccc4c1c35,0,0,0.6,0.6,0.0006339550018310547,
C=c1cccc2cccc3c4cccc(c(C)c14)c23,0,22,0.6197183098591549,0.6197183098591549,0.0004661083221435547,
CC1=CC1c1c2cccc3cccc4ccc1c1c4cccc1c32,23,118,0.625,0.625,0.0006072521209716797,
CC1=CC1c1cccc2cccc3c2ccc2cccc1c23,28,203,0.631578947368421,0.631578947368421,0.0004940032958984375,
c1cc(C2CCC2)c2c(c1)cccc1c3cccc4c2ccc1c34,0,0,0.6172839506172839,0.6172839506172839,0.0006692409515380859,
Cc1cc2cc3cccc4cccc1c1cccc(c43)c21,16,185,0.6266666666666667,0.6266666666666667,0.0005145072937011719,
CCCc1cccc2c(C)c3cccc4c1cccc1cccc(c12)c34,0,0,0.6190476190476191,0.6190476190476191,0.0006921291351318359,
C1=C2C1C2c1cccc2cccc3ccc4c1cccc4c23,13,88,0.6233766233766234,0.6233766233766234,0.0005486011505126953,
C=CCc1cccc2c1cccc1c3cccc4ccc1c3c42,0,12,0.620253164556962,0.620253164556962,0.0005831718444824219,
C1=c2c3ccc4c(c3c3cccc5cccc4cccc2c53)C1,1,1,0.6329113924050633,0.6329113924050633,0.0007152557373046875,
CCc1c(C)c2cc3cccc(c4cccc5cccc1c54)c32,0,6,0.6282051282051282,0.6282051282051282,0.0005943775177001953,
CC=CCc1c2cccc3cccc4ccc1c1c4cccc1c32,0,0,0.5975609756097561,0.5975609756097561,0.0005960464477539062,
C=CCCc1cccc2cccc3c4cccc5ccc3c4c5c12,0,0,0.5975609756097561,0.5975609756097561,0.0006289482116699219,
c1cc2ccc3ccc(c1)c2c1ccc2c3c3cccc1c32,1,4,0.6363636363636364,0.6363636363636364,0.0006804466247558594,
CC1=Cc2cccc3cccc4cccc(c5cccc3c5C1)c24,5,11,0.6375,0.6375,0.0005936622619628906,
CCc1c2cccc3c4cccc5cccc(c23)c5c14,0,1,0.6081081081081081,0.6081081081081081,0.0005280971527099609,
Cc1cc2c(C)c3cccc(c4cccc5cccc1c54)c32,0,1,0.6103896103896104,0.6103896103896104,0.0005652904510498047,
c1cc2cccc3c2c2cc4cc4c(c1)c1cccc(c2)c13,3,17,0.6363636363636364,0.6363636363636364,0.0006721019744873047,
Cc1cccc2cccc(C)c2c2cccc3c1cccc32,6,23,0.6756756756756757,0.6756756756756757,0.0004923343658447266,
C=C(C)c1cccc2cccc3c2ccc2cccc1c23,6,35,0.6133333333333333,0.6133333333333333,0.00047516822814941406,
Cc1c2c3cccc4ccc2c2cccc(ccc3)c2c14,7,79,0.6486486486486487,0.6486486486486487,0.0005817413330078125,
CC=Cc1cccc2cccc3ccc4c1cccc4c23,0,0,0.6052631578947368,0.6052631578947368,0.00047516822814941406,
C1=C(c2cccc3cccc4ccc5c2cccc5c34)CC1,21,141,0.6233766233766234,0.6233766233766234,0.0005214214324951172,
C1=C(c2cccc3cccc4c3ccc3cccc2c34)C1,26,250,0.6486486486486487,0.6486486486486487,0.0005054473876953125,
CC=Cc1cccc2c1cccc1c3cccc4ccc1c3c42,8,26,0.620253164556962,0.620253164556962,0.0005507469177246094,
CC=Cc1cccc2cccc3cccc(c4cccc2c4CC)c13,0,0,0.6219512195121951,0.6219512195121951,0.0006117820739746094,
C1=Cc2c(c3cccc4cccc5c4c2cc2cccc3c25)CC1,0,0,0.6097560975609756,0.6097560975609756,0.0006682872772216797,
C#CC=c1ccccc2cccc3ccc4c1cccc4c23,0,0,0.6025641025641025,0.6025641025641025,0.0005145072937011719,
C=C(CC)c1cccc2cccc3c4cccc5c(ccc3c45)c12,1,3,0.625,0.625,0.0006306171417236328,
CCC(C)c1cccc2cccc3c4cccc5ccc3c4c5c12,0,0,0.6049382716049383,0.6049382716049383,0.0006489753723144531,
CC1(C)Cc2c3cccc2c2cccc4cccc3cccc(c42)C1,0,0,0.6219512195121951,0.6219512195121951,0.0006251335144042969,
CCc1c2cc3ccccc4cccc2c4c2cccc3c12,1,22,0.6233766233766234,0.6233766233766234,0.0005559921264648438,
c1cc2ccc3ccc2c2ccc4cccc(c1)c4c32,0,0,0.6,0.6,0.0005257129669189453,
Cc1cccc2ccccc3cccc4c3cccc4c12,4,39,0.6712328767123288,0.6712328767123288,0.0004901885986328125,
c1cc2cc3c4c5cccc2c5c2cccc(c1)c2c34,0,0,0.6,0.6,0.0005955696105957031,
CC1(c2c3cccc4cccc5ccc2c2c5cccc2c43)C=C1,10,83,0.625,0.625,0.0006012916564941406,
CCCc1c2cccc3cccc4c5cccc(c1c25)c34,0,0,0.6052631578947368,0.6052631578947368,0.0005235671997070312,
CC1CC(C)C1=c1cccc2c3cccc4cccc(c4ccc3)c12,0,0,0.6024096385542169,0.6024096385542169,0.0006449222564697266,
Cc1ccc2c3ccccc3ccccc3cccc2c13,0,0,0.6052631578947368,0.6052631578947368,0.0004677772521972656,
CCc1cccc2cccc3c2ccc2cccc1c23,29,270,0.6301369863013698,0.6301369863013698,0.00045108795166015625,
CCc1=c(C)-c2c3cccc2c2cccc4cccc3cccc-1c42,0,0,0.6219512195121951,0.6219512195121951,0.0006651878356933594,
CCc1c2cccc3c4cccc5cccc(ccc1c23)c54,1,1,0.6891891891891891,0.6891891891891891,0.0005652904510498047,
CC(C)c1cccc2ccccc3cccc4c3cccc4c12,0,0,0.6282051282051282,0.6282051282051282,0.0005216598510742188,
Cc1c2cccc1c1cccc3cccc2cccc(C2(C)CC2)c31,0,0,0.6296296296296297,0.6296296296296297,0.0006401538848876953,
Cc1cccc2cccc3cccc4c5cc2c5cc1c34,0,0,0.6052631578947368,0.6052631578947368,0.0005741119384765625,
c1cc2cccc3ccc4c(ccc5ccc(c1)c54)c23,1,5,0.6216216216216216,0.6216216216216216,0.0005486011505126953,
C=CCc1cccc2cccc3cccc(c4cccc2c4C)c13,1,13,0.6455696202531646,0.6455696202531646,0.0005848407745361328,
c1cc2cccc3c4c5cccc4c(c1)c1ccc1c(c5)c23,21,190,0.7027027027027027,0.7027027027027027,0.0006859302520751953,
c1cc2c3cc4c5cccc(cc6ccc2c64)c5c3c1,0,0,0.6,0.6,0.0006103515625,
Cc1ccc2c3c(cccc13)C=CC=C1Cc3c1cccc3-2,0,0,0.6025641025641025,0.6025641025641025,0.0005474090576171875,
C=Cc1c2cccc3cccc4c5cccc(c32)c5c14,14,228,0.6301369863013698,0.6301369863013698,0.0004913806915283203,
CCCc1c2cccc3cccc4c5cccc(c32)c5c14,9,13,0.6052631578947368,0.6052631578947368,0.0005207061767578125,
C1=Cc2c(c3cc4cccc5c2cccc2cccc(c23)c45)C1,9,81,0.6329113924050633,0.6329113924050633,0.000652313232421875,
C1=C2C1C2Cc1cccc2cccc3c2ccc2cccc1c23,0,0,0.6,0.6,0.0005476474761962891,
C1=CC=1c1c2cccc3c4cccc5cccc(c23)c5c14,0,0,0.6052631578947368,0.6052631578947368,0.0006220340728759766,
C#CCc1cccc2cccc3c4cccc5c(ccc3c45)c12,3,34,0.6410256410256411,0.6410256410256411,0.0006301403045654297,
CC=c1c(C)cccc2cccc3ccc4c1cccc4c23,2,10,0.6103896103896104,0.6103896103896104,0.0004749298095703125,
CCC1(c2c3cccc4cccc5c6cccc(c43)c6c25)C=C1,0,0,0.6075949367088608,0.6075949367088608,0.0006768703460693359,
CCCc1c2cc3ccccc4cccc2c4c2cccc3c12,0,0,0.6,0.6,0.0005576610565185547,
Cc1c2cccc3c4cccc5cccc(c52)c2c1c4c32,0,0,0.6052631578947368,0.6052631578947368,0.0007011890411376953,
CC1=Cc2c1c1c3ccccc4cccc2c4c1ccc3,0,0,0.6052631578947368,0.6052631578947368,0.0005030632019042969,
C=C1C(=c2cccc3c4cccc5cccc(c5ccc4)c23)C1C,1,0,0.6329113924050633,0.6329113924050633,0.0005915164947509766,
C1=C(CCc2cccc3cccc4c3ccc3cccc2c34)C1,0,0,0.6,0.6,0.0005340576171875,
Cc1c2cc3cccc4cccc5c6c(cccc36)cc(c12)c45,0,0,0.6,0.6,0.0007112026214599609,
CCCCc1c2cccc1c1cccc3cccc2cccc(C)c31,1,2,0.6219512195121951,0.6219512195121951,0.0006184577941894531,
C1=C2c3c(c4cccc5cccc6c5c3cc3cccc4c36)C12,0,6,0.6125,0.6125,0.0006749629974365234,
c1cc(C2=C3CC32)c2cccc3ccc4c(c1)cccc4c32,0,0,0.6025641025641025,0.6025641025641025,0.0005583763122558594,
Cc1cccc2cccc3c2ccc(C)c3c2ccccc12,0,0,0.6103896103896104,0.6103896103896104,0.0004892349243164062,
c1cc2cccc3c2c2cc4c(c1)c1cccc(c13)c42,2,34,0.6216216216216216,0.6216216216216216,0.0006453990936279297,
c1cc2ccc3c(C4CCC4)c4cccc(c1)c4c1cccc2c31,0,0,0.5975609756097561,0.5975609756097561,0.0006322860717773438,
C#Cc1cc2c3ccccc3cccc3c4cccc2c4c13,0,0,0.6025641025641025,0.6025641025641025,0.0005471706390380859,
C1=CC=1CCc1cccc2cccc3c2ccc2cccc1c23,0,0,0.6,0.6,0.0005171298980712891,
Cc1cccc2c3cccc1c1cccc(c1C)c2ccc3,0,0,0.6103896103896104,0.6103896103896104,0.000553131103515625,
CCC(C)(C)c1cccc2cccc3cccc(c4cccc2c4C)c13,0,0,0.6144578313253012,0.6144578313253012,0.0006375312805175781,
C=C1C=C(C)c2cccc3cccc4c3c1cc1cccc2c14,0,0,0.6282051282051282,0.6282051282051282,0.0006124973297119141,
C1=C(Cc2cccc3cccc4c5cccc6c(ccc4c56)c23)C1,3,11,0.6375,0.6375,0.0006661415100097656,
c1ccc2cccc3c2c2ccc(c4c(c1)cccc24)CC3,0,0,0.6363636363636364,0.6363636363636364,0.0005609989166259766,
Cc1cccc2cc3c(C)ccc4c1cccc1cccc(c12)c34,0,0,0.6049382716049383,0.6049382716049383,0.0006594657897949219,
c1cc2ccc3c(c1)c1cccc4c5ccc5c2c3c41,0,0,0.6216216216216216,0.6216216216216216,0.0006606578826904297,
c1cc2cccc3c4cc5c(c1)c1cccc(c23)c1c54,7,125,0.6438356164383562,0.6438356164383562,0.0005710124969482422,
Cc1c2c(C)c1c1cc3cccc4c2cccc2cccc(c21)c34,0,0,0.6049382716049383,0.6049382716049383,0.0007884502410888672,
CCC1c2c1c1cc3cccc4c2cccc2cccc(c21)c34,0,0,0.6,0.6,0.0006253719329833984,
CC1=CC(c2cccc3cccc4c3ccc3cccc2c34)C1,0,1,0.6075949367088608,0.6075949367088608,0.0005285739898681641,
C1=CC12C=C2c1cccc2cccc3c2ccc2cccc1c23,0,0,0.6,0.6,0.0005681514739990234,
CC=CCc1cccc2cccc3cccc(c4cccc2c4C)c13,0,0,0.6219512195121951,0.6219512195121951,0.0006120204925537109,
Cc1cccc2cccc3cccc(c4cccc2c4C2(C)CC2)c13,0,0,0.6296296296296297,0.6296296296296297,0.0006296634674072266,
C1#CC(c2cccc3cccc4ccc5c2cccc5c34)=C1,14,79,0.6233766233766234,0.6233766233766234,0.0005204677581787109,
CC=c1c2cccc3cccc4c1cc1c2cccc1c34,0,0,0.6052631578947368,0.6052631578947368,0.0005269050598144531,
C1=C2C1C2Cc1cccc2cccc3ccc4c1cccc4c23,0,0,0.6,0.6,0.0005533695220947266,
CCc1cccc2cccc3cccc(c4cccc2c4C)c13,5,42,0.6710526315789473,0.6710526315789473,0.0005540847778320312,
CC1(c2c3cccc4cccc5ccc2c2c5cccc2c43)C=CC1,0,0,0.6024096385542169,0.6024096385542169,0.0006165504455566406,
CC(=C1C=C1)c1cccc2cccc3c2ccc2cccc1c23,0,0,0.6075949367088608,0.6075949367088608,0.0005707740783691406,
c1cc2ccc3ccc4ccc5c2cccc5c4c3c1,8,84,0.6216216216216216,0.6216216216216216,0.0005211830139160156,
c1cc2c3ccc4cccc(c5ccc2c2c6c5c26)c4c3c1,0,0,0.6025641025641025,0.6025641025641025,0.0008761882781982422,
CC1(c2cccc3cccc4ccc5c2cccc5c34)C=C1,27,35,0.6103896103896104,0.6103896103896104,0.0005388259887695312,
CC1Cc2c3cccc2c2cccc4cccc3cccc1c42,1,30,0.6623376623376623,0.6623376623376623,0.0005741119384765625,
CC1C(=c2cccc3c4cccc5cccc(c5ccc4)c23)C1(C)C,0,0,0.6172839506172839,0.6172839506172839,0.0006241798400878906,
C1=CC=1CCc1cccc2cccc3ccc4c1cccc4c23,0,0,0.6,0.6,0.0005280971527099609,
C1#CC1=c1cccc2c3cccc4cccc(c4ccc3)c12,0,2,0.6666666666666666,0.6666666666666666,0.0005660057067871094,
CC1=CCc2c1c1cc3cccc4c2cccc2cccc(c21)c34,0,0,0.5975609756097561,0.5975609756097561,0.0007104873657226562,
CC=Cc1c2cccc3cccc4c5cccc(c32)c5c14,0,0,0.6052631578947368,0.6052631578947368,0.0005390644073486328,
c1cc2c3c-2c2cc4c3cccc4c3c(c1)cccc23,6,144,0.6438356164383562,0.6438356164383562,0.0005800724029541016,
C1=c2cc(c3cc4cccc5c2cccc2cccc(c23)c45)C1,4,22,0.6329113924050633,0.6329113924050633,0.0006933212280273438,
c1cc(C2=C3CC32)c2cccc3c2ccc2cccc(c1)c23,0,0,0.6025641025641025,0.6025641025641025,0.000560760498046875,
CCCc1cccc2cc3cccc4c1cccc1cccc(c12)c34,4,7,0.654320987654321,0.654320987654321,0.0006773471832275391,
c1cc2cccc3c2c2cc4cccc(c(c1)c1c2CC1)c43,4,49,0.6153846153846154,0.6153846153846154,0.0006270408630371094,
CC1=CCC1c1cccc2cccc3c2ccc2cccc1c23,0,0,0.6,0.6,0.0005161762237548828,
CC1=CC1c1cc2c3ccccc4cccc1c4c2ccc3,4,11,0.6103896103896104,0.6103896103896104,0.000514984130859375,
Cc1cc2c3c4cccc5cccc(c5c1ccc4)c2c1cc13,0,0,0.620253164556962,0.620253164556962,0.0007188320159912109,
c1cc(C23C4=C2C43)c2cccc3ccc4c(c1)cccc4c32,1,4,0.6103896103896104,0.6103896103896104,0.0005514621734619141,
c1cc2cccc3c4cccc5c4c3cc3ccc(c1)c2c35,2,10,0.68,0.68,0.0006585121154785156,
c1cc2cccc3c4ccc4c4c5ccc(c5c1)c4c23,0,50,0.6216216216216216,0.6216216216216216,0.0005438327789306641,
Cc1cc2cccc3ccc1c1ccc4c2cccc4c31,0,0,0.6052631578947368,0.6052631578947368,0.000499725341796875,
C1=Cc2cccc3cccc4c3c3cc5c2c(c3=C1)c54,1,40,0.6666666666666666,0.6666666666666666,0.000804901123046875,
CC1=CC1c1c2cccc3cccc4c5cccc(c32)c5c14,1,5,0.6103896103896104,0.6103896103896104,0.0006268024444580078,
C=c1c2cccc3cccc4c1cc1c2cccc1c34,5,79,0.6301369863013698,0.6301369863013698,0.0005168914794921875,
CC(C)c1c2cccc3cccc4c5cccc(c32)c5c14,18,67,0.6133333333333333,0.6133333333333333,0.0005195140838623047,
Cc1cc2cc3cccc4c1cccc1cccc(c12)c34,8,157,0.6266666666666667,0.6266666666666667,0.0005526542663574219,
CC(C1=CC1)c1c2cccc3cccc4ccc1c1c4cccc1c32,0,0,0.6024096385542169,0.6024096385542169,0.0006253719329833984,
CC(C)c1c2c3cccc4ccc2c2cccc(ccc3)c2c14,0,0,0.6075949367088608,0.6075949367088608,0.0006875991821289062,
C(=C1CC1)=c1cccc2c3cccc4cccc(c4ccc3)c12,1,6,0.6410256410256411,0.6410256410256411,0.000579833984375,
C=Cc1cccc2c1cccc1c3cccc4ccc1c3c42,14,84,0.6447368421052632,0.6447368421052632,0.0005421638488769531,
CCc1c2cc2c2cc3cccc4c1cccc1cccc(c34)c12,0,0,0.5975609756097561,0.5975609756097561,0.0007448196411132812,
C1=CC(c2cccc3cccc4ccc5c2cccc5c34)C=1,0,0,0.6025641025641025,0.6025641025641025,0.0005152225494384766,
c1cc2cc3c4c5cccc(c1)c5c1cccc2c1c34,0,0,0.6216216216216216,0.6216216216216216,0.0006167888641357422,
c1cc2cccc3cccc4c5ccc(c1)c(cc25)c34,8,100,0.6901408450704225,0.6901408450704225,0.0005841255187988281,
C=c1c(C)cccc2cccc3ccc4c1cccc4c23,14,162,0.6351351351351351,0.6351351351351351,0.00045013427734375,
C1#Cc2ccc(c3cccc4cccc5c4c2cc2cccc3c25)C1,0,0,0.6265060240963856,0.6265060240963856,0.0007276535034179688,
CC1C2c3cccc4cccc5cccc(c6cccc4c6C12C)c35,0,0,0.6219512195121951,0.6219512195121951,0.0006237030029296875,
C=C1Cc2ccc1c1cc3cccc4c2cccc2cccc(c21)c34,0,0,0.6341463414634146,0.6341463414634146,0.000759124755859375,
c1cc2cccc3c2c2cc4cccc(c(c1)c1cc2c1)c43,5,56,0.6666666666666666,0.6666666666666666,0.0007655620574951172,
Cc1c2cccc3c4cccc5cccc(c6ccc6c1c54)c23,0,1,0.6623376623376623,0.6623376623376623,0.0007281303405761719,
C=Cc1cccc2cccc3cccc4c5cccc2c5c(C)c1c34,1,2,0.6625,0.6625,0.0006685256958007812,
Cc1cc2ccc1c1cccc3ccc4c2cccc4c31,0,0,0.6052631578947368,0.6052631578947368,0.0005178451538085938,
CCC(C)=c1cccc2c3cccc4cccc(c4ccc3)c12,3,23,0.6282051282051282,0.6282051282051282,0.0005426406860351562,
C1=C(Cc2cccc3cccc4c3ccc3cccc2c34)C1,20,112,0.6233766233766234,0.6233766233766234,0.0005123615264892578,
Cc1c#cc2cccc3cccc4ccc5c(cccc5c34)c12,0,6,0.620253164556962,0.620253164556962,0.0005962848663330078,
Cc1cccc2ccccc3cccc4c(ccc(C(C)C)c34)c12,0,0,0.6125,0.6125,0.0005633831024169922,
C=Cc1cc2c3cc4cccc5c(cccc6cccc(c45)c63)c12,5,23,0.6172839506172839,0.6172839506172839,0.0007236003875732422,
C1=CCC=1c1cccc2cccc3c2ccc2cccc1c23,38,155,0.6233766233766234,0.6233766233766234,0.0004937648773193359,
CC1CC1=C=c1cccc2c3cccc4cccc(c4ccc3)c12,0,0,0.625,0.625,0.0005979537963867188,
C1=CC=1c1cccc2cccc3c2ccc2cccc1c23,34,259,0.6486486486486487,0.6486486486486487,0.0004820823669433594,
Cc1c2cc3ccc4c5ccc6cccc(cccc(c12)c35)c64,0,0,0.6,0.6,0.0006124973297119141,
CCCCc1cccc2cccc3c4cccc5c(ccc3c45)c12,0,3,0.6172839506172839,0.6172839506172839,0.0006282329559326172,
CC(C)c1cccc2cccc3c4cccc5c(ccc3c45)c12,5,43,0.6493506493506493,0.6493506493506493,0.0005972385406494141,
Cc1c2cc1c1cc3cccc4c2cccc2cccc(c21)c34,1,26,0.620253164556962,0.620253164556962,0.0007288455963134766,
C=Cc1ccc2c3cccc4c5ccccc(cc43)c2c1ccc5,0,0,0.5975609756097561,0.5975609756097561,0.0006685256958007812,
CC1=CC1c1cccc2c1cccc1c3cccc4ccc1c3c42,0,0,0.625,0.625,0.0006287097930908203,
C#Cc1cc2c3ccccc4cccc1c4c2ccc3,8,12,0.6081081081081081,0.6081081081081081,0.00045371055603027344,
C1=C2c3c(c4cc5cccc6c3cccc3cccc(c34)c56)C12,0,6,0.6125,0.6125,0.0006909370422363281,
CC1=CC1(C)c1c2cccc3cccc4ccc1c1c4cccc1c32,0,0,0.6097560975609756,0.6097560975609756,0.0006268024444580078,
CC1C=C=C1c1cccc2cccc3c2ccc2cccc1c23,0,0,0.6,0.6,0.0005173683166503906,
CC1=C(c2cccc3cccc4c3ccc3cccc2c34)C1,2,17,0.6103896103896104,0.6103896103896104,0.0005006790161132812,
CCc1cc2cccc3cccc4c3c1cc1cccc2c14,0,0,0.6025641025641025,0.6025641025641025,0.0005612373352050781,
C1#CC(Cc2cccc3cccc4c3ccc3cccc2c34)=C1,0,0,0.6,0.6,0.0005297660827636719,
C1=C(c2cccc3cccc4ccc5c2cccc5c34)C1,35,237,0.6486486486486487,0.6486486486486487,0.0005033016204833984,
CC=CC(C)=c1cccc2c3cccc4cccc(c4ccc3)c12,0,0,0.6049382716049383,0.6049382716049383,0.0006017684936523438,
CC1(c2cccc3cccc4ccc5c2cccc5c34)C2=CC21,1,0,0.6075949367088608,0.6075949367088608,0.0005464553833007812,
c1cc2cc3c(c4cccc3c3c(c1)cccc43)CC2,0,0,0.6,0.6,0.0004909038543701172,
C=Cc1cc2c3ccccc4cccc1c4c2ccc3,0,2,0.6081081081081081,0.6081081081081081,0.000461578369140625,
C=Cc1cc2c3ccccc3cccc3c4cccc2c4c13,0,0,0.6025641025641025,0.6025641025641025,0.0005567073822021484,
C1=C2C(C1)C2c1cccc2cccc3ccc4c1cccc4c23,0,0,0.6,0.6,0.0005481243133544922,
C1=CC1CCc1cccc2cccc3c4cccc5c(ccc3c45)c12,0,0,0.6144578313253012,0.6144578313253012,0.0007009506225585938,
CC=C=c1ccccc2cccc3ccc4c1cccc4c23,0,0,0.6025641025641025,0.6025641025641025,0.0004794597625732422,
CC1CCC1=c1cccc2c3cccc4cccc(c4ccc3)c12,0,0,0.6172839506172839,0.6172839506172839,0.0005946159362792969,
CCC(C)(C)c1cccc2cccc3c4cccc5c(ccc3c45)c12,0,0,0.6097560975609756,0.6097560975609756,0.0006649494171142578,
c1ccc2c(c1)c1cccc3ccc4cc(c5ccc5c42)c31,0,31,0.6578947368421053,0.6578947368421053,0.0006663799285888672,
CCc1c2cccc1c1cccc3cccc2cccc(C)c31,6,52,0.6710526315789473,0.6710526315789473,0.0005774497985839844,
CC12C=C1C2c1cccc2cccc3c2ccc2cccc1c23,0,1,0.6075949367088608,0.6075949367088608,0.0005316734313964844,
C1=CC1c1cccc2cccc3ccc4c1cccc4c23,41,221,0.6266666666666667,0.6266666666666667,0.0005083084106445312,
CCc1cc2cc3cccc4c1cccc1cccc(c12)c34,0,0,0.6025641025641025,0.6025641025641025,0.0005729198455810547,
c1cc2cccc3c2c2cc4cccc(c(c1)c1c5c2c1C5)c43,3,27,0.620253164556962,0.620253164556962,0.0007529258728027344,
CC=c1c2cccc1c1c3cccc1ccccc2C=C3,0,0,0.6052631578947368,0.6052631578947368,0.00048279762268066406,
CC=c1ccccc2cccc3ccc4c1cccc4c23,24,131,0.6266666666666667,0.6266666666666667,0.00044226646423339844,
C=CCCc1c2cccc3cccc4ccc1c1c4cccc1c32,0,0,0.5975609756097561,0.5975609756097561,0.0006036758422851562,
C=C=Cc1cccc2cccc3ccc4c1cccc4c23,0,0,0.6052631578947368,0.6052631578947368,0.00046706199645996094,
CC1(C)C=Cc2cccc3cccc4cccc(c5cccc3c51)c24,0,0,0.6219512195121951,0.6219512195121951,0.0006196498870849609,
Cc1ccc2c3cccc4cc(ccc5cccc1c52)c43,0,0,0.6052631578947368,0.6052631578947368,0.0005233287811279297,
CC(C1=CC1)c1cccc2cccc3c4cccc5c(ccc3c45)c12,0,0,0.6219512195121951,0.6219512195121951,0.0006749629974365234,
CC1=Cc2c3cccc2c2cccc4cccc3cccc(c42)C1,0,3,0.6375,0.6375,0.0006265640258789062,
CCC1c2c3cccc2c2cccc4cccc3cccc(c42)C1C,0,0,0.6219512195121951,0.6219512195121951,0.0006229877471923828,
Cc1cc2cccc3c4cc4c4cccc(c5cccc3c15)c24,0,0,0.6,0.6,0.0006575584411621094,
c1cc2cccc3c4cc5c3c(c4-5)c3cccc2c3c1,0,0,0.6,0.6,0.0005593299865722656,
Cc1c2cccc3cccc4c5cccc(c32)c5c14,15,315,0.6571428571428571,0.6571428571428571,0.0004885196685791016,
C=c1c2ccc3cccc4ccc5c(cccc5c34)c12,5,121,0.6301369863013698,0.6301369863013698,0.0005209445953369141,
CC1C=Cc2cccc3cccc4cccc(c5cccc3c51)c24,2,9,0.6375,0.6375,0.0005929470062255859,
C#CC(C)c1cccc2cccc3c4cccc5c(ccc3c45)c12,0,0,0.625,0.625,0.000614166259765625,
CC(C)(C)c1c2cccc3cccc4ccc1c1c4cccc1c32,1,20,0.6125,0.6125,0.0005884170532226562,
Cc1cccc2cc3cccc4c1cccc1cccc(c12)c34,5,18,0.7066666666666667,0.7066666666666667,0.0006322860717773438,
Cc1c(C2C=C2)c2c3ccccc4cccc1c4c2ccc3,4,8,0.6103896103896104,0.6103896103896104,0.0005290508270263672,
CC1C=C1Cc1c2cccc3cccc4ccc1c1c4cccc1c32,0,0,0.6024096385542169,0.6024096385542169,0.0006208419799804688,
C1=Cc2cccc3c1ccc1c3ccc3cccc2c31,9,78,0.6216216216216216,0.6216216216216216,0.0005748271942138672,
Cc1c(C)c2c3ccccc4cccc1c4c2ccc3,19,95,0.6164383561643836,0.6164383561643836,0.0004646778106689453,
Cc1c(C)c2cc3cccc(c4cccc5cccc1c54)c32,7,62,0.6533333333333333,0.6533333333333333,0.0005857944488525391,
CC1(C=c2cccc3c4cccc5cccc(c5ccc4)c23)CC1,0,0,0.6049382716049383,0.6049382716049383,0.0006046295166015625,
c1cc2cccc3c4ccc4c4ccc5c(ccc(c1)c25)c34,8,64,0.6578947368421053,0.6578947368421053,0.0006635189056396484,
Cc1c2cc2c2cc3cccc4c1cccc1cccc(c34)c12,5,58,0.620253164556962,0.620253164556962,0.0007398128509521484,
C1=CC(Cc2c3cccc4cccc5c6cccc(c43)c6c25)C1,0,0,0.6,0.6,0.0006773471832275391,
CC1=C2c3c4cccc3c3cccc5cccc4cccc(c53)C12,1,4,0.6375,0.6375,0.0006237030029296875,
C1=CC(c2cccc3cccc4c3ccc3cccc2c34)=C1,42,131,0.6233766233766234,0.6233766233766234,0.0005171298980712891,
CC1C=c2c1cccc1cccc3ccc4c2cccc4c13,3,38,0.6233766233766234,0.6233766233766234,0.0005290508270263672,
c1cc2cccc3c(c1)ccc1cc4cccc2c4c13,3,24,0.6216216216216216,0.6216216216216216,0.0005795955657958984,
C1=Cc2c1c1cccc3ccccc4cccc(c24)c31,13,97,0.6438356164383562,0.6438356164383562,0.0005109310150146484,
C1=C(c2c3cccc4c5cccc6cccc(c34)c6c25)C1,0,0,0.6052631578947368,0.6052631578947368,0.0006456375122070312,
c1ccc2cccc3c4c(c5c(c1)cccc5c23)CC4,0,1,0.6,0.6,0.0004839897155761719,
C=Cc1cccc2cccc3c4cccc5c(ccc3c45)c12,5,14,0.6666666666666666,0.6666666666666666,0.0005793571472167969,
CCc1c2cccc1c1cccc3cccc2cccc(C(C)C)c31,0,1,0.6296296296296297,0.6296296296296297,0.0006310939788818359,
CC1CCc2c3cccc2c2cccc4cccc3cccc1c42,2,16,0.6375,0.6375,0.0006284713745117188,
Cc1ccc2cccc(C)c2c2cccc3c(cccc32)c1,0,6,0.6103896103896104,0.6103896103896104,0.0004773139953613281,
C=c1cccc2c3cccc4c(cccc4c12)ccc3C,1,7,0.6133333333333333,0.6133333333333333,0.0004897117614746094,
c1cc2c3cc4c-2ccc2c(c1)cccc1cccc(c13)c42,0,10,0.6363636363636364,0.6363636363636364,0.0007190704345703125,
C=c1c2cccc3cccc4ccccc2ccc1c43,0,0,0.6081081081081081,0.6081081081081081,0.0005402565002441406,
CC1c2c1c1cc3cccc4c2cccc2cccc(c21)c34,6,125,0.6233766233766234,0.6233766233766234,0.0005950927734375,
C=Cc1cc2c3cccc4cccc5c6c(cccc36)cc(c12)c45,0,0,0.5975609756097561,0.5975609756097561,0.0007412433624267578,
Cc1c2cccc1c1cccc3cccc2c2ccc(cc2)c31,0,0,0.6410256410256411,0.6410256410256411,0.0006604194641113281,
c1cc(C2C3=C2C3)c2cccc3ccc4c(c1)cccc4c32,0,0,0.6025641025641025,0.6025641025641025,0.0005595684051513672,
CC1(c2cccc3cccc4c3ccc3cccc2c34)C2=CC21,0,0,0.6075949367088608,0.6075949367088608,0.0005633831024169922,
CC1C(=c2cccc3c4cccc5cccc(c5ccc4)c23)C1C,3,16,0.6329113924050633,0.6329113924050633,0.0005960464477539062,
CCc1cccc2cccc(C)c3cccc4c3cccc4c12,2,7,0.6493506493506493,0.6493506493506493,0.0005245208740234375,
C#Cc1cc2cc3cccc4cccc1c1cccc(c43)c21,0,0,0.6025641025641025,0.6025641025641025,0.0005483627319335938,
C1=Cc2c(c3cccc4cccc5c4c2cc2cccc3c25)C1,5,74,0.6329113924050633,0.6329113924050633,0.0006451606750488281,
C#CCc1c2cccc3cccc4c5cccc(c32)c5c14,0,0,0.6052631578947368,0.6052631578947368,0.0005056858062744141,
CC=C(C)c1c2cccc3cccc4ccc1c1c4cccc1c32,0,0,0.6049382716049383,0.6049382716049383,0.0005695819854736328,
C1=C=C(c2cccc3cccc4ccc5c2cccc5c34)C=1,24,137,0.6233766233766234,0.6233766233766234,0.0005316734313964844,
C1=CC(c2cc3c4ccccc5cccc2c5c3ccc4)=C1,0,0,0.6025641025641025,0.6025641025641025,0.0005118846893310547,
C1=CCC=1c1cccc2cccc3ccc4c1cccc4c23,33,151,0.6233766233766234,0.6233766233766234,0.0005159378051757812,
c1cc2c3cccc(c3c3cccc4c(c1)cccc43)CC2,1,1,0.6363636363636364,0.6363636363636364,0.0005338191986083984,
c1cc2cc3cc4cccc5c(c1)cccc2c(c3)c45,0,0,0.6,0.6,0.0005850791931152344,
CCc1c2cccc3cccc4c5ccc5c1c1c4cccc1c32,0,3,0.6172839506172839,0.6172839506172839,0.0006775856018066406,
CC1Cc2c1c1cc3cccc4c2cccc2cccc(c21)c34,0,0,0.6,0.6,0.0006437301635742188,
Cc1cc2cc3cccc(c4cccc5cccc1c54)c32,0,1,0.6486486486486487,0.6486486486486487,0.0005235671997070312,
C=Cc1c2ccccc3cccc4cccc(c5cc3c15)c42,0,10,0.6233766233766234,0.6233766233766234,0.0006046295166015625,
Cc1c2c3ccc4c(c3c3cccc5cccc4cccc1c53)C2,0,0,0.5975609756097561,0.5975609756097561,0.0007615089416503906,
CC=CCc1cccc2c1cccc1c3cccc4ccc1c3c42,0,0,0.5975609756097561,0.5975609756097561,0.0005924701690673828,
CC(C)c1c2cccc3c4cccc5cccc(ccc1c23)c54,0,0,0.6710526315789473,0.6710526315789473,0.0005900859832763672,
Cc1cc2cccc3cccc4c3c1cc1cccc2c14,16,152,0.6266666666666667,0.6266666666666667,0.0005462169647216797,
C1=C(c2cccc3c2cccc2c4cccc5ccc2c4c53)C1,3,13,0.6410256410256411,0.6410256410256411,0.0006072521209716797,
Cc1c2cccc3c4cccc5ccc1c(c5ccc4)c23,1,27,0.6266666666666667,0.6266666666666667,0.0005643367767333984,
C1=C2C1C2c1cccc2cccc3c2ccc2cccc1c23,19,96,0.6233766233766234,0.6233766233766234,0.0005357265472412109,
CC1C=C1Cc1cccc2cccc3c2ccc2cccc1c23,0,1,0.6075949367088608,0.6075949367088608,0.0005309581756591797,
CCCCc1cccc2cccc3c4cccc5ccc3c4c5c12,0,0,0.5975609756097561,0.5975609756097561,0.0006210803985595703,
C#Cc1cccc2c(C)cccc3cccc4c3cccc4c12,0,0,0.6282051282051282,0.6282051282051282,0.0005142688751220703,
CC(c1c2cccc3cccc4c5cccc(c32)c5c14)C1C=C1,0,0,0.6075949367088608,0.6075949367088608,0.0006597042083740234,
C=Cc1cccc2cccc3cccc4c5cccc2c5cc1c34,6,11,0.6794871794871795,0.6794871794871795,0.00067901611328125,
c1cc2cc(c1)c1c3cccc2c2ccc2c1ccc3,7,114,0.6901408450704225,0.6901408450704225,0.0005309581756591797,
CC1=c2c1cccc1cccc3ccc4c2cccc4c13,9,142,0.6266666666666667,0.6266666666666667,0.0005140304565429688,
c1ccc2cc3c4cc3c3cccc(cccc4c1)c23,4,42,0.6216216216216216,0.6216216216216216,0.0005505084991455078,
C=C(C)c1cccc2cccc3ccc4c1cccc4c23,38,61,0.6133333333333333,0.6133333333333333,0.0004932880401611328,
C=C(C)c1cccc2cccc3cccc4c5cccc2c5cc1c34,1,6,0.6625,0.6625,0.0006606578826904297,
C=c1cc(C)c2cc3cccc4c1cccc1cccc(c12)c34,0,3,0.6282051282051282,0.6282051282051282,0.00061798095703125,
Cc1c2cccc3cccc4cccc(ccccc43)c12,0,0,0.6052631578947368,0.6052631578947368,0.0005526542663574219,
c1cc2c3c4cccc(c1)c1cccc(c1CCC2)c3ccc4,0,24,0.6538461538461539,0.6538461538461539,0.0006098747253417969,
Cc1=c-c2c3cccc2c2cccc4cccc3cccc-1c42,5,29,0.6623376623376623,0.6623376623376623,0.0006482601165771484,
C=c1c(C)c2c3cccccc4cccc1c4c2ccc3,0,5,0.6133333333333333,0.6133333333333333,0.0005099773406982422,
CC(C)c1cccc2cc3cccc4c1cccc1cccc(c12)c34,1,9,0.6625,0.6625,0.0006887912750244141,
C1=c2cc(c3cccc4cccc5c4c2cc2cccc3c25)C1,0,1,0.6329113924050633,0.6329113924050633,0.0006804466247558594,
C1=Cc2cccc3cccc4cccc(c5cccc3c5CC1)c24,3,8,0.6296296296296297,0.6296296296296297,0.0006439685821533203,
C1=CC1c1cc2c3ccccc4cccc1c4c2ccc3,0,0,0.6052631578947368,0.6052631578947368,0.0005102157592773438,
CCc1cccc2cc3cccc4c1ccc(C)c1cccc(c21)c34,0,0,0.6024096385542169,0.6024096385542169,0.0006685256958007812,
C1=Cc2cc3c4cccc3c3c(cccc41)cccc23,7,50,0.6216216216216216,0.6216216216216216,0.0005002021789550781,
CC1(c2c3cccc4cccc5c6cccc(c43)c6c25)C=C1,2,58,0.631578947368421,0.631578947368421,0.0006697177886962891,
CC1C#Cc2c3cccc2c2cccc4cccc3cccc1c42,0,7,0.6375,0.6375,0.0006458759307861328,
c1c2c(c#1)c1cc3cccc4c2cccc2cccc(c21)c34,0,26,0.6153846153846154,0.6153846153846154,0.00067138671875,
C=C1CC1=c1cccc2c3cccc4cccc(c4ccc3)c12,2,14,0.6493506493506493,0.6493506493506493,0.0005893707275390625,
C1=C(c2cc3c4ccccc5cccc2c5c3ccc4)C1,29,200,0.6266666666666667,0.6266666666666667,0.0005033016204833984,
CCC(C)c1c2cccc3cccc4ccc1c1c4cccc1c32,0,0,0.6049382716049383,0.6049382716049383,0.0005910396575927734,
C=C(CC)c1c2cccc3cccc4ccc1c1c4cccc1c32,0,0,0.6049382716049383,0.6049382716049383,0.0005805492401123047,
Cc1cccc2cccc3c2ccc2cccc1c23,41,333,0.6571428571428571,0.6571428571428571,0.0004265308380126953,
CC1=C=C1c1cccc2cccc3ccc4c1cccc4c23,8,21,0.6103896103896104,0.6103896103896104,0.0005269050598144531,
C1=C2C1=C2c1cc2c3ccccc4cccc1c4c2ccc3,0,0,0.6025641025641025,0.6025641025641025,0.0005676746368408203,
CCc1ccc(C)c2cc3cccc4c1cccc1cccc(c12)c34,1,0,0.6419753086419753,0.6419753086419753,0.0006697177886962891,
c1cc2cccc3c4cccc5cc(ccc(c1)c23)c54,11,60,0.7142857142857143,0.7142857142857143,0.0005421638488769531,
Cc1ccc2c3cccc4ccc2c3c4c2ccccc12,0,0,0.6052631578947368,0.6052631578947368,0.0004968643188476562,
c1cc2c3cc4ccc(cccc3-2)c2c(c1)cccc42,0,0,0.6,0.6,0.0005815029144287109,
CCCc1cccc2ccccc3cccc4c3cccc4c12,0,0,0.620253164556962,0.620253164556962,0.0005221366882324219,
CCc1cc2c3cccc4cccc5c6c(cccc36)cc(c12)c45,0,0,0.5975609756097561,0.5975609756097561,0.0007054805755615234,
C=c1cccc2c3cccc4cccc(c4ccc3)c12,9,94,0.7,0.7,0.00047588348388671875,
CC1c2cccc3cccc4c5cc6c(cccc6c34)c2c51,0,0,0.6025641025641025,0.6025641025641025,0.0005788803100585938,
CCc1c2cccc1c1c3cccc2c2ccc2c1ccc3,8,56,0.6233766233766234,0.6233766233766234,0.0005276203155517578,
Cc1c2c3cc4cccc5c(cccc6cccc(c63)c45)c1=CC2,0,0,0.5975609756097561,0.5975609756097561,0.0007188320159912109,
Cc1ccc2c3c4cccc1c1cccc(c1-c=c-2)c3ccc4,0,0,0.6,0.6,0.0006191730499267578,
CCc1=c-c2cccc3cccc4cccc(c5cccc3c5-1)c24,0,0,0.6375,0.6375,0.0006339550018310547,
C=C(C)c1cccc2cc3c4cccc3c3cccc(cccc14)c23,0,0,0.6419753086419753,0.6419753086419753,0.0006330013275146484,
Cc1c2cccc1c1cccc3cccc2cccc(C(C)C)c31,3,17,0.6538461538461539,0.6538461538461539,0.0005939006805419922,
C=CC(C)c1cccc2cccc3c4cccc5c(ccc3c45)c12,0,0,0.625,0.625,0.0006225109100341797,
C(=C1CC1)c1cccc2cccc3ccc4c1cccc4c23,0,0,0.6025641025641025,0.6025641025641025,0.0005795955657958984,
C=CCc1cccc2cccc3c4cccc5c(ccc3c45)c12,4,14,0.6410256410256411,0.6410256410256411,0.0006260871887207031,
c1cc2c3c4cccc(c1)c1cccc(c1CCCC2)c3ccc4,1,2,0.6296296296296297,0.6296296296296297,0.0006353855133056641,
Cc1cccc2cccc3cccc(c4cccc2c4C(C)C)c13,4,22,0.6538461538461539,0.6538461538461539,0.0005927085876464844,
CC(C)c1cccc2cccc3ccc4c1cccc4c23,35,72,0.6133333333333333,0.6133333333333333,0.00048351287841796875,
c1cc2ccc3c4ccc5c6cccc(c1)c6c4c3c25,1,49,0.6666666666666666,0.6666666666666666,0.0006368160247802734,
c1cc2cccc3c4ccc5c(c34)Cc3ccc5c2c3c1,0,0,0.5974025974025974,0.5974025974025974,0.0006113052368164062,
c1cc2cc2c2c3ccc4c2cc3c2cccc(c1)c24,0,0,0.6,0.6,0.0005192756652832031,
CC1=CC1(C)c1cccc2cccc3c2ccc2cccc1c23,7,18,0.6153846153846154,0.6153846153846154,0.0005099773406982422,
C=C(C)Cc1cccc2cccc3c4cccc5c(ccc3c45)c12,0,0,0.625,0.625,0.0006270408630371094,
CC1C=c2c(cccc3cccc4ccc5c2cccc5c34)C1,0,0,0.6,0.6,0.0005054473876953125,
Cc1cccc2cccc3c4cccc5ccc3c4c5c12,3,136,0.6712328767123288,0.6712328767123288,0.0005285739898681641,
C=C(C)c1cc2c3cc4cccc5c(cccc6cccc(c45)c63)c12,0,0,0.6024096385542169,0.6024096385542169,0.0007710456848144531,
CCc1cc2c3cc4cccc5c(cccc6cccc(c45)c63)c12,3,28,0.6172839506172839,0.6172839506172839,0.0006990432739257812,
C=C(C)c1cccc2cccc3c4cccc5ccc3c4c5c12,2,48,0.6282051282051282,0.6282051282051282,0.0006351470947265625,
C=c1ccc2cc3cccc4c1cccc1cccc(c12)c34,3,23,0.6666666666666666,0.6666666666666666,0.0006105899810791016,
Cc1ccc(C)c2c1ccccc1cccc3c1cccc32,0,0,0.6103896103896104,0.6103896103896104,0.0004978179931640625,
c1cc2cccc3c2ccc2ccc4ccc(c1)c4c23,0,0,0.6,0.6,0.0005197525024414062,
CC1=C=c2c1cccc1cccc3ccc4c2cccc4c13,0,0,0.6025641025641025,0.6025641025641025,0.0005309581756591797,
C=c1c2ccc3cccc4c3ccc3cccc(c12)c34,1,0,0.6081081081081081,0.6081081081081081,0.0005114078521728516,
Cc1c2ccc3cccc4cccc5c6cccc(c6c15)c2c43,0,0,0.6623376623376623,0.6623376623376623,0.000614166259765625,
c1cc2cccc3c4cccc(c5cccc(c1)c54)c23,0,0,1.0,1.0,0.0005822181701660156,
Cc1ccc2cccc3cccc4c5cccc2c5-c=c-c1c34,0,0,0.6,0.6,0.0006394386291503906,
CC1(c2c3cccc4cccc5ccc2c2c5cccc2c43)CC1,0,0,0.6049382716049383,0.6049382716049383,0.0006422996520996094,
Cc1c2c3c-2c2cccc(c4cccc5cccc1c54)c23,0,0,0.6052631578947368,0.6052631578947368,0.00060272216796875,
c1ccc2c3ccc4ccc(c1)c1cccc(c1c3)c42,1,31,0.6216216216216216,0.6216216216216216,0.0005521774291992188,
CC1(C)C=c2c1cccc1cccc3ccc4c2cccc4c13,0,0,0.6075949367088608,0.6075949367088608,0.0005507469177246094,
c1cc2cccc3c2c2cc4cccc(c(c1)c1c5c1c2C5)c43,0,7,0.6125,0.6125,0.0006453990936279297,
c1cc2cccc3c4ccc5ccc(c1)c2c1c5ccc3c41,0,3,0.6153846153846154,0.6153846153846154,0.0006220340728759766,
C=Cc1cccc2cccc3c4cccc5ccc3c4c5c12,4,70,0.6447368421052632,0.6447368421052632,0.0005867481231689453,
C1#Cc2c1c1cccc3ccccc4cccc(c24)c31,0,0,0.6,0.6,0.0004839897155761719,
CC#Cc1cccc2cccc3c4cccc5c(ccc3c45)c12,2,24,0.6410256410256411,0.6410256410256411,0.0006082057952880859,
CC1=CC(c2cccc3cccc4ccc5c2cccc5c34)=C1,0,0,0.6075949367088608,0.6075949367088608,0.0005633831024169922,
C1=CC1Cc1c2cccc3cccc4ccc1c1c4cccc1c32,3,29,0.6172839506172839,0.6172839506172839,0.0006186962127685547,
Cc1c2ccc3cccc4cccc(c5cccc3c5C2)c14,0,0,0.6025641025641025,0.6025641025641025,0.0005681514739990234,
c1cc2c3c(c1)c1c(ccc4c1ccc1cccc2c14)C3,0,0,0.5974025974025974,0.5974025974025974,0.0005521774291992188,
C1=C2CC12c1cccc2cccc3ccc4c1cccc4c23,8,89,0.631578947368421,0.631578947368421,0.0005247592926025391,
CC12CC1(C)c1cccc3cccc4cccc(c5cccc3c52)c14,0,0,0.6219512195121951,0.6219512195121951,0.0006504058837890625,
CC(C)c1c2cccc1c1c3cccc2c2ccc2c1ccc3,0,0,0.6075949367088608,0.6075949367088608,0.0005452632904052734,
CCc1cccc2cccc3c4cccc5ccc3c4c5c12,7,117,0.6447368421052632,0.6447368421052632,0.0005407333374023438,
CC1=CC(c2c3cccc4cccc5ccc2c2c5cccc2c43)C1,0,0,0.6024096385542169,0.6024096385542169,0.0006270408630371094,
CC#Cc1cccc2cccc3c4cccc5ccc3c4c5c12,0,0,0.620253164556962,0.620253164556962,0.0006124973297119141,
C1=C(c2c3cccc4cccc5ccc2c2c5cccc2c43)C1,10,115,0.6410256410256411,0.6410256410256411,0.0005855560302734375,
C1=c2cccc3c4cccc5ccc3c4c5c2=C1,0,105,0.6521739130434783,0.6521739130434783,0.00047469139099121094,
CC1=CCc2c3cccc2c2cccc4cccc3cccc1c42,1,11,0.6375,0.6375,0.0006253719329833984,
CC1=C=Cc2c1c1cc3cccc4c2cccc2cccc(c21)c34,0,0,0.5975609756097561,0.5975609756097561,0.0006990432739257812,
C1#CC1c1cccc2cccc3c4cccc5c(ccc3c45)c12,2,7,0.6410256410256411,0.6410256410256411,0.0006494522094726562,
Cc1cccc2cccc3c2cccc3c2cccc(C)c12,1,14,0.6533333333333333,0.6533333333333333,0.0004994869232177734,
CC1C=c2cc1c1cc3cccc4c2cccc2cccc(c21)c34,0,0,0.6172839506172839,0.6172839506172839,0.0006966590881347656,
C1=c2c(cccc3cccc4ccc5c2cccc5c34)C1,18,175,0.64,0.64,0.0004703998565673828,
CCCCc1c2cccc3cccc4c5ccc(c(ccc2)c15)c34,0,6,0.6794871794871795,0.6794871794871795,0.0007102489471435547,
Cc1cc2c3cccc4cccc5c6c(cccc36)cc(c12)c45,6,69,0.620253164556962,0.620253164556962,0.0006818771362304688,
C1=CC=1Cc1c2cccc3cccc4ccc1c1c4cccc1c32,1,10,0.6172839506172839,0.6172839506172839,0.0006399154663085938,
Cc1ccccc2cccc3c4cccc(c1c4)c23,0,7,0.6111111111111112,0.6111111111111112,0.00046944618225097656,
C#Cc1c2cccc3cccc4c5cccc(c32)c5c14,14,237,0.6301369863013698,0.6301369863013698,0.0005228519439697266,
Cc1ccc2c3cccc4cccc(ccc5cc1c52)c43,0,0,0.6266666666666667,0.6266666666666667,0.0005297660827636719,
C1=CC=1c1cc2cc3cccc4cccc1c1cccc(c43)c21,0,0,0.6,0.6,0.0005536079406738281,
c1cc2ccc3c4cc(c4)c3c3cccc4ccc2c(c1)c43,14,125,0.6233766233766234,0.6233766233766234,0.0006527900695800781,
CCc1cc2c3ccccc3cccc3c4cccc2c4c13,0,0,0.6025641025641025,0.6025641025641025,0.00054931640625,
c1ccc2c(c1)c1ccc3c(ccc4cccc2c43)c1,4,29,0.6216216216216216,0.6216216216216216,0.0005311965942382812,
CCC(CC)=c1cccc2c3cccc4cccc(c4ccc3)c12,0,0,0.6049382716049383,0.6049382716049383,0.0005977153778076172,
CCCc1cccc2cccc3c2ccc2cccc1c23,5,6,0.6052631578947368,0.6052631578947368,0.00047278404235839844,
Cc1c2cccc3c4cccc5cccc(c23)c5c14,2,126,0.6338028169014085,0.6338028169014085,0.0004963874816894531,
C1=CC1c1c2cccc3cccc4c5cccc(c32)c5c14,6,137,0.6486486486486487,0.6486486486486487,0.0006148815155029297,
C1=CC=1Cc1cccc2cccc3c4cccc5c(ccc3c45)c12,1,10,0.6375,0.6375,0.00064849853515625,
CC1=Cc2c1c1cccc3ccccc4cccc(c24)c31,0,0,0.6052631578947368,0.6052631578947368,0.0004756450653076172,
C1=CC1c1cc2cc3cccc4cccc1c1cccc(c43)c21,0,0,0.6,0.6,0.0005788803100585938,
C=Cc1ccc2cccc3cccc4c5cccc2c5cc(c1)c34,0,0,0.5975609756097561,0.5975609756097561,0.0006554126739501953,
CCc1c2cccc1c1cccc3cccc2cccc(C(C)CC)c31,0,0,0.6071428571428571,0.6071428571428571,0.0006527900695800781,
Cc1cc2c3cc4c1cccc3cccc1cccc2c14,7,50,0.6266666666666667,0.6266666666666667,0.0006546974182128906,
C1=CC1Cc1cccc2cccc3c2ccc2cccc1c23,0,0,0.6025641025641025,0.6025641025641025,0.0005218982696533203,
CCc1c2ccccc3cccc4c1cc1c2cccc1c34,0,0,0.6025641025641025,0.6025641025641025,0.0005064010620117188,
c1cc2cccc3c(c2)c2ccc3c3c(c1)cccc23,2,20,0.6666666666666666,0.6666666666666666,0.0006499290466308594,
CC1=C(c2cccc3cccc4ccc5c2cccc5c34)C1,4,13,0.6103896103896104,0.6103896103896104,0.0005118846893310547,
Cc1cccc2c3cccc1c1cccc(c1)c2ccc3,1,4,0.6266666666666667,0.6266666666666667,0.0005071163177490234,
CC1CC=c2c1cccc1cccc3ccc4c2cccc4c13,0,0,0.6,0.6,0.0005125999450683594,
C#CC(C)c1c2cccc3cccc4ccc1c1c4cccc1c32,0,0,0.6049382716049383,0.6049382716049383,0.0006103515625,
c1cc2c3ccc4cccc5c6ccc(c(c1)c6c2C3)c45,0,0,0.618421052631579,0.618421052631579,0.0006597042083740234,
CCC1CC1=c1cccc2c3cccc4cccc(c4ccc3)c12,0,0,0.6172839506172839,0.6172839506172839,0.0005974769592285156,
C1=C(c2c3cccc4cccc5c6cccc(c43)c6c25)C1,2,124,0.6266666666666667,0.6266666666666667,0.0005919933319091797,
C1=CCC=1c1cc2c3ccccc4cccc1c4c2ccc3,1,0,0.6025641025641025,0.6025641025641025,0.0005230903625488281,
C=c1c2ccc2c2cccc3cccc(c4ccccc24)c13,7,19,0.6233766233766234,0.6233766233766234,0.0006043910980224609,
C1=CCc2cccc3cccc4cccc(c5cccc3c5C1)c24,0,0,0.6296296296296297,0.6296296296296297,0.0006327629089355469,
C#Cc1c2c3cccc4ccc2c2cccc(ccc3)c2c14,0,5,0.6233766233766234,0.6233766233766234,0.0006694793701171875,
Cc1c2cccc1c1c3cccc2c2ccc2c1ccc3,9,104,0.6486486486486487,0.6486486486486487,0.0004975795745849609,
c1cc2c3c4cccc(c1)c1cccc(c1C1CCCC21)c3ccc4,0,0,0.6071428571428571,0.6071428571428571,0.0006377696990966797,
c1cc2c(c#1)cccc1cccc3ccc4c2cccc4c13,5,41,0.6363636363636364,0.6363636363636364,0.0005869865417480469,
c1cc2cc3cc3c3cc4cccc2c4c2cccc(c1)c32,7,91,0.6363636363636364,0.6363636363636364,0.0007061958312988281,
CCCc1c2cccc1c1cccc3ccc4c2cccc4c31,0,0,0.6,0.6,0.0005645751953125,
c1cc2cc3c(c4cccc3c3c(c1)cccc43)C2,4,83,0.625,0.625,0.0004749298095703125,
C1=Cc2c1ccc1c2cccc2c3cccc4ccc2c3c41,0,2,0.6153846153846154,0.6153846153846154,0.0006365776062011719,
C1=c2c3ccc4c(c3c3cccc5cccc4cccc2c53)CC1,0,0,0.6097560975609756,0.6097560975609756,0.0006873607635498047,
Cc1ccc2cccc3c4cccc(c4C3)c3cccc1c23,0,0,0.6025641025641025,0.6025641025641025,0.0005273818969726562,
c1cc2cccc3c4cc5c6c(cccc6c45)c(c1)c23,0,11,0.6666666666666666,0.6666666666666666,0.0005795955657958984,
C1=c2c3ccc3c3cccc4cccc(c5cccc(c35)C1)c24,1,1,0.6329113924050633,0.6329113924050633,0.0006742477416992188,
c1ccc2cccc3c4cc(c1)c1cccc(c1c4)c23,14,126,0.6666666666666666,0.6666666666666666,0.0005075931549072266,
Cc1ccc2c3c1c1cccc(c4c(ccc1)cccc24)-c=c-3,0,0,0.6,0.6,0.0006353855133056641,
C1=CC(Cc2c3cccc4c5cccc6cccc(c34)c6c25)=C1,0,0,0.6,0.6,0.0006847381591796875,
c1ccc2c(c1)cccc1c3c-1ccc1c3cccc21,2,35,0.6216216216216216,0.6216216216216216,0.00048232078552246094,
C1#CC1c1c2cccc3cccc4c5cccc(c32)c5c14,0,0,0.6052631578947368,0.6052631578947368,0.000629425048828125,
C#CCc1cccc2cccc3ccc4c1cccc4c23,0,0,0.6052631578947368,0.6052631578947368,0.00046753883361816406,
C1#CC(c2cccc3cccc4c5cccc6c(ccc4c56)c23)C1,0,0,0.6172839506172839,0.6172839506172839,0.0006558895111083984,
CCC1C=c2c1cccc1cccc3ccc4c2cccc4c13,0,0,0.6,0.6,0.0005555152893066406,
CCCCc1cccc2c1cccc1c3cccc4ccc1c3c42,0,0,0.5975609756097561,0.5975609756097561,0.0006086826324462891,
Cc1c2cccc3c4cccc5cccc(c23)c5c1c1ccc41,8,65,0.620253164556962,0.620253164556962,0.0006604194641113281,
Cc1ccc2cccc3c2c2ccccc1c1cccc(c2C)c13,0,0,0.6049382716049383,0.6049382716049383,0.0006799697875976562,
CC1=C(c2cccc3cccc4c5cccc6ccc4c5c6c23)C1,0,0,0.6049382716049383,0.6049382716049383,0.0006592273712158203,
CC1C=CC1c1c2cccc3cccc4c5cccc(c32)c5c14,0,0,0.6,0.6,0.0006382465362548828,
Cc1cc2c3cccc4cccc5c6cccc(cc(c12)c45)c36,0,6,0.6623376623376623,0.6623376623376623,0.0007393360137939453,
Cc1c2cccc1c1cccc3cccc2cccc(C)c31,16,54,0.6986301369863014,0.6986301369863014,0.0005674362182617188,
CC=c1c2cccc3cccc4c2cc2c1cccc2c34,0,0,0.6052631578947368,0.6052631578947368,0.0005822181701660156,
CCc1ccc2c3cccc(ccccc4cccc(C)c42)c13,1,3,0.6282051282051282,0.6282051282051282,0.0005257129669189453,
CCCc1c2ccccc3cccc4cccc(c42)c2c1cccc32,0,0,0.654320987654321,0.654320987654321,0.0006389617919921875,
c1cc2c3c(c4cc5c3cccc5c3c(c1)cccc43)C2,1,23,0.618421052631579,0.618421052631579,0.0005471706390380859,
c1cc2c3cc4c5cccc(cccc2c2c6c4c26)c5c3c1,1,18,0.6233766233766234,0.6233766233766234,0.0007083415985107422,
CC1c2cccc3cccc4c5cccc(c(c2)c51)c34,0,0,0.6081081081081081,0.6081081081081081,0.0004928112030029297,
CCCc1cccc2cccc3cccc(c4cccc2c4CC)c13,0,3,0.6219512195121951,0.6219512195121951,0.0005943775177001953,
C=C=c1ccccc2cccc3ccc4c1cccc4c23,3,19,0.6266666666666667,0.6266666666666667,0.0004794597625732422,
CC1CCc2cccc3cccc4cccc(c5cccc3c5C1)c24,0,0,0.6144578313253012,0.6144578313253012,0.0006239414215087891,
Cc1ccc2cccc3c4cccc5cc(c6ccc6c1c54)c23,0,0,0.6,0.6,0.0007212162017822266,
Cc1cc2c3cc4cccc5cccc(c6cccc(c54)c63)c12,0,0,0.6,0.6,0.0006566047668457031,
Cc1c(C)c2c3cc4cccc5c(cccc6cccc(c45)c63)c12,0,0,0.6049382716049383,0.6049382716049383,0.0007126331329345703,
C1=c2cccc3cccc4c5cccc(c(c25)C1)c34,5,91,0.625,0.625,0.0004978179931640625,
CC1(C)C=C1c1cccc2cccc3ccc4c1cccc4c23,21,38,0.6153846153846154,0.6153846153846154,0.0005385875701904297,
c1ccc2ccc3cc4c5cccc4c2c3ccc5c1,4,30,0.6216216216216216,0.6216216216216216,0.0005195140838623047,
C1=Cc2c(c3cc4cccc5c2cccc2cccc(c23)c45)CC1,0,0,0.6097560975609756,0.6097560975609756,0.0006940364837646484,
C=C1C=C1c1cc2c3ccccc4cccc1c4c2ccc3,0,0,0.6103896103896104,0.6103896103896104,0.0005469322204589844,
CCC(C)c1cccc2cccc3c4cccc5c(ccc3c45)c12,1,5,0.625,0.625,0.0006251335144042969,
Cc1cccc2cccc3cccc(c4cccc2c4C2CC2)c13,1,16,0.6455696202531646,0.6455696202531646,0.000614166259765625,
c1cc2cccc3c4ccc5c(cc6cc5c64)c(c1)c23,2,12,0.6216216216216216,0.6216216216216216,0.0005877017974853516,
Cc1cccc2c3cc4ccccc5cccc3c5c2c14,0,0,0.6052631578947368,0.6052631578947368,0.0004892349243164062,
C=Cc1cc2cc3cccc4c1cccc1cccc(c12)c34,0,0,0.6025641025641025,0.6025641025641025,0.0006172657012939453,
CC1=C=C1c1c2cccc3cccc4ccc1c1c4cccc1c32,0,0,0.6049382716049383,0.6049382716049383,0.0005943775177001953,
CC1CC=C1c1cccc2cccc3ccc4c1cccc4c23,0,0,0.6,0.6,0.0005309581756591797,
Cc1cc2c3cc4cccc5c(cccc6cccc(c45)c63)c12,18,166,0.6410256410256411,0.6410256410256411,0.0006763935089111328,
CC(C)(C)c1cccc2cccc3c4cccc5c(ccc3c45)c12,2,20,0.6329113924050633,0.6329113924050633,0.0006268024444580078,
CC=C(C)c1cccc2cccc3c4cccc5ccc3c4c5c12,0,0,0.6049382716049383,0.6049382716049383,0.0006444454193115234,
C1=C=C(Cc2cccc3cccc4c3ccc3cccc2c34)C=1,0,0,0.6,0.6,0.0005283355712890625,
C#Cc1cccc2cccc3ccc4c1cccc4c23,47,239,0.6301369863013698,0.6301369863013698,0.0004620552062988281,
CCC12CC1c1cccc3cccc4cccc(c5cccc3c52)c14,0,0,0.6144578313253012,0.6144578313253012,0.0006167888641357422,
Cc1ccc2cccc3cccc4c3c(c1)cc1cccc2c14,0,0,0.6,0.6,0.00063323974609375,
C1=CC(c2cccc3cccc4ccc5c2cccc5c34)C1,0,0,0.6025641025641025,0.6025641025641025,0.0005557537078857422,
c1cc2c3c4cccc(c1)c1cccc(c1CCCCC2)c3ccc4,0,0,0.6071428571428571,0.6071428571428571,0.0006437301635742188,
C=CC(C)Cc1cccc2cccc3c4cccc5c(ccc3c45)c12,0,0,0.6024096385542169,0.6024096385542169,0.000659942626953125,
CCCc1cccc2cccc3cccc(c4cccc2c4C)c13,6,33,0.6455696202531646,0.6455696202531646,0.0005843639373779297,
C1=CC=1c1cccc2cccc3ccc4c1cccc4c23,38,262,0.6486486486486487,0.6486486486486487,0.0005075931549072266,
CC1=C(C)c2c3cccc2c2cccc4cccc3cccc(c42)C1,0,0,0.6219512195121951,0.6219512195121951,0.0006525516510009766,
CC1CC1=c1cccc2c3cccc4cccc(c4ccc3)c12,6,35,0.6493506493506493,0.6493506493506493,0.0005748271942138672,
C1=CC1c1cccc2cccc3c2ccc2cccc1c23,39,203,0.6266666666666667,0.6266666666666667,0.0005102157592773438,
C1=C2C(=C2c2cccc3cccc4c3ccc3cccc2c34)C1,0,0,0.6,0.6,0.0005934238433837891,
CCc1cc2cccc3cccc4ccc5c(ccc1c25)c34,0,0,0.6025641025641025,0.6025641025641025,0.0005567073822021484,
c1cc2cc3c4c5cccc4c2c(c1)c(ccc5)c1c2c3c12,4,89,0.6447368421052632,0.6447368421052632,0.0006921291351318359,
Cc1cccc2cccc3c2cccc3c2c(C)cccc12,4,23,0.6533333333333333,0.6533333333333333,0.0004982948303222656,
CCC=c1cccc2c3cccc4cccc(c4ccc3)c12,10,60,0.6447368421052632,0.6447368421052632,0.0005278587341308594,
CCc1cccc2ccccc3cccc4c3cccc4c12,5,19,0.6447368421052632,0.6447368421052632,0.0004932880401611328,
Cc1cc2c3ccccc4cccc1c4c2ccc3,30,318,0.6338028169014085,0.6338028169014085,0.0004360675811767578,
C1=CCC=1Cc1cccc2cccc3ccc4c1cccc4c23,0,0,0.6,0.6,0.0005390644073486328,
c1cc2c3c4cccc(c1)c1cccc(c1C1CC21)c3ccc4,2,27,0.6538461538461539,0.6538461538461539,0.0006005764007568359,
C=c1c2cccc3cccc4c5ccc(c6ccc1c4c65)c32,0,0,0.6025641025641025,0.6025641025641025,0.0006213188171386719,
CC=Cc1cccc2cccc3c2ccc2cccc1c23,0,0,0.6052631578947368,0.6052631578947368,0.00048160552978515625,
C1=CC=1c1cc2c3ccccc3cccc3c4cccc2c4c13,0,0,0.6,0.6,0.0006213188171386719,
CCc1c(C)c2cccc3cccc4c3c1cc1cccc2c14,0,1,0.6075949367088608,0.6075949367088608,0.0005862712860107422,
C=c1c2cccc3cccc4c2cc2c1cccc2c34,1,11,0.6301369863013698,0.6301369863013698,0.0005588531494140625,
c1cc2ccc3c(C4=C5CC54)c4cccc(c1)c4c1cccc2c31,0,0,0.5975609756097561,0.5975609756097561,0.0006961822509765625,
c1cc(C23C4=C2C43)c2cccc3c2ccc2cccc(c1)c23,0,1,0.6103896103896104,0.6103896103896104,0.0005991458892822266,
CCc1cc2c3cc4c1cccc3cccc1cccc2c14,0,0,0.6025641025641025,0.6025641025641025,0.0006535053253173828,
CC1=CC=C1c1cccc2cccc3c2ccc2cccc1c23,0,0,0.6,0.6,0.0005135536193847656,
C1#CC1c1cccc2ccccc3cccc4c3cccc4c12,0,0,0.620253164556962,0.620253164556962,0.0005564689636230469,
c1cc2ccc3cc4c(cccc4c4c(c1)cccc34)C2,3,24,0.618421052631579,0.618421052631579,0.0005042552947998047,
Cc1cccc2cccc3ccc4c1cccc4c23,52,323,0.6571428571428571,0.6571428571428571,0.0004458427429199219,
Cc1cccc2c1ccccc1cccc3c2ccc(C)c13,0,0,0.6103896103896104,0.6103896103896104,0.0005135536193847656,
C=c1c2cccc1c1c3cccc(C)c2ccc1ccc3,0,10,0.6133333333333333,0.6133333333333333,0.000492095947265625,
CC12C=C1C2c1cccc2cccc3ccc4c1cccc4c23,0,0,0.6075949367088608,0.6075949367088608,0.0005381107330322266,
CC(C)Cc1c2cccc3cccc4ccc1c1c4cccc1c32,0,0,0.6049382716049383,0.6049382716049383,0.0005757808685302734,
Cc1cc2cccc3cccc(c4cccc5cc1c54)c32,0,4,0.6486486486486487,0.6486486486486487,0.0005328655242919922,
Cc1ccc2cccc3c4cccc5ccc3c4c5c2c1,0,0,0.6052631578947368,0.6052631578947368,0.0004982948303222656,
c1cc2cc(c1)c1cccc3ccc4c2cccc4c31,14,109,0.7142857142857143,0.7142857142857143,0.0004892349243164062,
c1cc(C2CCC2)c2c(c1)cccc1c3cccc4ccc1c3c42,0,0,0.5975609756097561,0.5975609756097561,0.0006473064422607422,
c1cc2c3cc4ccc5cccc6c(cc4c52)c6c3c1,0,0,0.6,0.6,0.0006310939788818359,
C1=CC=1Cc1cccc2cccc3ccc4c1cccc4c23,30,134,0.6233766233766234,0.6233766233766234,0.0005178451538085938,
C1=CC=1c1c2cccc3cccc4c5cccc(c32)c5c14,6,133,0.6266666666666667,0.6266666666666667,0.0006239414215087891,
CC(C)c1c2cccc3cccc4c5cccc(c1c25)c34,0,5,0.6133333333333333,0.6133333333333333,0.0005290508270263672,
CC1=C(c2c3cccc4cccc5ccc2c2c5cccc2c43)C1,0,0,0.6049382716049383,0.6049382716049383,0.0006093978881835938,
c1cc2c3cc4c5cccc(ccc6cc2c64)c5c3c1,0,0,0.6,0.6,0.0006127357482910156,
C1#CC(Cc2cccc3cccc4ccc5c2cccc5c34)=C1,0,0,0.6,0.6,0.0005736351013183594,
C=C(C)c1cccc2c1cccc1c3cccc4ccc1c3c42,2,44,0.6282051282051282,0.6282051282051282,0.0006084442138671875,
CC1(Cc2c3cccc4cccc5c6cccc(c43)c6c25)C=C1,0,0,0.6075949367088608,0.6075949367088608,0.000640869140625,
C1=CC1c1cccc2c1cccc1c3cccc4ccc1c3c42,1,13,0.6410256410256411,0.6410256410256411,0.0006146430969238281,
c1cc2c3cccc(c3C2)c2cccc3cccc(c1)c32,2,9,0.7323943661971831,0.7323943661971831,0.0005359649658203125,
CC=Cc1cccc2cccc3cccc4c5cccc2c5c(C)c1c34,0,0,0.6385542168674698,0.6385542168674698,0.0006804466247558594,
C=CCc1cccc2cccc3c2ccc2cccc1c23,0,0,0.6052631578947368,0.6052631578947368,0.0004925727844238281,
C=Cc1cc2cccc3cccc4c3c1cc1cccc2c14,0,0,0.6025641025641025,0.6025641025641025,0.0005824565887451172,
c1cc2ccc3c4cc(c1)c1c3cccc1c1cccc2c1C4,0,2,0.6329113924050633,0.6329113924050633,0.0006353855133056641,
c1cc2cccc3c4cc5c(ccc6cc(c4c1)c65)c23,0,0,0.6,0.6,0.0005986690521240234,
c1ccc2cccc3c4ccc4c4cc(c1)ccc4c23,0,0,0.6,0.6,0.0005774497985839844,
CC1=c2ccc(c3c4cccc5cccc(c5ccc4)c23)C1,0,0,0.6025641025641025,0.6025641025641025,0.000579833984375,
C1=C2C1=C2c1cccc2cccc3c2ccc2cccc1c23,4,38,0.6233766233766234,0.6233766233766234,0.0005857944488525391,
C1=Cc2cccc3cccc4ccc5c(cccc5c34)c2=1,1,91,0.64,0.64,0.00047516822814941406,
C=Cc1cccc2cccc3c2ccc2cccc1c23,30,216,0.6301369863013698,0.6301369863013698,0.0004706382751464844,
C=c1cccc(C)c2cccc3ccc4c1cccc4c32,1,13,0.6133333333333333,0.6133333333333333,0.00044846534729003906,
CC1=CC(c2cccc3cccc4ccc5c2cccc5c34)C1,0,1,0.6075949367088608,0.6075949367088608,0.0005199909210205078,
CCc1cccc2cccc3cccc(c4cccc2c4C(C)CC)c13,0,0,0.6071428571428571,0.6071428571428571,0.0006265640258789062,
CC1=CCC1c1cccc2cccc3ccc4c1cccc4c23,0,0,0.6,0.6,0.0005249977111816406,
CC(C)=Cc1cccc2c1cccc1c3cccc4ccc1c3c42,0,0,0.6049382716049383,0.6049382716049383,0.0006046295166015625,
C1=C2CC1C2c1cccc2cccc3c2ccc2cccc1c23,0,1,0.6075949367088608,0.6075949367088608,0.0005688667297363281,
C=Cc1cccc2cccc3cccc(c4cccc2c4C)c13,6,18,0.6710526315789473,0.6710526315789473,0.0005674362182617188,
CC1c2c3cccc2c2c4cccc3c3c1cc3c2ccc4,0,0,0.6025641025641025,0.6025641025641025,0.0006129741668701172,
CC#Cc1c2cccc3cccc4ccc1c1c4cccc1c32,1,11,0.620253164556962,0.620253164556962,0.0005860328674316406,
C1=CC1=Cc1cccc2cccc3ccc4c1cccc4c23,3,20,0.6233766233766234,0.6233766233766234,0.0005693435668945312,
c1cc(C2C3=C2C3)c2cccc3c2ccc2cccc(c1)c23,0,0,0.6025641025641025,0.6025641025641025,0.0006003379821777344,
c1ccc2cc3cccc2c2c(cc1)cccc32,0,0,0.6056338028169014,0.6056338028169014,0.0004343986511230469,
CCC#Cc1c2cccc3cccc4ccc1c1c4cccc1c32,0,0,0.5975609756097561,0.5975609756097561,0.0006129741668701172,
C=Cc1c2cccc3cccc4ccc1c1c4cccc1c32,12,162,0.6447368421052632,0.6447368421052632,0.0005562305450439453,
C1=C(CCc2cccc3cccc4ccc5c2cccc5c34)C1,0,0,0.6,0.6,0.0005486011505126953,
C=c1ccc(CC)c2c3cccc4cccc(c4ccc3)c12,0,0,0.6103896103896104,0.6103896103896104,0.0005471706390380859,
C=C(C)Cc1c2cccc3cccc4ccc1c1c4cccc1c32,0,0,0.6049382716049383,0.6049382716049383,0.0005922317504882812,
CCc1cccc2c(CC)c3cccc4c1cccc1cccc(c12)c34,0,0,0.6190476190476191,0.6190476190476191,0.0006973743438720703,
C1=c2c(cccc3cccc4ccc5c2cccc5c34)CC1,8,36,0.6153846153846154,0.6153846153846154,0.0005235671997070312,
C1=CC1Cc1cccc2cccc3ccc4c1cccc4c23,0,0,0.6025641025641025,0.6025641025641025,0.0005259513854980469,
CC1(c2cccc3c2cccc2c4cccc5ccc2c4c53)C=C1,0,0,0.625,0.625,0.0006299018859863281,
CCc1c2ccccc3cccc4cccc(c5cc3c15)c42,3,38,0.6233766233766234,0.6233766233766234,0.0005848407745361328,
Cc1cccc2c1cccc1c3cccc4ccc1c3c42,8,148,0.6712328767123288,0.6712328767123288,0.0005252361297607422,
Cc1ccc2c(C)c3cccc4c(cccc5cccc(c52)c34)c1,0,0,0.625,0.625,0.0006520748138427734,
CC1(c2cccc3cccc4c5cccc6c(ccc4c56)c23)CC1,0,0,0.625,0.625,0.0006792545318603516,
C=c1c2cccc3cccc4cc1c1c2cccc1c34,6,158,0.6301369863013698,0.6301369863013698,0.0005025863647460938,
CCC1C=C1c1cccc2cccc3c2ccc2cccc1c23,0,0,0.6,0.6,0.0005211830139160156,
C1=CC=1c1cc2c3ccccc4cccc1c4c2ccc3,28,219,0.6266666666666667,0.6266666666666667,0.0005006790161132812,
c1cc2cccc3c2c2cc4cc(c(c1)c1cccc(c2)c13)C4,0,0,0.6,0.6,0.0007312297821044922,
C1#Cc2c(c3cc4cccc(c5cccc6cccc2c65)c43)C1,0,1,0.6125,0.6125,0.0006351470947265625,
c1cc2cccc3c4ccc5c6ccc(c(c1)c26)c5c34,5,51,0.6438356164383562,0.6438356164383562,0.0007863044738769531,
CC=c1cccc2c3cccc4cccc(c4ccc3)c12,6,72,0.6712328767123288,0.6712328767123288,0.0005064010620117188,
c1cc2ccc3ccc4ccc5c6cccc2c(c1)c4c5c36,0,0,0.6363636363636364,0.6363636363636364,0.0006582736968994141,
C1=C2C=1C2c1cccc2cccc3ccc4c1cccc4c23,0,0,0.6025641025641025,0.6025641025641025,0.00054931640625,
c1ccc2ccccc2c2cccc3c(c1)cccc32,17,46,0.6216216216216216,0.6216216216216216,0.00044465065002441406,
C1=C2C1=C2Cc1cccc2cccc3ccc4c1cccc4c23,0,0,0.6,0.6,0.0006082057952880859,
C=c1cccc2c3cccc4cccc(c4ccc3C)c12,2,5,0.6133333333333333,0.6133333333333333,0.0004956722259521484,
CC1=C=C1Cc1cccc2cccc3c4cccc5c(ccc3c45)c12,0,0,0.6024096385542169,0.6024096385542169,0.0006670951843261719,
C1=c2c=1c1cc3cccc4c2cccc2cccc(c21)c34,0,124,0.64,0.64,0.0006074905395507812,
CC1=C(c2cccc3cccc4c5cccc6c(ccc4c56)c23)C1,0,0,0.625,0.625,0.0006535053253173828,
Cc1cc2c3ccccc3cccc3c4cccc2c4c13,2,29,0.6266666666666667,0.6266666666666667,0.0005288124084472656,
c1cc2cccc3c4cccc(c5cc(c1)c45)c23,8,136,0.78125,0.78125,0.0004711151123046875,
c1cc2cccc3c4c5cccc6c2c(c1)cc(c65)c34,0,0,0.6,0.6,0.0006670951843261719,
C1#CC1c1c2cccc3cccc4ccc1c1c4cccc1c32,1,8,0.620253164556962,0.620253164556962,0.0006406307220458984,
C=CCc1cccc2cccc3c4cccc5ccc3c4c5c12,1,6,0.620253164556962,0.620253164556962,0.0006160736083984375,
C1=CC1CCc1c2cccc3cccc4c5cccc(c32)c5c14,0,0,0.6,0.6,0.000705718994140625,
C1=C(Cc2c3cccc4cccc5ccc2c2c5cccc2c43)C1,6,27,0.6172839506172839,0.6172839506172839,0.00061798095703125,
CC(C)=Cc1cccc2cccc3c4cccc5ccc3c4c5c12,0,0,0.6049382716049383,0.6049382716049383,0.0006361007690429688,
CC1(C)Cc2c3cccc2c2cccc4cccc3cccc1c42,3,18,0.6455696202531646,0.6455696202531646,0.0006012916564941406,
CC1=Cc2c(c3cc4cccc5c2cccc2cccc(c23)c45)C1,0,0,0.5975609756097561,0.5975609756097561,0.0006651878356933594,
C=C1C=C(c2cccc3cccc4ccc5c2cccc5c34)C1,0,0,0.6075949367088608,0.6075949367088608,0.0005676746368408203,
C=CCc1c2ccc3cccc4cccc(c5cccc3c25)c14,0,4,0.6410256410256411,0.6410256410256411,0.0005848407745361328,
C1=C(c2cccc3cccc4c3ccc3cccc2c34)CC1,34,158,0.6233766233766234,0.6233766233766234,0.0005102157592773438,
c1ccc2c3ccc4cccc5c(cc3)c2cc(c1)c45,0,0,0.6,0.6,0.0005638599395751953,
CC1=CC1=Cc1cccc2cccc3c2ccc2cccc1c23,0,0,0.6075949367088608,0.6075949367088608,0.0005474090576171875,
Cc1cccc2cccc3ccc4c(ccc5cc1c54)c23,0,0,0.6052631578947368,0.6052631578947368,0.0005297660827636719,
C=C=Cc1cccc2cccc3c2ccc2cccc1c23,0,1,0.6052631578947368,0.6052631578947368,0.0004715919494628906,
C1=CC(c2cccc3cccc4c3ccc3cccc2c34)C1,1,0,0.6025641025641025,0.6025641025641025,0.0005090236663818359,
CCCc1c2cccc1c1cccc3cccc2ccccc31,0,0,0.6,0.6,0.0005712509155273438,
CC#Cc1cccc2ccccc3cccc4c3cccc4c12,0,0,0.620253164556962,0.620253164556962,0.0005357265472412109,
CC=C(C)c1cccc2c1cccc1c3cccc4ccc1c3c42,0,0,0.6049382716049383,0.6049382716049383,0.0006213188171386719,
CCc1c2cc(C)ccc3cccc4cccc(c42)c2c1cccc32,0,0,0.6024096385542169,0.6024096385542169,0.0006511211395263672,
CCC(C)Cc1cccc2cccc3cccc(c4cccc2c4C)c13,0,0,0.6071428571428571,0.6071428571428571,0.0006418228149414062,
CCc1cc2cc3cccc4cccc1c1cccc(c43)c21,0,0,0.6025641025641025,0.6025641025641025,0.0005106925964355469,
CC1=C=C1c1cccc2cccc3c2ccc2cccc1c23,4,12,0.6103896103896104,0.6103896103896104,0.0004985332489013672,
C=C=Cc1c2cccc3cccc4ccc1c1c4cccc1c32,0,2,0.620253164556962,0.620253164556962,0.0006232261657714844,
C1=C2CC12Cc1cccc2cccc3c2ccc2cccc1c23,0,0,0.6075949367088608,0.6075949367088608,0.0005400180816650391,
C=C1C=C1c1cccc2cccc3c2ccc2cccc1c23,8,40,0.631578947368421,0.631578947368421,0.0005407333374023438,
C1=CCc2c(c3cc4cccc5c2cccc2cccc(c23)c45)C=1,0,0,0.6097560975609756,0.6097560975609756,0.0007016658782958984,
Cc1c2cccc3c4cccc5cccc(ccc1c23)c54,2,4,0.7183098591549296,0.7183098591549296,0.000537872314453125,
c1cc2ccc3c(c1)c2c1c2cccc4c3c(cc2)c41,0,18,0.6216216216216216,0.6216216216216216,0.0005977153778076172,
CC=c1c2ccc3cccc4ccc5c(cccc5c34)c12,0,0,0.6052631578947368,0.6052631578947368,0.0005052089691162109,
C=Cc1cc2ccc3c4ccc5cccc(cccc1c24)c53,0,0,0.6025641025641025,0.6025641025641025,0.0005872249603271484,
CCc1c2cccc3cccc4c5cccc(c1c25)c34,5,111,0.6301369863013698,0.6301369863013698,0.0004913806915283203,
Cc1cccc2ccccc3cccc4c3ccc(C)c4c12,0,0,0.6103896103896104,0.6103896103896104,0.0004985332489013672,
C1=CC=1c1cccc2cccc3c4cccc5ccc3c4c5c12,2,41,0.6410256410256411,0.6410256410256411,0.0006351470947265625,
c1cc2cccc3c2cccc(c1)c1cccc(=C2CCCC2)c13,0,0,0.6097560975609756,0.6097560975609756,0.0006253719329833984,
CCc1c2cccc1c1cccc3ccc4c2cccc4c31,3,51,0.6233766233766234,0.6233766233766234,0.0005037784576416016,
C1=CC=1Cc1c2cccc3cccc4c5cccc(c32)c5c14,0,0,0.6025641025641025,0.6025641025641025,0.0006480216979980469,
C=c1c2cc3c4cccc5c6cccc(cccc(c23)c54)c16,0,0,0.6025641025641025,0.6025641025641025,0.0006723403930664062,
Cc1cc2ccc3c4ccc5cccc(cccc1c24)c53,4,23,0.6266666666666667,0.6266666666666667,0.0005471706390380859,
C1=CC(c2cccc3cccc4c3ccc3cccc2c34)C=1,0,0,0.6025641025641025,0.6025641025641025,0.0005056858062744141,
CC1C=C1c1cccc2cccc3c4cccc5ccc3c4c5c12,0,3,0.625,0.625,0.0006577968597412109,
CC1(c2cccc3cccc4c3ccc3cccc2c34)C=C1,2,8,0.6103896103896104,0.6103896103896104,0.0004966259002685547,
Cc1cc2c3ccc4cccc(cccc5c6ccc6c1c53)c42,0,0,0.6,0.6,0.0006709098815917969,
c1cc2ccc3c4ccc5c(c1)c4c1cccc2c1c35,0,0,0.6,0.6,0.0007300376892089844,
C1=c2cccc3cccc4c5cccc(c(c25)CC1)c34,0,0,0.6,0.6,0.0004975795745849609,
CC12CC1c1c3cccc1c1cccc4cccc3cccc2c41,0,4,0.6375,0.6375,0.0006101131439208984,
c1cc2ccc3cc4c5cc6c(cccc6c34)c2c5c1,0,29,0.6216216216216216,0.6216216216216216,0.0006382465362548828,
c1cc2cccc3c4c5cccc4c(c1)c(c5)c23,6,177,0.7272727272727273,0.7272727272727273,0.0005118846893310547,
Cc1ccc2c3cccc(ccccc4cccc(C)c42)c13,6,35,0.6533333333333333,0.6533333333333333,0.0005068778991699219,
Cc1c2cc-2c2cccc3cccc4c3c1cc1cccc2c14,0,0,0.620253164556962,0.620253164556962,0.0006635189056396484,
CC1=C2c3c4cccc3c3cccc5cccc4cccc(c53)CC12,0,0,0.6144578313253012,0.6144578313253012,0.0006463527679443359,
C1=Cc2c(c3c4ccccc5cccc2c5c3ccc4)C1,3,24,0.618421052631579,0.618421052631579,0.0005075931549072266,
c1cc2ccc3c(C4C5=C4C5)c4cccc(c1)c4c1cccc2c31,0,0,0.5975609756097561,0.5975609756097561,0.0007226467132568359,
C1=Cc2c1ccc1cccc3c1ccc1cccc2c13,0,0,0.6,0.6,0.0005373954772949219,
C1=CC(c2cccc3cccc4c5cccc6ccc4c5c6c23)C1,0,3,0.6172839506172839,0.6172839506172839,0.0006344318389892578,
CC1Cc2c1c1cccc3cccc4c3c2cc2cccc1c24,0,0,0.6,0.6,0.0006256103515625,
CC1=C=C1c1cccc2cccc3c4cccc5c(ccc3c45)c12,0,0,0.625,0.625,0.0006756782531738281,
Cc1cccc2c1ccccc1ccc3ccccc1c32,0,0,0.6052631578947368,0.6052631578947368,0.0004658699035644531,
CC1C=C(c2cccc3cccc4c3ccc3cccc2c34)C1,0,0,0.6075949367088608,0.6075949367088608,0.0005145072937011719,
c1cc2c3cccc(c3c3cccc4c(c1)cccc43)CCC2,0,0,0.6125,0.6125,0.0005564689636230469,
CCC1C=Cc2cccc3cccc4cccc(c5cccc3c51)c24,0,0,0.6144578313253012,0.6144578313253012,0.0006051063537597656,
CC=c1cc2c3cccccc4cccc1c4c2ccc3,0,0,0.6052631578947368,0.6052631578947368,0.0004696846008300781,
C1=CC(c2cccc3cccc4c5cccc6c(ccc4c56)c23)C1,0,6,0.6375,0.6375,0.0006806850433349609,
Cc1c2cccc3cccc4c5cccc(c1c25)c34,9,136,0.6571428571428571,0.6571428571428571,0.00046944618225097656,
CC1C=C1c1cccc2cccc3c2ccc2cccc1c23,30,208,0.631578947368421,0.631578947368421,0.0004932880401611328,
C1=CC(c2c3cccc4cccc5ccc2c2c5cccc2c43)C=1,0,3,0.6172839506172839,0.6172839506172839,0.0006496906280517578,
CC1C=C(c2c3cccc4cccc5ccc2c2c5cccc2c43)C1,0,0,0.6024096385542169,0.6024096385542169,0.0006263256072998047,
c1cc2cc(c1)c1c3ccc3c3cccc(c4cc41)c23,0,0,0.6,0.6,0.0006036758422851562,
C#Cc1c(C)ccc2ccccc3cccc4c3cccc4c12,0,0,0.6075949367088608,0.6075949367088608,0.0005176067352294922,
Cc1c2cccc3cccc4c5ccc5c1c1c4cccc1c32,3,41,0.6410256410256411,0.6410256410256411,0.0006473064422607422,
C1=Cc2c(c3cc4cccc5c2cccc2cccc(c23)c45)C=1,3,40,0.6329113924050633,0.6329113924050633,0.0007143020629882812,
C1=C2CC12c1cc2c3ccccc4cccc1c4c2ccc3,0,2,0.6103896103896104,0.6103896103896104,0.0005383491516113281,
C1=CC(c2cccc3cccc4ccc5c2cccc5c34)=C1,9,46,0.6233766233766234,0.6233766233766234,0.0005116462707519531,
c1cc2cccc3c4cc4cc4ccc5c(ccc(c1)c25)c43,2,48,0.6578947368421053,0.6578947368421053,0.0006434917449951172,
CCCc1cccc2cccc3ccc4c1cccc4c23,20,28,0.6052631578947368,0.6052631578947368,0.0004761219024658203,
CCC1C=C1c1cccc2cccc3c4cccc5c(ccc3c45)c12,0,0,0.6144578313253012,0.6144578313253012,0.0006716251373291016,
c1cc2ccc3cc4cccc(c1)c4c1cccc2c31,14,140,0.6666666666666666,0.6666666666666666,0.0005104541778564453,
Cc1ccc2c(C)c1c1cccc3cccc2ccccc31,0,0,0.6103896103896104,0.6103896103896104,0.0005602836608886719,
CC1CC(C)c2cccc3cccc4cccc(c5cccc3c51)c24,0,0,0.6219512195121951,0.6219512195121951,0.0006444454193115234,
C1=CC=1c1cccc2cccc3c4cccc5c(ccc3c45)c12,3,24,0.6623376623376623,0.6623376623376623,0.0006515979766845703,
CC#CCc1cccc2cccc3c4cccc5c(ccc3c45)c12,0,0,0.6172839506172839,0.6172839506172839,0.000621795654296875,
Cc1ccc2cc3cccc4c(cccc5cccc(c52)c34)c1,0,0,0.6,0.6,0.0006365776062011719,
CC1Cc2cccc3cccc4cccc(c5cccc3c51)c24,2,31,0.6623376623376623,0.6623376623376623,0.0005457401275634766,
c1cc2c3ccc4c2c(c1)c1cccc2ccc3c4c21,0,27,0.6216216216216216,0.6216216216216216,0.0005390644073486328,
C1=C(c2cccc3cccc4c5cccc6ccc4c5c6c23)CC1,0,0,0.6172839506172839,0.6172839506172839,0.0006306171417236328,
CCC1(C)Cc2c3cccc2c2cccc4cccc3cccc1c42,0,0,0.6219512195121951,0.6219512195121951,0.0006132125854492188,
CC#Cc1cccc2cccc3ccc4c1cccc4c23,1,4,0.6052631578947368,0.6052631578947368,0.0004658699035644531,
C1=CC(c2cccc3c2cccc2c4cccc5ccc2c4c53)C1,0,0,0.6172839506172839,0.6172839506172839,0.000637054443359375,
Cc1ccc2cccc3c4cccc5cc(ccc1c23)c54,0,0,0.6052631578947368,0.6052631578947368,0.0005457401275634766,
C#Cc1cccc2ccccc3cccc4c3cccc4c12,2,15,0.6447368421052632,0.6447368421052632,0.0005106925964355469,
C1=C(c2cccc3cccc4c5cccc6ccc4c5c6c23)C1,4,28,0.6410256410256411,0.6410256410256411,0.0006387233734130859,
c1cc2ccc3c(CC4CC4)c4cccc(c1)c4c1cccc2c31,0,0,0.5975609756097561,0.5975609756097561,0.0006356239318847656,
c1cc2ccc3c4ccc5ccc(c6cc6c(c1)c24)c53,0,1,0.6216216216216216,0.6216216216216216,0.0005884170532226562,
C=Cc1c(C)c2cc3cccc4c1cccc1cccc(c12)c34,0,0,0.6075949367088608,0.6075949367088608,0.0006163120269775391,
CC1C=Cc2c1c1cccc3cccc4c3c2cc2cccc1c24,2,16,0.6172839506172839,0.6172839506172839,0.0006377696990966797,
Cc1c2cccc1c1cccc3cccc2cccc(CC(C)C)c31,1,5,0.6296296296296297,0.6296296296296297,0.0006172657012939453,
CCc1c(C)c2cc3cccc4c1cccc1cccc(c12)c34,0,0,0.6075949367088608,0.6075949367088608,0.0005886554718017578,
Cc1ccc2c3cccc2c2c(C)cccc2ccccc13,0,0,0.6103896103896104,0.6103896103896104,0.0004954338073730469,
CC(C)c1cccc2cccc3c2ccc2cccc1c23,35,70,0.6133333333333333,0.6133333333333333,0.00048065185546875,
C1=CC1=Cc1cccc2cccc3c2ccc2cccc1c23,2,16,0.6233766233766234,0.6233766233766234,0.0005543231964111328,
CCc1cc2c3ccccc4cccc1c4c2ccc3,12,41,0.6081081081081081,0.6081081081081081,0.0004513263702392578,
C=C(C)c1c2cccc3cccc4c5cccc(c32)c5c14,9,47,0.6133333333333333,0.6133333333333333,0.0005388259887695312,
Cc1c2cccc1c1cccc3cccc2cccc(C2(C)CC2C)c31,0,0,0.6144578313253012,0.6144578313253012,0.0006716251373291016,
CC1C2=CC21c1cccc2cccc3c2ccc2cccc1c23,0,0,0.6075949367088608,0.6075949367088608,0.0005297660827636719,
CCc1cccc2cccc3c2cccc3c2c(C)cccc12,0,0,0.6282051282051282,0.6282051282051282,0.000518798828125,
CC1=C=Cc2c1c1cccc3cccc4c3c2cc2cccc1c24,0,0,0.5975609756097561,0.5975609756097561,0.0006756782531738281,
CC(C)(C)c1cccc2cccc3c4cccc5ccc3c4c5c12,1,1,0.6125,0.6125,0.0006387233734130859,
C1=CC=1c1cccc2c1cccc1c3cccc4ccc1c3c42,4,43,0.6410256410256411,0.6410256410256411,0.0006365776062011719,
C#Cc1c2cccc3cccc4ccc1c1c4cccc1c32,2,61,0.6447368421052632,0.6447368421052632,0.0005671977996826172,
C1=C2C(C1)C2c1cccc2cccc3c2ccc2cccc1c23,0,0,0.6,0.6,0.0005440711975097656,
c1cc2cccc3c4ccc4c4cc(c1)c2c1cccc3c41,4,62,0.6578947368421053,0.6578947368421053,0.0006568431854248047,
c1cc2ccc3c4cccc(c1)c4c1c4ccc2c1c34,0,0,0.6,0.6,0.0006659030914306641,
CCCCc1c2cccc3cccc4ccc1c1c4cccc1c32,0,0,0.5975609756097561,0.5975609756097561,0.000576019287109375,
Cc1ccc2c3cc1cccc1cccc4c3ccc2c14,0,0,0.6052631578947368,0.6052631578947368,0.0006399154663085938,
CC1=CCc2cccc3cccc4cccc(c5cccc3c51)c24,1,3,0.6375,0.6375,0.0005953311920166016,
CCc1c2cccc1c1cccc3cccc2cccc(CC)c31,2,26,0.6455696202531646,0.6455696202531646,0.0005977153778076172,
c1cc2c3c4cccc(c1)c1cccc(c1C1CCC21)c3ccc4,1,7,0.6296296296296297,0.6296296296296297,0.0006234645843505859,
Cc1cccc2c(C)c3cccc4c1cccc1cccc(c12)c34,2,6,0.6666666666666666,0.6666666666666666,0.0006499290466308594,
CC1c2c1c1c3ccccc4cccc2c4c1ccc3,0,1,0.6081081081081081,0.6081081081081081,0.0004673004150390625,
CC1=C=C1c1cccc2cccc3c4cccc5ccc3c4c5c12,0,0,0.6049382716049383,0.6049382716049383,0.0006511211395263672,
c1ccc2cccc3c4c(c5c(c1)cccc5c23)C4,14,226,0.625,0.625,0.0004787445068359375,
CCCc1c(C)c2cccc3cccc(c4cccc5cc1c54)c32,0,0,0.6049382716049383,0.6049382716049383,0.0006105899810791016,
C=C(C)Cc1cccc2c1cccc1c3cccc4ccc1c3c42,0,0,0.6049382716049383,0.6049382716049383,0.0006020069122314453,
CC=c1c2ccc2c2cccc3cccc(c4ccccc24)c13,0,0,0.6,0.6,0.0005974769592285156,
Cc1ccc2c3ccc4cccc(c5cccc(c5)c13)c42,0,0,0.6052631578947368,0.6052631578947368,0.0005331039428710938,
C=C(C)c1c2cccc3cccc4ccc1c1c4cccc1c32,14,122,0.6282051282051282,0.6282051282051282,0.0005536079406738281,
CC1=CC1(C)c1cccc2cccc3ccc4c1cccc4c23,42,80,0.6153846153846154,0.6153846153846154,0.00054931640625,
CC=c1c2ccc3c4cccc5cccc(ccc4c13)c52,0,0,0.6052631578947368,0.6052631578947368,0.0005338191986083984,
Cc1ccc2cccc3c4ccc5cc1c1cccc(c23)c1c54,0,0,0.6,0.6,0.0006353855133056641,
CC=C1C=C1c1cccc2cccc3ccc4c1cccc4c23,0,0,0.6,0.6,0.0005695819854736328,
CC1=Cc2c(c3cccc4cccc5c4c2cc2cccc3c25)C1,0,0,0.5975609756097561,0.5975609756097561,0.0006461143493652344,
Cc1ccc2c(cccc3c4cccc5ccc3c4c52)c1,0,0,0.6052631578947368,0.6052631578947368,0.0005328655242919922,
C=Cc1cccc2cccc3ccc4c1cccc4c23,37,224,0.6301369863013698,0.6301369863013698,0.0004508495330810547,
C1=CC=1Cc1cccc2cccc3c2ccc2cccc1c23,9,113,0.6233766233766234,0.6233766233766234,0.0005054473876953125,
C1=CC(c2c3cccc4cccc5ccc2c2c5cccc2c43)C1,7,23,0.6172839506172839,0.6172839506172839,0.0006220340728759766,
CC1=CC1Cc1cccc2cccc3c2ccc2cccc1c23,0,0,0.6075949367088608,0.6075949367088608,0.0005319118499755859,
Cc1cc2cccc3cccc4ccc5c(ccc1c25)c34,3,29,0.6266666666666667,0.6266666666666667,0.0005381107330322266,
C=c1c2cccc1c1c3cccc1c(C)cccc2C=C3,1,7,0.6133333333333333,0.6133333333333333,0.0004832744598388672,
CCc1cccc2cccc3cccc(c4cccc2c4C2CC2)c13,0,0,0.6219512195121951,0.6219512195121951,0.0006437301635742188,
Cc1c2cccc3cccc4c5ccc(c(ccc2)c15)c34,4,10,0.7681159420289855,0.7681159420289855,0.0006387233734130859,
CCc1cc2cccc3cccc(c4cccc5cc1c54)c32,2,10,0.6233766233766234,0.6233766233766234,0.0005497932434082031,
CCC1=CC1c1cccc2cccc3c2ccc2cccc1c23,0,0,0.6,0.6,0.0005209445953369141,
C1=CC12Cc1c3cccc1c1cccc4cccc3cccc2c41,0,0,0.6375,0.6375,0.0006325244903564453,
c1cc2cccc3c4cc5c6cccc(c1)c4c5c6c23,0,79,0.6666666666666666,0.6666666666666666,0.000652313232421875,
c1cc2cccc3c4cc5c(cccc5c23)c(c1)c1ccc4=1,3,55,0.6578947368421053,0.6578947368421053,0.0006287097930908203,
C=Cc1c(C)c2cccc3cccc4c3c1cc1cccc2c14,0,0,0.6075949367088608,0.6075949367088608,0.0006494522094726562,
CC(C)=c1cccc2c3cccc4cccc(c4ccc3)c12,5,34,0.6533333333333333,0.6533333333333333,0.0005586147308349609,
C1=Cc2c3c(c4cccc5cccc2ccccc54)=C1C3,0,0,0.618421052631579,0.618421052631579,0.000579833984375,
C#CCc1cccc2cccc3c2ccc2cccc1c23,0,0,0.6052631578947368,0.6052631578947368,0.0004725456237792969,
C1=C(c2cccc3c2cccc2c4cccc5ccc2c4c53)CC1,0,0,0.6172839506172839,0.6172839506172839,0.0006358623504638672,
Cc1c2c3c4cccc1c4-c1cccc(c1C=C2)C=CC=3,0,3,0.6266666666666667,0.6266666666666667,0.0005867481231689453,
C=CCc1c2cccc1c1cccc3cccc2ccccc31,0,0,0.6,0.6,0.0005624294281005859,
C1=CC1c1cccc2cccc3c4cccc5ccc3c4c5c12,4,38,0.6410256410256411,0.6410256410256411,0.0006439685821533203,
C=CC(C)c1c2cccc3cccc4ccc1c1c4cccc1c32,0,0,0.6049382716049383,0.6049382716049383,0.0005888938903808594,
CC1=C(c2cccc3cccc4c3ccc3cccc2c34)C=C1,0,0,0.6,0.6,0.000514984130859375,
c1cc2c3c(c1)c1c4cccc2c2c(cc2c1ccc4)C3,3,27,0.618421052631579,0.618421052631579,0.0005941390991210938,
Cc1cccc2cccc3cccc(c4cccc2c4C(C)(C)C)c13,0,4,0.6375,0.6375,0.000614166259765625,
CC#Cc1cccc2cccc3c2ccc2cccc1c23,0,0,0.6052631578947368,0.6052631578947368,0.0004696846008300781,
CCCc1cccc2cccc(C)c3cccc4c3cccc4c12,0,0,0.625,0.625,0.0005426406860351562,
c1cc2cccc3c2c2ccc4c(c(c1)c1cccc(c2)c13)C4,0,3,0.6329113924050633,0.6329113924050633,0.0007100105285644531,
Cc1ccc2c3ccccc4c(C)c1c2c1cccc(ccc3)c41,0,0,0.6049382716049383,0.6049382716049383,0.0006589889526367188,
CCc1c2cccc3c4cccc5cccc(c23)c5c1c1ccc41,0,0,0.5975609756097561,0.5975609756097561,0.0006768703460693359,
CCC(C)C=c1cccc2c3cccc4cccc(c4ccc3)c12,0,0,0.6049382716049383,0.6049382716049383,0.0005800724029541016,
c1cc2ccc3ccc4c(c1)c2c1cccc2c3c4c12,5,143,0.6438356164383562,0.6438356164383562,0.0006554126739501953,
CCCC=c1cccc2c3cccc4cccc(c4ccc3)c12,1,13,0.620253164556962,0.620253164556962,0.0005657672882080078,
Cc1cc2ccc3cccc1c3c1ccc3c2c2cccc1c23,0,0,0.6,0.6,0.0007390975952148438,
CC(C)c1cccc2cccc3c4cccc5ccc3c4c5c12,5,60,0.6282051282051282,0.6282051282051282,0.0005693435668945312,
CCC=c1ccccc2cccc3ccc4c1cccc4c23,0,0,0.6025641025641025,0.6025641025641025,0.00047326087951660156,
C1=C(Cc2cc3c4ccccc5cccc2c5c3ccc4)C1,0,0,0.6025641025641025,0.6025641025641025,0.000530242919921875,
CC1CC1c1c2cccc3cccc4ccc1c1c4cccc1c32,0,0,0.6049382716049383,0.6049382716049383,0.0005917549133300781,
c1cc2cccc3c4cccc5c2c(c1)c(C1CC1)c3c45,0,0,0.6052631578947368,0.6052631578947368,0.0006074905395507812,
C1=C(Cc2c3cccc4cccc5c6cccc(c43)c6c25)C1,0,0,0.6025641025641025,0.6025641025641025,0.0006113052368164062,
CCc1cccc2ccccc3cccc4c(ccc(C)c34)c12,1,10,0.6282051282051282,0.6282051282051282,0.0005254745483398438,
c1ccc2c(c1)cccc1c3cccc4ccc1c3c42,14,143,0.7391304347826086,0.7391304347826086,0.0005288124084472656,
C1=C2CC1(c1cccc3cccc4ccc5c1cccc5c34)C2,0,0,0.6075949367088608,0.6075949367088608,0.0006074905395507812,
C=c1ccc(C)c2c3cccc4cccc(c4ccc3)c12,4,64,0.6351351351351351,0.6351351351351351,0.0005152225494384766,
CC1=CC(c2cccc3cccc4c3ccc3cccc2c34)=C1,0,0,0.6075949367088608,0.6075949367088608,0.0005285739898681641,
C1=C=C(Cc2cccc3cccc4ccc5c2cccc5c34)C=1,0,0,0.6,0.6,0.0005440711975097656,
c1cc2c3ccc4c2c(c1)c1c2cccc1c4c3cc2,0,0,0.6,0.6,0.0006618499755859375,
C=C=c1cccc2c3cccc4cccc(c4ccc3)c12,0,1,0.6712328767123288,0.6712328767123288,0.000522613525390625,
CCc1cc2ccc3c4ccc5cccc(cccc1c24)c53,0,0,0.6025641025641025,0.6025641025641025,0.0005562305450439453,
CC1(C)C=C1c1c2cccc3cccc4ccc1c1c4cccc1c32,2,1,0.6097560975609756,0.6097560975609756,0.0006301403045654297,
C1=CC(c2c3cccc4cccc5c6cccc(c43)c6c25)C1,11,76,0.6233766233766234,0.6233766233766234,0.0006172657012939453,
CCC1=c2c1cccc1cccc3ccc4c2cccc4c13,0,0,0.6025641025641025,0.6025641025641025,0.0005342960357666016,
CC(C)c1c2cccc1c1cccc3cccc2ccccc31,0,0,0.6075949367088608,0.6075949367088608,0.0005784034729003906,
CCc1=c-c2c3cccc2c2cccc4cccc3cccc-1c42,0,4,0.6375,0.6375,0.0006444454193115234,
C1#CC(c2cc3c4ccccc5cccc2c5c3ccc4)=C1,0,0,0.6025641025641025,0.6025641025641025,0.0005495548248291016,
CCCc1c2cccc3cccc4c5ccc(c(ccc2)c15)c34,2,5,0.7066666666666667,0.7066666666666667,0.0006778240203857422,
CC1C=Cc2c1c1c3ccccc4cccc2c4c1ccc3,0,0,0.6025641025641025,0.6025641025641025,0.0005400180816650391,
Cc1c2ccc3ccc4ccccc2c3c2cccc4c12,0,0,0.6052631578947368,0.6052631578947368,0.0005633831024169922,
CCc1c2cccc3cccc4c5ccc(c(ccc2)c15)c34,1,7,0.7361111111111112,0.7361111111111112,0.0006625652313232422,
c1cc2ccc3c(C4CC4)c4cccc(c1)c4c1cccc2c31,12,58,0.620253164556962,0.620253164556962,0.0006349086761474609,
c1cc2c3c4cccc(c1)c1cccc(c1CC2)c3ccc4,0,15,0.68,0.68,0.0005555152893066406,
Cc1c2ccc3c4cccc5c(cccc24)cccc5c13,0,5,0.6266666666666667,0.6266666666666667,0.0005991458892822266,
c1cc2cccc3c4cc5cc-5c(c1)c1cccc(c1c4)c23,0,0,0.6153846153846154,0.6153846153846154,0.0006415843963623047,
C=Cc1cc2cc3cccc4cccc1c1cccc(c43)c21,0,0,0.6025641025641025,0.6025641025641025,0.0005195140838623047,
c1cc2cccc3c4cc5c(c1)c1cccc4c(c23)c15,6,101,0.6438356164383562,0.6438356164383562,0.0005319118499755859,
CC1=CCc2c1c1cccc3cccc4c3c2cc2cccc1c24,0,0,0.5975609756097561,0.5975609756097561,0.0006322860717773438,
CCC=Cc1cccc2cccc3c4cccc5ccc3c4c5c12,0,0,0.5975609756097561,0.5975609756097561,0.0006384849548339844,
C=c1c(C)ccc2c3cccc4cccc(c4ccc3)c12,1,5,0.6133333333333333,0.6133333333333333,0.0005128383636474609,
CC1CCCc2c3cccc2c2cccc4cccc3cccc1c42,0,0,0.6144578313253012,0.6144578313253012,0.0006315708160400391,
c1cc2cccc3c2cccc(c1)c1cccc(=C2CCC2)c13,1,19,0.6410256410256411,0.6410256410256411,0.0005936622619628906,
C=c1ccccc2cccc3ccc4c1cccc4c23,12,185,0.6527777777777778,0.6527777777777778,0.0004191398620605469,
C=C(CC)c1cccc2cccc3c4cccc5ccc3c4c5c12,0,0,0.6049382716049383,0.6049382716049383,0.0006349086761474609,
C1=CCC=1c1c2cccc3cccc4c5cccc(c32)c5c14,0,0,0.6025641025641025,0.6025641025641025,0.0006372928619384766,
Cc1cc2c3ccc4ccc(cccc5cccc1c53)c42,0,0,0.6052631578947368,0.6052631578947368,0.0005512237548828125,
c1cc2cccc3c4cccc5c6c(c-6cc(c1)c23)c54,1,8,0.6216216216216216,0.6216216216216216,0.0005958080291748047,
CCCc1cccc2cccc3c4cccc5c(ccc3c45)c12,2,39,0.6410256410256411,0.6410256410256411,0.0005905628204345703,
C=CC(C)c1cccc2c1cccc1c3cccc4ccc1c3c42,0,0,0.6049382716049383,0.6049382716049383,0.0005764961242675781,
c1ccc2cccc3ccc4c5ccc(cc5c1)c4c23,0,0,0.6,0.6,0.0005326271057128906,
c1cc2c3cccc4c5cccc6cc2c4c5c6c3c1,0,0,0.6,0.6,0.0005962848663330078,
Cc1cc2c3cc4cccc5c6cccc(cccc(c12)c45)c36,0,10,0.6410256410256411,0.6410256410256411,0.0007305145263671875,
c1ccc2c3ccc-3c2c2cccc3c(c1)cccc32,4,62,0.6438356164383562,0.6438356164383562,0.0005052089691162109,
CC1c2c3c1c2c1cc2cccc4c3cccc3cccc(c31)c24,0,0,0.6049382716049383,0.6049382716049383,0.0007886886596679688,
Cc1cc2c3cccc4cccc5c1cc2c1c5cccc1c43,0,0,0.6,0.6,0.0006823539733886719,
CCc1cccc2cccc3ccc4c1cccc4c23,52,284,0.6301369863013698,0.6301369863013698,0.0004534721374511719,
CC1(Cc2c3cccc4cccc5ccc2c2c5cccc2c43)C=C1,0,0,0.6024096385542169,0.6024096385542169,0.0006372928619384766,
CC1=C(C)c2cccc3cccc4cccc(c5cccc3c5C1)c24,0,0,0.6219512195121951,0.6219512195121951,0.0006186962127685547,
