smiles,n_success_mut,n_failures_mut,rediscovery_c1ccc2cccc-2cc1,total,obj_computation_time,history_data
C=C1CC2C=C2c2cccccc1ccc2,25,806,0.5714285714285714,0.5714285714285714,0.00030541419982910156,C
CCC=CCc1cccc(-c2ccccc2)c1,2,462,0.5384615384615384,0.5384615384615384,0.00033283233642578125,
C=C(C)C#Cc1cccc(-c2ccccc2)c1,10,674,0.5490196078431373,0.5490196078431373,0.0003268718719482422,
C=C1C(C)C1c1cccc(-c2ccccc2)c1,58,1074,0.56,0.56,0.0003650188446044922,
C=C1C2=CC1=C2c1cccc(-c2ccccc2)c1,0,437,0.5471698113207547,0.5471698113207547,0.00041794776916503906,
CC1=CCC2=C(C2)c2cccccc1ccc2,1,38,0.5384615384615384,0.5384615384615384,0.00034999847412109375,
C=CC1(c2cccc(-c3ccccc3)c2)C#C1,12,671,0.5490196078431373,0.5490196078431373,0.0003764629364013672,
c1ccc(-c2cccc(C3=C4C5C3C45)c2)cc1,28,1414,0.58,0.58,0.0004189014434814453,
Cc1cc(-c2ccccc2)ccccc2cc1-2,0,38,0.5384615384615384,0.5384615384615384,0.00035262107849121094,
CC(C)C1C=C1c1cccc(-c2ccccc2)c1,10,506,0.5471698113207547,0.5471698113207547,0.0003914833068847656,
Cc1cc(-c2ccccc2)cccc2c#cc1-2,0,41,0.5384615384615384,0.5384615384615384,0.00035309791564941406,
Cc1cc(-c2ccccc2)cccc2ccc1-2,14,812,0.5686274509803921,0.5686274509803921,0.0003371238708496094,
CC#CC(C)c1cccc(-c2ccccc2)c1,13,651,0.5490196078431373,0.5490196078431373,0.0003376007080078125,
c1ccc(-c2cccc(C3=C4C3C43CC3)c2)cc1,9,501,0.5471698113207547,0.5471698113207547,0.00041222572326660156,
Cc1cc(-c2ccccc2)ccc2cccc1-2,0,116,0.5384615384615384,0.5384615384615384,0.00036215782165527344,
CC1=C2CC12c1cccc(-c2ccccc2)c1,5,661,0.5490196078431373,0.5490196078431373,0.0003814697265625,
CC12C(c3cccc(-c4ccccc4)c3)=C3C1C32,5,509,0.5471698113207547,0.5471698113207547,0.000431060791015625,
CC1=c2c3cccc(-c4ccccc4)cccc2c31,1,127,0.5454545454545454,0.5454545454545454,0.0004203319549560547,
C1=C2C13CC23c1cccc(-c2ccccc2)c1,1,458,0.5384615384615384,0.5384615384615384,0.00040531158447265625,
C=C1CCC1c1cccc(-c2ccccc2)c1,0,460,0.5384615384615384,0.5384615384615384,0.0003681182861328125,
c1ccc(C2=C3C2=C3c2ccccc2)cc1,0,473,0.54,0.54,0.0003600120544433594,
CC(C1=C=C1)c1cccc(-c2ccccc2)c1,9,670,0.5490196078431373,0.5490196078431373,0.0003571510314941406,
C#CC1C2=C(c3cccc(-c4ccccc4)c3)C21,3,456,0.5471698113207547,0.5471698113207547,0.0003974437713623047,
CC12C3=C(c4cccc(-c5ccccc5)c4)C1=C32,11,955,0.5576923076923077,0.5576923076923077,0.0004165172576904297,
C#Cc1c2cccc(-c3ccccc3)cccc1-2,6,800,0.5660377358490566,0.5660377358490566,0.0003743171691894531,
CC1C=C1c1cccc(-c2ccccc2)c1,36,1499,0.6170212765957447,0.6170212765957447,0.0003437995910644531,
C=C1c2cccccc(ccc2)C(=C)C(C)C1C,0,36,0.5384615384615384,0.5384615384615384,0.0003387928009033203,
c1ccc(-c2cc3cccc4cc-3c2-4)cc1,1,631,0.56,0.56,0.0003814697265625,
c1ccc(-c2cccc(CC3CCC3)c2)cc1,1,453,0.5384615384615384,0.5384615384615384,0.00036025047302246094,
CC1C=C=C1c1cccc(-c2ccccc2)c1,26,1414,0.5686274509803921,0.5686274509803921,0.0003609657287597656,
C=C1c2cccccc(ccc2)C2=C3C4C3C124,2,154,0.5490196078431373,0.5490196078431373,0.00039649009704589844,
CC12C=C3C1=C=C2c1cccccc3ccc1,2,37,0.5384615384615384,0.5384615384615384,0.0003495216369628906,
Cc1cc2cccc(-c3ccccc3)cc-2c1C,0,161,0.5471698113207547,0.5471698113207547,0.00037384033203125,
C1=Cc2cccc(-c3ccccc3)cccc1c2,1,397,0.5555555555555556,0.5555555555555556,0.0003712177276611328,
CCc1c#ccccc(-c2ccccc2)ccc1,4,815,0.5660377358490566,0.5660377358490566,0.00033664703369140625,
CC1(c2cccc(-c3ccccc3)c2)C=CC1,7,663,0.5490196078431373,0.5490196078431373,0.0003628730773925781,
Cc1cccc2ccc-2cc1-c1ccccc1,0,110,0.5384615384615384,0.5384615384615384,0.00033593177795410156,
c1ccc2cccc(cc1)-c1c3cc(cc1-2)C3,1,89,0.5384615384615384,0.5384615384615384,0.0003974437713623047,
CCC#Cc1cccc(-c2ccccc2)c1,57,1503,0.5714285714285714,0.5714285714285714,0.0003218650817871094,
CC1=C(c2cccc(-c3ccccc3)c2)C12C=C2,2,516,0.5471698113207547,0.5471698113207547,0.0004105567932128906,
C=C1C(=C)C1c1cccc(-c2ccccc2)c1,44,928,0.56,0.56,0.00036144256591796875,
CC(C)C1=C(c2cccc(-c3ccccc3)c2)C1,7,512,0.5471698113207547,0.5471698113207547,0.0003864765167236328,
C=CC1=C(c2cccc(-c3ccccc3)c2)C1C,6,508,0.5471698113207547,0.5471698113207547,0.00035452842712402344,
CC1=CC2=C(CC2)c2cccccc1ccc2,1,40,0.5384615384615384,0.5384615384615384,0.0003376007080078125,
CC1=CC1=Cc1cccc(-c2ccccc2)c1,23,645,0.5490196078431373,0.5490196078431373,0.0003676414489746094,
C=C1C2=C=C(CC2)c2cccccc1ccc2,0,40,0.5384615384615384,0.5384615384615384,0.00035762786865234375,
CC1=C2c3cccccc(ccc3)C3=CC12C3,8,144,0.5490196078431373,0.5490196078431373,0.0003483295440673828,
C#CC1C(=C)c2cccccc(ccc2)C1=C,17,488,0.56,0.56,0.0003426074981689453,
C1=CC1=Cc1cccc(-c2ccccc2)c1,44,1418,0.5714285714285714,0.5714285714285714,0.0003643035888671875,
C1#CC(=Cc2cccc(-c3ccccc3)c2)C1,1,452,0.5384615384615384,0.5384615384615384,0.00036144256591796875,
CC12c3cccc(-c4ccccc4)cccc1c32,2,885,0.5769230769230769,0.5769230769230769,0.00041866302490234375,
c1ccc(-c2cccc(C3C4=C5CC543)c2)cc1,0,457,0.5384615384615384,0.5384615384615384,0.0003714561462402344,
CCC1=C(c2cccc(-c3ccccc3)c2)C1C,7,511,0.5471698113207547,0.5471698113207547,0.0003879070281982422,
CC1=C(c2cccc(-c3ccccc3)c2)C1(C)C,31,1402,0.5686274509803921,0.5686274509803921,0.0003924369812011719,
c1ccc(-c2cccc(-c3c4c5cc4c35)c2)cc1,3,472,0.5471698113207547,0.5471698113207547,0.0004673004150390625,
CC1CC=C1c1cccc(-c2ccccc2)c1,26,1421,0.5686274509803921,0.5686274509803921,0.0003638267517089844,
C=C1c2cccccc(ccc2)C(=CC)C1C,41,563,0.56,0.56,0.0003299713134765625,
C=C1CC2=C=C2c2cccccc1ccc2,72,721,0.5714285714285714,0.5714285714285714,0.0003132820129394531,
C=C1CC2=C(CC2)c2cccccc1ccc2,1,38,0.5384615384615384,0.5384615384615384,0.00033593177795410156,
C=c1ccccc(-c2ccccc2)cccc1=C,7,837,0.5769230769230769,0.5769230769230769,0.00034236907958984375,
C=C1C(c2ccccc2)=C1c1ccccc1,0,473,0.54,0.54,0.0003342628479003906,
C(=C1CCC1)c1cccc(-c2ccccc2)c1,1,453,0.5384615384615384,0.5384615384615384,0.0003707408905029297,
CC1=C2C3=C(CC23)c2cccccc1ccc2,0,0,0.5384615384615384,0.5384615384615384,0.00037097930908203125,
C1=CC(c2cccc(-c3ccccc3)c2)C1,76,1444,0.5714285714285714,0.5714285714285714,0.00035119056701660156,
C=C1c2cccccc(ccc2)C2=C3C14CC234,1,150,0.5490196078431373,0.5490196078431373,0.0003809928894042969,
CCC(CC)c1cccc(-c2ccccc2)c1,15,653,0.5490196078431373,0.5490196078431373,0.00033736228942871094,
CC1(C)C=C1c1cccc(-c2ccccc2)c1,23,1490,0.5918367346938775,0.5918367346938775,0.0003635883331298828,
C=C1C2=C3C4=C(c5cccccc1ccc5)C234,1,45,0.5384615384615384,0.5384615384615384,0.0003819465637207031,
Cc1c#cc2cc(-c3ccccc3)cccc1-2,2,42,0.5384615384615384,0.5384615384615384,0.00036144256591796875,
C1=C2c3cccccc(ccc3)C3=C4C3C124,49,735,0.5714285714285714,0.5714285714285714,0.00037670135498046875,
C#CC=C1CC(=C)c2cccccc1ccc2,2,149,0.5490196078431373,0.5490196078431373,0.00034427642822265625,
CC(C)C(C)c1cccc(-c2ccccc2)c1,57,1116,0.56,0.56,0.00033020973205566406,
Cc1ccc(-c2ccccc2)cc1,29,1670,0.6190476190476191,0.6190476190476191,0.00026154518127441406,
CC(C)C1=C=C1c1cccc(-c2ccccc2)c1,3,507,0.5471698113207547,0.5471698113207547,0.00039315223693847656,
C=C=C1c2cccccc(ccc2)C2=C(C)C12,2,154,0.5490196078431373,0.5490196078431373,0.00036406517028808594,
CC1=C=C(c2cccc(-c3ccccc3)c2)C1C,4,510,0.5471698113207547,0.5471698113207547,0.00038170814514160156,
CC1C2=CC3C(=C13)c1cccccc2ccc1,0,0,0.5384615384615384,0.5384615384615384,0.0003733634948730469,
C=C1c2cccccc(ccc2)C(=C)C1C,6,836,0.5957446808510638,0.5957446808510638,0.0003120899200439453,
C=CC1=C=C(C)c2cccccc1ccc2,2,76,0.5833333333333334,0.5833333333333334,0.0003037452697753906,
CC=C1C(C)=C1c1cccc(-c2ccccc2)c1,3,508,0.5471698113207547,0.5471698113207547,0.0003814697265625,
C=C=C1c2cccccc(ccc2)C2=CCC12,0,0,0.5384615384615384,0.5384615384615384,0.0003800392150878906,
C1=C2C=C2C=1c1cccc(-c2ccccc2)c1,18,952,0.5576923076923077,0.5576923076923077,0.0003993511199951172,
C=CCC#Cc1cccc(-c2ccccc2)c1,0,0,0.5384615384615384,0.5384615384615384,0.00033473968505859375,
CCC(C)Cc1cccc(-c2ccccc2)c1,16,633,0.5490196078431373,0.5490196078431373,0.0003256797790527344,
CCCC=Cc1cccc(-c2ccccc2)c1,0,0,0.5384615384615384,0.5384615384615384,0.0003285408020019531,
CC1=C2CC13C=C3c1cccccc2ccc1,0,0,0.5384615384615384,0.5384615384615384,0.0003654956817626953,
C#CC=C(C)c1cccc(-c2ccccc2)c1,16,635,0.5490196078431373,0.5490196078431373,0.00033211708068847656,
C1=CC=1CCc1cccc(-c2ccccc2)c1,0,0,0.5384615384615384,0.5384615384615384,0.00035762786865234375,
C1#CC(c2cccc(-c3ccccc3)c2)=C1,31,1438,0.6041666666666666,0.6041666666666666,0.00034689903259277344,
CC1=C=C(C2C=C2)c2cccccc1ccc2,0,5,0.5490196078431373,0.5490196078431373,0.0003559589385986328,
C1=C2CC1C2c1cccc(-c2ccccc2)c1,5,655,0.5490196078431373,0.5490196078431373,0.00041556358337402344,
Cc1cc2cccc-2cc(-c2ccccc2)c1,50,845,0.5686274509803921,0.5686274509803921,0.00035691261291503906,
C1=C(c2ccccc2)C=C1c1ccccc1,4,470,0.54,0.54,0.00034499168395996094,
CC1=CC2(C)C=C2c2cccccc1ccc2,0,169,0.5490196078431373,0.5490196078431373,0.0003345012664794922,
CC1=C(c2ccccc2)c2cccc(c2)C1,1,473,0.54,0.54,0.00034737586975097656,
C1=CC(c2cccccc(C3=CC3)ccc2)=C1,0,69,0.5490196078431373,0.5490196078431373,0.00034809112548828125,
Cc1cc(-c2ccccc2)cccc2ccc1=2,0,0,0.5384615384615384,0.5384615384615384,0.0003459453582763672,
CC1(c2cccc(-c3ccccc3)c2)CCC1,10,658,0.5490196078431373,0.5490196078431373,0.0003559589385986328,
CC(C)c1cccc(-c2ccccc2)c1,55,1634,0.6222222222222222,0.6222222222222222,0.00029587745666503906,
CC1C#CC1c1cccc(-c2ccccc2)c1,0,0,0.5384615384615384,0.5384615384615384,0.0003249645233154297,
CC1=C(c2cccc(-c3ccccc3)c2)C=C1,19,1421,0.5686274509803921,0.5686274509803921,0.0003807544708251953,
Cc1ccc2cccc-2cc1-c1ccccc1,40,864,0.5686274509803921,0.5686274509803921,0.0003330707550048828,
Cc1ccc2cccc(-c3ccccc3)cc1-2,55,848,0.5686274509803921,0.5686274509803921,0.0003552436828613281,
CC1=C2CC1=C2c1cccc(-c2ccccc2)c1,4,502,0.5471698113207547,0.5471698113207547,0.00041675567626953125,
C=C1C=C1c1cccccc(C2=CC2)ccc1,37,404,0.56,0.56,0.00033211708068847656,
C=C1c2cccccc(ccc2)C2=CC(C)C12,2,199,0.5490196078431373,0.5490196078431373,0.00034689903259277344,
Cc1cccc(-c2ccccc2)ccc2cc1-2,17,908,0.5686274509803921,0.5686274509803921,0.00036835670471191406,
C1=C(c2cccc(-c3ccccc3)c2)C2CC12,29,951,0.5576923076923077,0.5576923076923077,0.00040435791015625,
C1=C2C(=C2c2cccc(-c3ccccc3)c2)C1,33,1406,0.5686274509803921,0.5686274509803921,0.0003867149353027344,
CC1C=C1Cc1cccc(-c2ccccc2)c1,24,658,0.5490196078431373,0.5490196078431373,0.0003635883331298828,
CC(C1=CC1)c1cccc(-c2ccccc2)c1,20,657,0.5490196078431373,0.5490196078431373,0.0003571510314941406,
Cc1cccc(-c2ccccc2)cc2c3c1c23,2,300,0.5490196078431373,0.5490196078431373,0.00041675567626953125,
C1=CC=1c1cccccc(C2=C3C=C32)ccc1,0,77,0.5490196078431373,0.5490196078431373,0.00036025047302246094,
CC1=C=C2CC=C1c1cccccc2ccc1,0,0,0.5384615384615384,0.5384615384615384,0.00033736228942871094,
CCCC#Cc1cccc(-c2ccccc2)c1,0,0,0.5384615384615384,0.5384615384615384,0.00030732154846191406,
C1=C(c2cccccc(C3=CCC3)ccc2)C1,2,89,0.5490196078431373,0.5490196078431373,0.0003352165222167969,
CC1=C=C2CC=C2c2cccccc1ccc2,0,0,0.5384615384615384,0.5384615384615384,0.00035262107849121094,
C=C(C)C1C=C1c1cccc(-c2ccccc2)c1,8,498,0.5471698113207547,0.5471698113207547,0.0003867149353027344,
C=C1CC(=CCC)c2cccccc1ccc2,2,198,0.5490196078431373,0.5490196078431373,0.00034165382385253906,
Cc1cc(-c2ccccc2)cccc2cc-2c1C,1,183,0.5471698113207547,0.5471698113207547,0.0003762245178222656,
Cc1cccc(-c2ccccc2)ccc(C)cc1,3,165,0.5471698113207547,0.5471698113207547,0.0003535747528076172,
c1ccc2cccc(cc1)C1=C3C1C31C3=C2C31,2,77,0.5490196078431373,0.5490196078431373,0.00039386749267578125,
CC1=CC2C3=C(c4cccccc1ccc4)C32,3,79,0.5490196078431373,0.5490196078431373,0.00037789344787597656,
Cc1cc(-c2ccccc2)cccc2c3c1c23,0,309,0.5490196078431373,0.5490196078431373,0.0004374980926513672,
c1ccc(-c2cccc(C34C5C3C54)c2)cc1,39,1450,0.5833333333333334,0.5833333333333334,0.00039005279541015625,
C=C1C2=C(C)C(=C2)c2cccccc1ccc2,2,196,0.5490196078431373,0.5490196078431373,0.0003819465637207031,
c1ccc2cccc(cc1)C1=C3C4=C2C1C43,0,229,0.56,0.56,0.0003485679626464844,
Cc1c#cccccc(-c2ccccc2)cc1,0,0,0.5384615384615384,0.5384615384615384,0.0003445148468017578,
C=C1c2cccccc(ccc2)C2=CCC12C,9,201,0.5490196078431373,0.5490196078431373,0.0003566741943359375,
CC1=C2C=C(C2)c2cccccc1ccc2,46,678,0.5833333333333334,0.5833333333333334,0.00034928321838378906,
CC1C2=C1C2c1cccc(-c2ccccc2)c1,18,657,0.5490196078431373,0.5490196078431373,0.00036787986755371094,
C=C1CC1Cc1cccc(-c2ccccc2)c1,23,647,0.5490196078431373,0.5490196078431373,0.00035953521728515625,
C=C=C=C(C)c1cccc(-c2ccccc2)c1,6,655,0.5490196078431373,0.5490196078431373,0.0003445148468017578,
C=C1CC(=C=CC)c2cccccc1ccc2,2,181,0.5490196078431373,0.5490196078431373,0.00032901763916015625,
C=c1cccc(-c2ccccc2)ccc2c3c1c2-3,0,7,0.5471698113207547,0.5471698113207547,0.00042057037353515625,
C=C(C)c1cccccc(-c2ccccc2)ccc1,1,109,0.5454545454545454,0.5454545454545454,0.0003533363342285156,
c1ccc2cccc(cc1)C1=C3CC2=C3C1,52,465,0.56,0.56,0.0003464221954345703,
c1ccc(-c2cccc(C34C5=C6C3C654)c2)cc1,0,625,0.5490196078431373,0.5490196078431373,0.0004000663757324219,
CC1=C2c3cccccc(ccc3)C3=C(C3)C12,0,0,0.5384615384615384,0.5384615384615384,0.0003292560577392578,
C1=CC=1c1cccc(-c2ccccc2)c1,20,1514,0.6444444444444445,0.6444444444444445,0.00032019615173339844,
C=C1C2=CC(=C2)c2cccccc1ccc2,41,787,0.5833333333333334,0.5833333333333334,0.0003459453582763672,
Cc1ccc(-c2ccccc2)cc1C,34,999,0.5555555555555556,0.5555555555555556,0.0002772808074951172,
C=C1c2cccccc(ccc2)C2=C3C1C23,47,766,0.5833333333333334,0.5833333333333334,0.00032782554626464844,
CC1=C2C1C2c1cccc(-c2ccccc2)c1,11,639,0.5490196078431373,0.5490196078431373,0.00038051605224609375,
CCC=C(C)c1cccc(-c2ccccc2)c1,7,644,0.5490196078431373,0.5490196078431373,0.0003304481506347656,
CC1=C(c2ccccc2)Cc2cccc1c2,0,473,0.54,0.54,0.0003581047058105469,
CC=Cc1ccc(-c2ccccc2)cc1,0,475,0.5416666666666666,0.5416666666666666,0.00029540061950683594,
C=c1c#cccc(-c2ccccc2)cccc1=C,0,113,0.5471698113207547,0.5471698113207547,0.0003483295440673828,
CC1=C2C3=C(c4cccccc1ccc4)C23,40,699,0.5833333333333334,0.5833333333333334,0.0003421306610107422,
C=CC1C2=C(c3cccc(-c4ccccc4)c3)C21,5,471,0.5471698113207547,0.5471698113207547,0.00039386749267578125,
Cc1cccc(C2=C=C2c2ccccc2)c1,0,473,0.54,0.54,0.0003311634063720703,
C#CC(C)(C)c1cccc(-c2ccccc2)c1,19,1231,0.56,0.56,0.00032591819763183594,
C=C1c2cccccc(ccc2)C2=CC1C2,17,808,0.5833333333333334,0.5833333333333334,0.0003190040588378906,
C=C1C=CCC(=C)c2cccccc1ccc2,4,181,0.5490196078431373,0.5490196078431373,0.00034737586975097656,
c1ccc(-c2cccc(C3=C4C5CC34C5)c2)cc1,2,513,0.5471698113207547,0.5471698113207547,0.00044417381286621094,
C=C1C=CC(=C)c2cccccc1ccc2,3,845,0.5833333333333334,0.5833333333333334,0.000316619873046875,
C#CC(C)c1cccc(-c2ccccc2)c1,31,1558,0.5833333333333334,0.5833333333333334,0.00031065940856933594,
C=Cc1cccc(-c2ccccc2)c1,29,1583,0.6511627906976745,0.6511627906976745,0.00028395652770996094,
C=CC(C)(C)c1cccc(-c2ccccc2)c1,42,1194,0.56,0.56,0.00034165382385253906,
C=C1C=C=C(C)c2cccccc1ccc2,1,746,0.5833333333333334,0.5833333333333334,0.00030159950256347656,
C=CC1=CCC(=C)c2cccccc1ccc2,6,118,0.5490196078431373,0.5490196078431373,0.00033020973205566406,
C#CC1=C(c2ccccc2)c2cccc1c2,23,1241,0.5714285714285714,0.5714285714285714,0.00034165382385253906,
C#CC1=C2C=C(C2)c2cccccc1ccc2,1,106,0.5490196078431373,0.5490196078431373,0.00036144256591796875,
C=C1CC(=C2C=C2)c2cccccc1ccc2,4,126,0.5490196078431373,0.5490196078431373,0.0003643035888671875,
C#CC1=C=CC(=C)c2cccccc1ccc2,0,138,0.5490196078431373,0.5490196078431373,0.00032711029052734375,
C=C1c2c3cccc(-c4ccccc4)cccc2C13,0,59,0.5454545454545454,0.5454545454545454,0.00041675567626953125,
C=CCC1=C=C(C)c2cccccc1ccc2,2,11,0.5490196078431373,0.5490196078431373,0.0003325939178466797,
C1=CCC=1c1cccc(-c2ccccc2)c1,37,1473,0.6041666666666666,0.6041666666666666,0.00033855438232421875,
C=CC1=CC(c2cccc(-c3ccccc3)c2)=C1,5,425,0.5471698113207547,0.5471698113207547,0.0003886222839355469,
C=C1C2=C1C2c1cccc(-c2ccccc2)c1,14,661,0.5490196078431373,0.5490196078431373,0.00037479400634765625,
Cc1cc2ccc(-c3ccccc3)cccc1=2,24,732,0.5686274509803921,0.5686274509803921,0.0003476142883300781,
CC1=C2C1=C2c1cccc(-c2ccccc2)c1,26,1489,0.58,0.58,0.0003917217254638672,
c1ccc(-c2cccc(CC3CC3)c2)cc1,49,1496,0.5714285714285714,0.5714285714285714,0.0003421306610107422,
C1=CC#CC=1c1cccc(-c2ccccc2)c1,16,920,0.5576923076923077,0.5576923076923077,0.00037288665771484375,
CC1=C2C3=C(c4cccccc1ccc4)C2C3,5,215,0.5490196078431373,0.5490196078431373,0.0003612041473388672,
C#CC1C(C)=C1c1cccc(-c2ccccc2)c1,1,508,0.5471698113207547,0.5471698113207547,0.00038886070251464844,
CCc1ccc(-c2ccccc2)cccc2cc1-2,7,894,0.5660377358490566,0.5660377358490566,0.0003879070281982422,
C=CC1=C=C(c2cccc(-c3ccccc3)c2)C1,5,501,0.5471698113207547,0.5471698113207547,0.0003914833068847656,
C=C1C#CCC(=C)c2cccccc1ccc2,5,199,0.5490196078431373,0.5490196078431373,0.0003376007080078125,
C=C=C(C)c1cccc(-c2ccccc2)c1,28,1528,0.5833333333333334,0.5833333333333334,0.00032401084899902344,
c1ccc(-c2cccc(CC34CC3C4)c2)cc1,9,753,0.5490196078431373,0.5490196078431373,0.0003733634948730469,
C=C(C)C=Cc1cccc(-c2ccccc2)c1,28,732,0.5490196078431373,0.5490196078431373,0.0003380775451660156,
c1ccc2cccc(cc1)-c1ccc-2cc1,12,880,0.625,0.625,0.00037550926208496094,
C=CC(C)=Cc1cccc(-c2ccccc2)c1,17,733,0.5490196078431373,0.5490196078431373,0.00033593177795410156,
CC=CC1=C=C(C)c2cccccc1ccc2,0,6,0.5490196078431373,0.5490196078431373,0.0003330707550048828,
CC(C)=C(C)c1cccc(-c2ccccc2)c1,28,1256,0.56,0.56,0.0003407001495361328,
C1=C2CC2=C1c1cccc(-c2ccccc2)c1,18,861,0.5576923076923077,0.5576923076923077,0.0003795623779296875,
CC=C1CC(=CC)c2cccccc1ccc2,2,259,0.5490196078431373,0.5490196078431373,0.00034308433532714844,
C#Cc1cccc(-c2ccccc2)cccc(C)c1,1,133,0.5454545454545454,0.5454545454545454,0.0003705024719238281,
C=CC1(c2cccc(-c3ccccc3)c2)C=C1,16,699,0.5490196078431373,0.5490196078431373,0.00037550926208496094,
C#Cc1cccc(-c2ccccc2)c1,26,1584,0.6511627906976745,0.6511627906976745,0.0002722740173339844,
CC1(c2cccc(-c3ccccc3)c2)C2=C=C21,4,719,0.5490196078431373,0.5490196078431373,0.0003504753112792969,
C#CC1=C(c2cccc(-c3ccccc3)c2)C1C,3,512,0.5471698113207547,0.5471698113207547,0.0003733634948730469,
C1#CC12C1=C(c3cccc(-c4ccccc4)c3)C12,2,506,0.5471698113207547,0.5471698113207547,0.00040411949157714844,
CC1=CC2=C=C2c2cccccc1ccc2,65,705,0.5714285714285714,0.5714285714285714,0.0003402233123779297,
CC1(C)C=C(c2cccc(-c3ccccc3)c2)C1,22,952,0.5576923076923077,0.5576923076923077,0.00038552284240722656,
Cc1ccc(-c2ccccc2)cccc2c3c1C23,3,154,0.5471698113207547,0.5471698113207547,0.0004215240478515625,
CC1CC(c2cccc(-c3ccccc3)c2)C1,8,739,0.5490196078431373,0.5490196078431373,0.0003676414489746094,
CC1=C(c2cccc(-c3ccccc3)c2)CC1,18,1432,0.5686274509803921,0.5686274509803921,0.0003597736358642578,
C1=C2C=1c1cccccc(ccc1)C1=C2C1,24,603,0.56,0.56,0.0003306865692138672,
Cc1cc2cccc(-c3ccccc3)cc-2c1,46,856,0.5686274509803921,0.5686274509803921,0.00034236907958984375,
C1=C2C3C1C23c1cccc(-c2ccccc2)c1,18,750,0.5490196078431373,0.5490196078431373,0.00041961669921875,
C1=C(c2cccc(-c3ccccc3)c2)C1,21,1531,0.6444444444444445,0.6444444444444445,0.0003261566162109375,
C=C1CC2=C(c3cccccc1ccc3)C2C,10,199,0.5490196078431373,0.5490196078431373,0.0003292560577392578,
C=C1c2cccccc(ccc2)C(=C)C12C=C2,41,496,0.56,0.56,0.00035381317138671875,
C=C(C)C1=C=C(C)c2cccccc1ccc2,0,16,0.56,0.56,0.00036716461181640625,
CC1=C(C)c2cccccc(ccc2)C2=C1C2,7,211,0.5490196078431373,0.5490196078431373,0.0003452301025390625,
C=CC(C)Cc1cccc(-c2ccccc2)c1,28,743,0.5490196078431373,0.5490196078431373,0.00033593177795410156,
C1#CC12C=C(c1cccc(-c3ccccc3)c1)C2,5,520,0.5471698113207547,0.5471698113207547,0.0003998279571533203,
c1ccc(-c2ccc3cccc-3cc2)cc1,9,902,0.625,0.625,0.0003235340118408203,
CC1=C(C)c2cccccc(ccc2)C2=C=C21,6,206,0.5490196078431373,0.5490196078431373,0.0003292560577392578,
C=C1CC2=CC(=C2)c2cccccc1ccc2,7,243,0.5490196078431373,0.5490196078431373,0.00036907196044921875,
CC=C1c2cccccc(ccc2)C2=C3C1C23,1,251,0.5490196078431373,0.5490196078431373,0.0003609657287597656,
C=C1c2cccccc(ccc2)C2=C(C)C1C2,2,254,0.5490196078431373,0.5490196078431373,0.0003421306610107422,
c1ccc2cccc(cc1)C1=C3C4=C2CC431,34,595,0.56,0.56,0.0003573894500732422,
C=C1c2cccccc(ccc2)C2=CC1(C)C2,11,661,0.56,0.56,0.000347137451171875,
c1ccc(-c2ccc3cc2-3)cc1,82,1646,0.5714285714285714,0.5714285714285714,0.00025463104248046875,
C=C1CC2C(C)=C2c2cccccc1ccc2,9,277,0.5490196078431373,0.5490196078431373,0.00032973289489746094,
C=C(C)Cc1cccc(-c2ccccc2)c1,43,1570,0.5833333333333334,0.5833333333333334,0.0003070831298828125,
c1ccc(C2=C3c4cccc(c4)C23)cc1,8,1392,0.5625,0.5625,0.0003490447998046875,
C=C(C)c1cc2cccc(-c3ccccc3)ccc1-2,0,86,0.5454545454545454,0.5454545454545454,0.00038743019104003906,
C1=C(c2ccccc2)c2cccc(c2)C1,9,1395,0.5625,0.5625,0.0003426074981689453,
CC12C3=C1C3=C2c1cccc(-c2ccccc2)c1,2,525,0.5471698113207547,0.5471698113207547,0.0004410743713378906,
CC12C3C1C32c1cccc(-c2ccccc2)c1,53,1136,0.56,0.56,0.00040459632873535156,
C=C1C(CC)=C1c1cccc(-c2ccccc2)c1,5,522,0.5471698113207547,0.5471698113207547,0.0003879070281982422,
CC1C2=C(c3cccc(-c4ccccc4)c3)C21C,19,952,0.5576923076923077,0.5576923076923077,0.00039696693420410156,
CCC1=C=C(c2cccc(-c3ccccc3)c2)C1,7,521,0.5471698113207547,0.5471698113207547,0.0003781318664550781,
CC1=C=C2C3=C(c4cccccc1ccc4)C23,2,81,0.5490196078431373,0.5490196078431373,0.00038242340087890625,
CC=C1c2cccccc(ccc2)C2=CC1C2,8,269,0.5490196078431373,0.5490196078431373,0.000339508056640625,
c1ccc(-c2cccc(C3=C4CC4C3)c2)cc1,20,949,0.5576923076923077,0.5576923076923077,0.0003714561462402344,
CC1(C)CC=C1c1cccc(-c2ccccc2)c1,12,516,0.5471698113207547,0.5471698113207547,0.0003833770751953125,
C=C1CC(=C(C)C)c2cccccc1ccc2,22,583,0.56,0.56,0.0003261566162109375,
CCC1=C2C3=C(c4cccccc1ccc4)C23,1,218,0.5490196078431373,0.5490196078431373,0.0003578662872314453,
C=C=Cc1ccc(-c2ccccc2)cc1,0,475,0.5416666666666666,0.5416666666666666,0.0003032684326171875,
C=C1C(=C)c2cccccc(ccc2)C2=C1C2,16,119,0.5490196078431373,0.5490196078431373,0.0003490447998046875,
c1ccc(-c2cccc(C3C4=C5C4C53)c2)cc1,16,753,0.5490196078431373,0.5490196078431373,0.00041365623474121094,
c1ccc2cccc(cc1)C1=C3C4=C2C31C4,0,503,0.56,0.56,0.0003647804260253906,
C1=C2CC12Cc1cccc(-c2ccccc2)c1,11,776,0.5490196078431373,0.5490196078431373,0.00039076805114746094,
C1=CC(Cc2cccc(-c3ccccc3)c2)=C1,0,0,0.5384615384615384,0.5384615384615384,0.0003333091735839844,
c1ccc(-c2cccc(CCC3CC3)c2)cc1,0,0,0.5384615384615384,0.5384615384615384,0.00032973289489746094,
CC(C)c1cccccc(-c2ccccc2)ccc1,1,144,0.5454545454545454,0.5454545454545454,0.0003535747528076172,
C1=C(c2ccc(-c3ccccc3)cc2)C1,0,474,0.5416666666666666,0.5416666666666666,0.00032258033752441406,
C=C1C2=CC23C=C3c2cccccc1ccc2,0,12,0.5384615384615384,0.5384615384615384,0.0003707408905029297,
c1ccc(-c2ccccc3cccc2-3)cc1,12,674,0.56,0.56,0.0003211498260498047,
CCCC(C)c1cccc(-c2ccccc2)c1,17,768,0.5490196078431373,0.5490196078431373,0.0003254413604736328,
C#CC1=C=C1c1cccc(-c2ccccc2)c1,32,1305,0.5686274509803921,0.5686274509803921,0.0003724098205566406,
C#CC(C=C)c1cccc(-c2ccccc2)c1,24,755,0.5490196078431373,0.5490196078431373,0.0003437995910644531,
C=C1c2ccccc(-c3ccccc3)cccc21,4,805,0.5660377358490566,0.5660377358490566,0.0003590583801269531,
C=C1c2cccccc(ccc2)C2=C(CC)C12,7,253,0.5490196078431373,0.5490196078431373,0.0003578662872314453,
CC1C(c2ccccc2)=C1c1ccccc1,0,474,0.54,0.54,0.0003266334533691406,
C1=C2C(=C1c1ccccc1)c1cccc2c1,30,998,0.56,0.56,0.00035834312438964844,
CC(C)CCc1cccc(-c2ccccc2)c1,25,760,0.5490196078431373,0.5490196078431373,0.00032329559326171875,
C#CC12C=C1c1cccccc(ccc1)C2=C,12,185,0.5490196078431373,0.5490196078431373,0.00034165382385253906,
C1=C2CC13C1=C(c4cccccc2ccc4)C13,2,240,0.5490196078431373,0.5490196078431373,0.0004265308380126953,
CC1=C(c2cccc(-c3ccccc3)c2)C1,30,1542,0.6170212765957447,0.6170212765957447,0.00035119056701660156,
C=CC1C=C1c1cccc(-c2ccccc2)c1,30,1394,0.5686274509803921,0.5686274509803921,0.0003800392150878906,
c1ccc(-c2cccc(C34CC(C3)C4)c2)cc1,14,774,0.5490196078431373,0.5490196078431373,0.0004017353057861328,
CC1(C)C2=C(c3cccc(-c4ccccc4)c3)C21,29,944,0.5576923076923077,0.5576923076923077,0.00040149688720703125,
C=C=CCCc1cccc(-c2ccccc2)c1,0,0,0.5384615384615384,0.5384615384615384,0.0003120899200439453,
C=C1CC(C)(C)C(=C)c2cccccc1ccc2,0,0,0.5384615384615384,0.5384615384615384,0.00034499168395996094,
C1=C2CC=C(C1)c1cccccc2ccc1,62,444,0.56,0.56,0.00033783912658691406,
C=C1CCC=C(C)c2cccccc1ccc2,7,210,0.5490196078431373,0.5490196078431373,0.00033974647521972656,
C=CC(=C)c1cccc(-c2ccccc2)c1,22,1478,0.5833333333333334,0.5833333333333334,0.0003223419189453125,
C=Cc1ccc(-c2ccccc2)cc1,8,1542,0.5777777777777777,0.5777777777777777,0.0002796649932861328,
C=C1C=C(c2cccc(-c3ccccc3)c2)C1,32,1405,0.58,0.58,0.0003719329833984375,
CCC1=C(c2ccccc2)c2cccc1c2,42,1332,0.5714285714285714,0.5714285714285714,0.0003352165222167969,
C=CC(C)c1cccc(-c2ccccc2)c1,46,1563,0.5833333333333334,0.5833333333333334,0.0003094673156738281,
CC1C2=CC21c1cccc(-c2ccccc2)c1,10,768,0.5490196078431373,0.5490196078431373,0.0003731250762939453,
c1ccc(C2=c3c4cccc3=C24)cc1,0,262,0.5434782608695652,0.5434782608695652,0.00033402442932128906,
C#CC1=C=C=C(C)c2cccccc1ccc2,2,215,0.5490196078431373,0.5490196078431373,0.0003345012664794922,
CC1=C(c2cccccc(C3=CC3)ccc2)C1C,0,0,0.5384615384615384,0.5384615384615384,0.0003383159637451172,
c1cc2cc(c1)-c1ccccc1-2,30,1603,0.5714285714285714,0.5714285714285714,0.0002720355987548828,
C#CC1=C(c2cccc(-c3ccccc3)c2)C1=C,0,304,0.5471698113207547,0.5471698113207547,0.0003886222839355469,
C1=C2C3C2C13c1cccc(-c2ccccc2)c1,0,3,0.5384615384615384,0.5384615384615384,0.00037789344787597656,
c1cc2cccc-2cc(-c2ccccc2)c#1,0,353,0.56,0.56,0.0003459453582763672,
CCC1C(C)=C1c1cccc(-c2ccccc2)c1,9,507,0.5471698113207547,0.5471698113207547,0.0003864765167236328,
CC#CC#Cc1cccc(-c2ccccc2)c1,0,5,0.5384615384615384,0.5384615384615384,0.0003077983856201172,
C=C1c2cccccc(ccc2)C2=CC1C2C,3,281,0.5490196078431373,0.5490196078431373,0.00034427642822265625,
C1=C2CC3C1=C3c1cccccc2ccc1,35,526,0.56,0.56,0.00034809112548828125,
CC#CC1=C(c2ccccc2)c2cccc1c2,0,9,0.5384615384615384,0.5384615384615384,0.00032830238342285156,
CCC1C=C1c1cccc(-c2ccccc2)c1,17,1426,0.5686274509803921,0.5686274509803921,0.0003604888916015625,
C=CC1C(=C)c2cccccc(ccc2)C1=C,46,544,0.56,0.56,0.00033473968505859375,
CC1(Cc2cccc(-c3ccccc3)c2)C=C1,8,788,0.5490196078431373,0.5490196078431373,0.00036716461181640625,
C=C1CC(c2cccc(-c3ccccc3)c2)=C1C,4,510,0.5471698113207547,0.5471698113207547,0.00038933753967285156,
C=C1C2=C3CC2=C3c2cccccc1ccc2,2,173,0.5490196078431373,0.5490196078431373,0.00039386749267578125,
CC1=C=CC=C(C)c2cccccc1ccc2,3,214,0.5490196078431373,0.5490196078431373,0.00033974647521972656,
c1ccc(-c2cccc3c4c-3cc=4c2)cc1,27,461,0.56,0.56,0.0003523826599121094,
CC=C=C(C)c1cccc(-c2ccccc2)c1,15,749,0.5490196078431373,0.5490196078431373,0.00033736228942871094,
C1=c2cccc1c2=Cc1ccccc1,1,1145,0.5652173913043478,0.5652173913043478,0.0002930164337158203,
C#CC1=CC=C(C)c2cccccc1ccc2,4,227,0.5490196078431373,0.5490196078431373,0.0003337860107421875,
C=CC(=C)Cc1cccc(-c2ccccc2)c1,29,743,0.5490196078431373,0.5490196078431373,0.00033736228942871094,
CC1=CC2=C(C2)c2cccccc1ccc2,50,738,0.5714285714285714,0.5714285714285714,0.00030612945556640625,
C=C1c2cccccc(ccc2)C2=C=CC12,84,748,0.5714285714285714,0.5714285714285714,0.0003292560577392578,
C=C1c2cccccc(ccc2)C(C)=CC1C,18,463,0.56,0.56,0.00031685829162597656,
CC1=C=C(c2cccc(-c3ccccc3)c2)C1,32,1478,0.58,0.58,0.00036215782165527344,
CC1(c2cccc(-c3ccccc3)c2)C=C1,42,1543,0.5833333333333334,0.5833333333333334,0.0003361701965332031,
CCC1=C2C1=C2c1cccc(-c2ccccc2)c1,2,507,0.5471698113207547,0.5471698113207547,0.0004138946533203125,
C=C1CC2CC=C2c2cccccc1ccc2,0,0,0.5384615384615384,0.5384615384615384,0.0003342628479003906,
CC1(C)CC1(C)c1cccc(-c2ccccc2)c1,5,441,0.5384615384615384,0.5384615384615384,0.00038886070251464844,
C=CC1(c2cccc(-c3ccccc3)c2)CC1,25,726,0.5490196078431373,0.5490196078431373,0.0003750324249267578,
C=C1C2=C(c3cccc(-c4ccccc4)c3)C12,37,1412,0.58,0.58,0.0003941059112548828,
C1=CC12C=C2c1cccc(-c2ccccc2)c1,27,1386,0.5686274509803921,0.5686274509803921,0.0003924369812011719,
C=CC1=C(c2cccc(-c3ccccc3)c2)C1,39,1332,0.5686274509803921,0.5686274509803921,0.0003650188446044922,
C=CCC1=C(c2ccccc2)c2cccc1c2,0,0,0.5384615384615384,0.5384615384615384,0.00032067298889160156,
C1#CC1=Cc1cccc(-c2ccccc2)c1,40,1445,0.5714285714285714,0.5714285714285714,0.000362396240234375,
C=C1C=C(C)C(=C)c2cccccc1ccc2,15,586,0.56,0.56,0.00031638145446777344,
C#CC1=CC(c2cccc(-c3ccccc3)c2)=C1,5,460,0.5471698113207547,0.5471698113207547,0.00037598609924316406,
CC1=CC(c2cccc(-c3ccccc3)c2)=C1,23,1441,0.58,0.58,0.0003807544708251953,
C=C1CCc2cccccc1ccc2,0,93,0.5434782608695652,0.5434782608695652,0.00027251243591308594,
CC(C)=CCc1cccc(-c2ccccc2)c1,13,757,0.5490196078431373,0.5490196078431373,0.00032973289489746094,
CC(C)=C=Cc1cccc(-c2ccccc2)c1,16,761,0.5490196078431373,0.5490196078431373,0.0003466606140136719,
c1ccc(-c2cccc(C34C5=C3C4C5)c2)cc1,8,776,0.5490196078431373,0.5490196078431373,0.00039649009704589844,
C=C1CC2=C3C2=C3c2cccccc1ccc2,4,217,0.5490196078431373,0.5490196078431373,0.00038909912109375,
CC12C=C3c4cccccc(ccc4)C1=CC32,0,0,0.5384615384615384,0.5384615384615384,0.00034809112548828125,
C=C1C2=CC2C(=C)c2cccccc1ccc2,7,245,0.5490196078431373,0.5490196078431373,0.0003657341003417969,
CC1C2=C3C=C(c4cccccc2ccc4)C31,0,0,0.5384615384615384,0.5384615384615384,0.0003364086151123047,
C1=C2CC2C=1c1cccc(-c2ccccc2)c1,28,880,0.5576923076923077,0.5576923076923077,0.0003800392150878906,
C1=C(c2ccccc2)C=1c1ccccc1,2,1394,0.5625,0.5625,0.0003085136413574219,
c1ccc(-c2cccc3c4c5c(cc2)C4C35)cc1,0,68,0.5471698113207547,0.5471698113207547,0.00045371055603027344,
c1cc(-c2ccccc2)cccc2cc-2c#1,17,983,0.5918367346938775,0.5918367346938775,0.0003383159637451172,
Cc1c2c#ccc(-c3ccccc3)cccc1-2,0,165,0.5384615384615384,0.5384615384615384,0.00033664703369140625,
c1ccc(-c2cccc(C34CC5=C3C54)c2)cc1,0,0,0.5384615384615384,0.5384615384615384,0.0003619194030761719,
C#CC=CCc1cccc(-c2ccccc2)c1,0,0,0.5384615384615384,0.5384615384615384,0.0003285408020019531,
C1=C2C=C1C2c1cccc(-c2ccccc2)c1,21,752,0.5490196078431373,0.5490196078431373,0.0004024505615234375,
C=C=C1CC(=C)c2cccccc1ccc2,3,814,0.5833333333333334,0.5833333333333334,0.00031256675720214844,
C1=C(c2ccccc2)c2cccc1c2,7,1406,0.6,0.6,0.0003147125244140625,
C=C1c2cccccc(ccc2)C2=C=C2C1C,11,233,0.5490196078431373,0.5490196078431373,0.0003483295440673828,
c1ccc(-c2cccc(C3=C4C56CC45C36)c2)cc1,4,372,0.5471698113207547,0.5471698113207547,0.0004353523254394531,
CC1C=C1c1cccccc(C2=CC2)ccc1,57,380,0.56,0.56,0.0003299713134765625,
Cc1cc2cccc(-c3ccccc3)ccc1-2,24,859,0.6,0.6,0.0003819465637207031,
C=CC1=C=C=C(C)c2cccccc1ccc2,1,194,0.5490196078431373,0.5490196078431373,0.0003247261047363281,
C=c1c2cccc1=C2c1ccccc1,0,383,0.5434782608695652,0.5434782608695652,0.00029087066650390625,
C#CC1=C2C1=C2c1cccc(-c2ccccc2)c1,3,404,0.5471698113207547,0.5471698113207547,0.00041031837463378906,
c1ccc(-c2cccc3c4c(cc2)c34)cc1,0,877,0.6041666666666666,0.6041666666666666,0.0004222393035888672,
c1ccc2cccc(cc1)C1=C3C4C2=C4C13,44,421,0.56,0.56,0.0003502368927001953,
C1=CC(c2ccccc2)=C1,62,1109,0.5526315789473685,0.5526315789473685,0.00020051002502441406,
CCc1cccc(-c2ccccc2)c1,62,1653,0.6511627906976745,0.6511627906976745,0.00026917457580566406,
C=C1CCCC(=C)c2cccccc1ccc2,7,293,0.5490196078431373,0.5490196078431373,0.00034332275390625,
CC1=C2CC3C1=C3c1cccccc2ccc1,0,0,0.5384615384615384,0.5384615384615384,0.0003829002380371094,
c1ccc(-c2cccc3ccc=3cc2)cc1,32,755,0.5918367346938775,0.5918367346938775,0.0003414154052734375,
C=CC1=C2C1=C2c1cccc(-c2ccccc2)c1,2,392,0.5471698113207547,0.5471698113207547,0.00040841102600097656,
CC12CC1=C2c1cccc(-c2ccccc2)c1,26,1477,0.58,0.58,0.0003771781921386719,
C=C=Cc1cccc(-c2ccccc2)c1,13,1514,0.6086956521739131,0.6086956521739131,0.0002999305725097656,
C=C1CC(C)=C1c1cccc(-c2ccccc2)c1,4,502,0.5471698113207547,0.5471698113207547,0.00038361549377441406,
C1=CC=1c1cccccc(C2=C=C2)ccc1,2,664,0.5833333333333334,0.5833333333333334,0.00030231475830078125,
C#CC1(C)C=C1c1cccc(-c2ccccc2)c1,4,501,0.5471698113207547,0.5471698113207547,0.00036144256591796875,
C1=C(c2ccccc2)CC=1c1ccccc1,2,472,0.54,0.54,0.0003407001495361328,
Cc1cccc(-c2ccccc2)cccc2c1C2,7,871,0.5660377358490566,0.5660377358490566,0.0003647804260253906,
CC1C2=CC1=C2c1cccc(-c2ccccc2)c1,15,495,0.5471698113207547,0.5471698113207547,0.0004107952117919922,
C=C=CC1=C=C(C)c2cccccc1ccc2,0,4,0.5490196078431373,0.5490196078431373,0.0003676414489746094,
Cc1ccccc(-c2ccccc2)cccc1,58,843,0.5686274509803921,0.5686274509803921,0.00031948089599609375,
C=C1C2=C(C2)C(=C)c2cccccc1ccc2,1,250,0.5490196078431373,0.5490196078431373,0.0003628730773925781,
Cc1ccc(-c2ccccc2)cccc2cc1C2,1,151,0.5471698113207547,0.5471698113207547,0.0003826618194580078,
Cc1cccc(-c2ccccc2)cccc(C)c1C,1,451,0.5555555555555556,0.5555555555555556,0.00036978721618652344,
CC12C3=C(c4cccc(-c5ccccc5)c4)C1C32,25,952,0.5576923076923077,0.5576923076923077,0.0004222393035888672,
CC#Cc1ccc(-c2ccccc2)cc1,0,474,0.5416666666666666,0.5416666666666666,0.0002942085266113281,
CC1CC1Cc1cccc(-c2ccccc2)c1,3,754,0.5490196078431373,0.5490196078431373,0.00035643577575683594,
C=C=C1c2cccccc(ccc2)C(=C)C1C,35,661,0.56,0.56,0.00033211708068847656,
c1ccc(-c2cccc3cccc-3c2)cc1,79,843,0.625,0.625,0.0003230571746826172,
c1ccc(-c2cccc3c4c(c-3cc2)C4)cc1,0,373,0.5576923076923077,0.5576923076923077,0.0003788471221923828,
CCC1(c2cccc(-c3ccccc3)c2)C#C1,8,761,0.5490196078431373,0.5490196078431373,0.00034737586975097656,
CC1C2=C(c3cccc(-c4ccccc4)c3)C21,18,1506,0.58,0.58,0.0003921985626220703,
C=C1CC=C(CC)c2cccccc1ccc2,8,215,0.5490196078431373,0.5490196078431373,0.0003342628479003906,
C=C1c2cccccc(ccc2)C(=C)C1CC,33,683,0.56,0.56,0.0003273487091064453,
CC1=C=C1c1cccccc(C2=C=C2)ccc1,21,506,0.56,0.56,0.00033473968505859375,
c1ccc(-c2cc3ccc2-3)cc1,29,1593,0.5714285714285714,0.5714285714285714,0.0002651214599609375,
C=C1CC=C1c1cccc(-c2ccccc2)c1,38,1399,0.5686274509803921,0.5686274509803921,0.0003695487976074219,
CC(C)C=Cc1cccc(-c2ccccc2)c1,17,743,0.5490196078431373,0.5490196078431373,0.0003294944763183594,
Cc1cccc(C2=C(c3ccccc3)C2)c1,0,473,0.54,0.54,0.0003371238708496094,
C=C1C(C)=C=C(C)c2cccccc1ccc2,10,583,0.56,0.56,0.00032329559326171875,
C#CC(=C)Cc1cccc(-c2ccccc2)c1,18,748,0.5490196078431373,0.5490196078431373,0.0003337860107421875,
C=C1C(c2cccc(-c3ccccc3)c2)C1(C)C,0,0,0.5384615384615384,0.5384615384615384,0.000362396240234375,
C#Cc1ccc(-c2ccccc2)cc1,29,1576,0.5777777777777777,0.5777777777777777,0.0002856254577636719,
C#Cc1cccccc(-c2ccccc2)ccc1,8,866,0.5660377358490566,0.5660377358490566,0.00035119056701660156,
Cc1c2ccccc(-c3ccccc3)ccc1-2,0,0,0.5384615384615384,0.5384615384615384,0.0003719329833984375,
C=C1CC1c1cccc(-c2ccccc2)c1,54,1462,0.5833333333333334,0.5833333333333334,0.00034999847412109375,
C=C1c2cccccc(ccc2)C(C)=C2CC12,6,224,0.5490196078431373,0.5490196078431373,0.0003478527069091797,
C=C=C1CC(=C=C)c2cccccc1ccc2,5,230,0.5490196078431373,0.5490196078431373,0.00033783912658691406,
c1ccc(-c2cccc(C3=C4C5CC4C35)c2)cc1,5,506,0.5471698113207547,0.5471698113207547,0.0004367828369140625,
CCC(C)c1cccc(-c2ccccc2)c1,47,1607,0.5833333333333334,0.5833333333333334,0.00031566619873046875,
CC1=CC(c2cccc(-c3ccccc3)c2)=C1C,4,509,0.5471698113207547,0.5471698113207547,0.000396728515625,
CC1(c2cccc(-c3ccccc3)c2)C2=C1C2,12,753,0.5490196078431373,0.5490196078431373,0.0003833770751953125,
C=C=C1C2=C(c3cccc(-c4ccccc4)c3)C12,4,499,0.5471698113207547,0.5471698113207547,0.00039887428283691406,
C=CC1=C=C(CC)c2cccccc1ccc2,0,7,0.5490196078431373,0.5490196078431373,0.0003314018249511719,
c1ccc(-c2cccc(C3C4C5=C4C53)c2)cc1,7,759,0.5490196078431373,0.5490196078431373,0.0004222393035888672,
c1ccc2cccc(cc1)C1=C3C45C2=C4C135,3,559,0.56,0.56,0.00036907196044921875,
CC1=CC(C)=C(C)c2cccccc1ccc2,52,560,0.56,0.56,0.0003235340118408203,
CC1=CC2C(C)=C2c2cccccc1ccc2,4,238,0.5490196078431373,0.5490196078431373,0.00033283233642578125,
C=C1C=C=C1c1cccc(-c2ccccc2)c1,14,1382,0.5686274509803921,0.5686274509803921,0.0003788471221923828,
c1ccc(-c2cccc3cc4c(c-3c2)C4)cc1,7,490,0.5576923076923077,0.5576923076923077,0.00037860870361328125,
CC1=CC2=C=C(C2)c2cccccc1ccc2,1,221,0.5490196078431373,0.5490196078431373,0.00036907196044921875,
c1ccc(-c2cc3cccc4cc-4c2-3)cc1,4,739,0.56,0.56,0.0003387928009033203,
C=C1CC=C(C)c2cccccc1ccc2,2,770,0.5833333333333334,0.5833333333333334,0.00030875205993652344,
C1=Cc2cccc(-c3ccccc3)ccccc21,1,399,0.5555555555555556,0.5555555555555556,0.0003712177276611328,
CC1(C)C=C=C1c1cccc(-c2ccccc2)c1,2,503,0.5471698113207547,0.5471698113207547,0.00039124488830566406,
C=C(C)C1=C(c2ccccc2)c2cccc1c2,5,715,0.5490196078431373,0.5490196078431373,0.0003376007080078125,
CC1=C(C)C(c2cccc(-c3ccccc3)c2)=C1,4,504,0.5471698113207547,0.5471698113207547,0.0003838539123535156,
C=C1c2cccccc(ccc2)C(=C)C1(C)CC,0,0,0.5384615384615384,0.5384615384615384,0.0003657341003417969,
c1ccc(-c2cccc3cc(ccc2)C3)cc1,8,916,0.6,0.6,0.00036644935607910156,
CC1=C(C)C1c1cccc(-c2ccccc2)c1,53,1180,0.56,0.56,0.00035500526428222656,
C1=C2C1=C2c1cccc(-c2ccccc2)c1,11,1480,0.6041666666666666,0.6041666666666666,0.0003669261932373047,
CC(c1cccc(-c2ccccc2)c1)C1C#C1,17,743,0.5490196078431373,0.5490196078431373,0.0003662109375,
C1=CC23C=1c1cccccc(ccc1)C1=C2C13,0,39,0.5384615384615384,0.5384615384615384,0.0003838539123535156,
C=C1c2cccccc(ccc2)C(=C)C1(C)C,77,742,0.5714285714285714,0.5714285714285714,0.0003399848937988281,
CC#CCCc1cccc(-c2ccccc2)c1,2,445,0.5384615384615384,0.5384615384615384,0.000331878662109375,
C=C1C(c2cccc(-c3ccccc3)c2)=CC1C,9,498,0.5471698113207547,0.5471698113207547,0.0003905296325683594,
C=C1c2cccccc(ccc2)C(=C)C12CC2C,1,51,0.5384615384615384,0.5384615384615384,0.0003609657287597656,
CC=C1c2cccccc(ccc2)C2=CC12,53,766,0.5714285714285714,0.5714285714285714,0.00032138824462890625,
C=C1C2=C=C(C2)c2cccccc1ccc2,8,807,0.5833333333333334,0.5833333333333334,0.00034499168395996094,
CC1=CC2CC=C2c2cccccc1ccc2,1,8,0.5384615384615384,0.5384615384615384,0.0003380775451660156,
C1=C2CC13C=C(C3)c1cccccc2ccc1,2,245,0.5490196078431373,0.5490196078431373,0.0004153251647949219,
C#CC1=C=C(CC)c2cccccc1ccc2,1,15,0.5490196078431373,0.5490196078431373,0.00033092498779296875,
C=C1c2cccc(-c3ccccc3)cccc(C)c21,0,88,0.5454545454545454,0.5454545454545454,0.0003833770751953125,
C1=CC=1c1cccccc(C2=CCC2)ccc1,1,165,0.5490196078431373,0.5490196078431373,0.0003275871276855469,
C=C=CC(C)c1cccc(-c2ccccc2)c1,15,739,0.5490196078431373,0.5490196078431373,0.0003261566162109375,
C1=C2C3C=1C23c1cccc(-c2ccccc2)c1,8,609,0.5490196078431373,0.5490196078431373,0.00039887428283691406,
C=CC=C1CC(=C)c2cccccc1ccc2,2,284,0.5490196078431373,0.5490196078431373,0.0003376007080078125,
C1=Cc2cccc(c2)C=1c1ccccc1,3,1377,0.5625,0.5625,0.0003483295440673828,
CCC(C)=Cc1cccc(-c2ccccc2)c1,5,763,0.5490196078431373,0.5490196078431373,0.0003292560577392578,
Cc1cccccc(-c2ccccc2)ccc1,70,863,0.6,0.6,0.00033092498779296875,
C=C1C2=C=C(C=C2)c2cccccc1ccc2,0,2,0.5384615384615384,0.5384615384615384,0.00035452842712402344,
C#CC(=CC)c1cccc(-c2ccccc2)c1,11,748,0.5490196078431373,0.5490196078431373,0.0003390312194824219,
C=C1c2cccccc(ccc2)C2=C=CC12C,1,283,0.5490196078431373,0.5490196078431373,0.0003521442413330078,
c1ccc(-c2cccc(C34C5=C3C54)c2)cc1,29,1393,0.5833333333333334,0.5833333333333334,0.0003800392150878906,
c1ccc(-c2ccc(C3CC3)cc2)cc1,0,474,0.5416666666666666,0.5416666666666666,0.0003139972686767578,
C1=C2C3=C(c4cccc(-c5ccccc5)c4)C2C13,4,464,0.5471698113207547,0.5471698113207547,0.00045371055603027344,
C=c1c2cccc(-c3ccccc3)cccc1c2C,1,99,0.5454545454545454,0.5454545454545454,0.0004131793975830078,
CC1(c2cccc(-c3ccccc3)c2)CC1,56,1586,0.5833333333333334,0.5833333333333334,0.0003485679626464844,
C=C1C#CC1c1cccc(-c2ccccc2)c1,0,441,0.5384615384615384,0.5384615384615384,0.0003795623779296875,
c1ccc(-c2cccc(C34C5CC3C54)c2)cc1,9,784,0.5490196078431373,0.5490196078431373,0.0004134178161621094,
C1=C2C1=C2c1cccccc(C2=CC2)ccc1,2,161,0.5490196078431373,0.5490196078431373,0.0003688335418701172,
c1ccc(-c2cccc(C3C45C6=C4C635)c2)cc1,6,778,0.5490196078431373,0.5490196078431373,0.0004417896270751953,
CC1C2=C(c3cccc(-c4ccccc4)c3)C1C2,7,502,0.5471698113207547,0.5471698113207547,0.0004220008850097656,
CC(C)=C1C=C1c1cccc(-c2ccccc2)c1,5,502,0.5471698113207547,0.5471698113207547,0.00038552284240722656,
C=C1CC(=CC)c2cccccc1ccc2,1,842,0.5833333333333334,0.5833333333333334,0.000316619873046875,
c1ccc2cccc(cc1)-c1c3cc-2cc1C3,2,400,0.5576923076923077,0.5576923076923077,0.0003902912139892578,
C=C1c2cccccc(ccc2)C2=CCC12,50,778,0.5714285714285714,0.5714285714285714,0.00032401084899902344,
C1#CC1Cc1cccc(-c2ccccc2)c1,46,1485,0.5714285714285714,0.5714285714285714,0.0003490447998046875,
C=C1c2cccccc(ccc2)C2=C3C4C2C134,4,277,0.5490196078431373,0.5490196078431373,0.00039124488830566406,
c1ccc(-c2cccc(C3=C4C5CC345)c2)cc1,35,1398,0.5686274509803921,0.5686274509803921,0.00040078163146972656,
Cc1cccccc(C2=C=C2)ccc1,0,221,0.5555555555555556,0.5555555555555556,0.0002532005310058594,
C1=C2c3cccccc(ccc3)C3=CC2C13,8,630,0.56,0.56,0.0003600120544433594,
c1ccc(-c2cccc(C34C5C36CC564)c2)cc1,7,794,0.5490196078431373,0.5490196078431373,0.0004284381866455078,
C#CC1(c2cccc(-c3ccccc3)c2)C#C1,2,739,0.5490196078431373,0.5490196078431373,0.0003628730773925781,
C1=C2C=1C1C=C1c1cccccc2ccc1,68,542,0.56,0.56,0.00031948089599609375,
C=CC(=CC)c1cccc(-c2ccccc2)c1,23,787,0.5490196078431373,0.5490196078431373,0.0003421306610107422,
C1=CC1c1cccc(-c2ccccc2)c1,42,1573,0.6086956521739131,0.6086956521739131,0.0003368854522705078,
C=C1c2cccccc(ccc2)C(C)=C(C)C1C,0,2,0.5384615384615384,0.5384615384615384,0.0003306865692138672,
CC=C1C=C=C(C)c2cccccc1ccc2,1,252,0.5490196078431373,0.5490196078431373,0.00031828880310058594,
c1ccc(-c2cccc3c4cc(c-3c2)C4)cc1,0,2,0.5384615384615384,0.5384615384615384,0.00038361549377441406,
C=C1CC(c2cccc(-c3ccccc3)c2)C1,9,781,0.5490196078431373,0.5490196078431373,0.00036597251892089844,
c1ccc(-c2cccc(C3=C4CC43)c2)cc1,30,1512,0.6041666666666666,0.6041666666666666,0.0003612041473388672,
CC=C(C)Cc1cccc(-c2ccccc2)c1,19,778,0.5490196078431373,0.5490196078431373,0.0003299713134765625,
C=C1CC2(C)C=C2c2cccccc1ccc2,22,309,0.5490196078431373,0.5490196078431373,0.0003349781036376953,
C=C1c2cccccc(ccc2)C2=C3CC2C13,4,305,0.5490196078431373,0.5490196078431373,0.0003681182861328125,
C=C1CC2=C=C(C2)c2cccccc1ccc2,5,293,0.5490196078431373,0.5490196078431373,0.00037360191345214844,
CC12C#CC1=C2c1cccc(-c2ccccc2)c1,1,509,0.5471698113207547,0.5471698113207547,0.0004184246063232422,
CCC=Cc1cccc(-c2ccccc2)c1,23,1511,0.5714285714285714,0.5714285714285714,0.0003147125244140625,
C#CC(C)Cc1cccc(-c2ccccc2)c1,10,792,0.5490196078431373,0.5490196078431373,0.00033855438232421875,
C=C1CC(=C2CC2)c2cccccc1ccc2,0,264,0.5490196078431373,0.5490196078431373,0.0003590583801269531,
c1ccc(-c2cccc(C3C4C5C3C45)c2)cc1,33,753,0.5490196078431373,0.5490196078431373,0.0003991127014160156,
C1=C=CC(c2cccc(-c3ccccc3)c2)=C=1,15,834,0.5576923076923077,0.5576923076923077,0.00034165382385253906,
C=C1c2cccccc(ccc2)C2=C3C(C)C123,17,276,0.5490196078431373,0.5490196078431373,0.0003695487976074219,
CC1c2ccc(-c3ccccc3)cc21,15,491,0.5434782608695652,0.5434782608695652,0.0003018379211425781,
CC1(c2cccc(-c3ccccc3)c2)C#CC1,9,769,0.5490196078431373,0.5490196078431373,0.00036072731018066406,
C=C=CCc1cccc(-c2ccccc2)c1,71,1444,0.5714285714285714,0.5714285714285714,0.00031638145446777344,
CC=C1C=C(c2cccc(-c3ccccc3)c2)C1,3,501,0.5471698113207547,0.5471698113207547,0.0003845691680908203,
C1=C2CC=1C2c1cccc(-c2ccccc2)c1,8,774,0.5490196078431373,0.5490196078431373,0.0004105567932128906,
CC1=CC(c2cccc(-c3ccccc3)c2)C1,20,757,0.5490196078431373,0.5490196078431373,0.0003628730773925781,
C=C1CC=C=C(C)c2cccccc1ccc2,7,226,0.5490196078431373,0.5490196078431373,0.0003402233123779297,
C=C1C2=C3c4cccccc(ccc4)C(=C)C123,46,198,0.5490196078431373,0.5490196078431373,0.000370025634765625,
c1ccc(-c2cccc3c4c(c-4cc2)C3)cc1,3,456,0.5576923076923077,0.5576923076923077,0.0003981590270996094,
c1ccccc(-c2ccccc2)cccc#1,45,844,0.5918367346938775,0.5918367346938775,0.0003237724304199219,
C1=C(c2cccc(-c3ccccc3)c2)C2=CC12,31,949,0.5576923076923077,0.5576923076923077,0.0003948211669921875,
CC1=CC2=C(c3cccccc1ccc3)C2C,9,220,0.5490196078431373,0.5490196078431373,0.00034117698669433594,
c1ccc2cccc(cc1)C1=C3C4=C2C431,2,756,0.5957446808510638,0.5957446808510638,0.0003352165222167969,
C=C1CC(C)=C(C)c2cccccc1ccc2,28,537,0.56,0.56,0.0003199577331542969,
C1=C2c3cccccc(ccc3)C3=C(C3)C12,73,487,0.56,0.56,0.00033164024353027344,
CC12CC1C2c1cccc(-c2ccccc2)c1,19,683,0.5490196078431373,0.5490196078431373,0.0003864765167236328,
C=CCCc1cccc(-c2ccccc2)c1,28,1500,0.5714285714285714,0.5714285714285714,0.00030541419982910156,
C1=C2CC3=C(c4cccccc2ccc4)C13,67,462,0.56,0.56,0.00037479400634765625,
C=C1CC2C=C(C2)c2cccccc1ccc2,6,164,0.5490196078431373,0.5490196078431373,0.0003790855407714844,
c1ccc(-c2cccc(C34C56C7C35C746)c2)cc1,13,557,0.5490196078431373,0.5490196078431373,0.0004322528839111328,
C1=C2C=C(c3cccc(-c4ccccc4)c3)C=12,12,915,0.5576923076923077,0.5576923076923077,0.0003917217254638672,
C=C1c2cccccc(ccc2)C(=C)C2CC12,1,88,0.5490196078431373,0.5490196078431373,0.00034356117248535156,
C=C1C=C1Cc1cccc(-c2ccccc2)c1,5,631,0.5490196078431373,0.5490196078431373,0.000362396240234375,
C=C1C2=C=C1c1cccccc(ccc1)C2=C,2,110,0.5490196078431373,0.5490196078431373,0.00037407875061035156,
C1#CC2C1=C2c1cccc(-c2ccccc2)c1,27,1309,0.5686274509803921,0.5686274509803921,0.0003876686096191406,
C=C1C2=CC1=C(C)c1cccccc2ccc1,0,49,0.5490196078431373,0.5490196078431373,0.00036597251892089844,
c1ccc2cccc(cc1)C1=C3CC4=C2C431,0,474,0.56,0.56,0.0003426074981689453,
C1=C(c2cccc(-c3ccccc3)c2)CCC1,16,966,0.5576923076923077,0.5576923076923077,0.00038170814514160156,
C=C1c2cccccc(ccc2)C2=C3C2C13C,6,587,0.56,0.56,0.0003571510314941406,
c1ccc(-c2cccc3c4c-3cc-4c2)cc1,33,608,0.56,0.56,0.0003464221954345703,
C=C1CC(=C2C#C2)c2cccccc1ccc2,1,109,0.5490196078431373,0.5490196078431373,0.0003695487976074219,
CC1(Cc2cccc(-c3ccccc3)c2)CC1,17,612,0.5490196078431373,0.5490196078431373,0.0003628730773925781,
CC=CC(C)c1cccc(-c2ccccc2)c1,9,621,0.5490196078431373,0.5490196078431373,0.00033736228942871094,
C=C1c2cccccc(ccc2)C(=C)C12C#C2,1,598,0.56,0.56,0.00036644935607910156,
C1=CC(c2cccc(-c3ccccc3)c2)=C1,32,1438,0.6041666666666666,0.6041666666666666,0.0003516674041748047,
c1ccc(-c2cccc3c4c(ccc2)C4C3)cc1,3,443,0.5555555555555556,0.5555555555555556,0.00039958953857421875,
C=C1C2=C(c3cccc(-c4ccccc4)c3)C1C2,7,505,0.5471698113207547,0.5471698113207547,0.0004222393035888672,
C=C(C)C1=C=C1c1cccc(-c2ccccc2)c1,0,503,0.5471698113207547,0.5471698113207547,0.00038313865661621094,
c1ccc2cccc(cc1)C1=C3C4=C2C4C31,53,566,0.56,0.56,0.00035452842712402344,
C=C1C2=CC1C(=C)c1cccccc2ccc1,1,91,0.5490196078431373,0.5490196078431373,0.0003650188446044922,
Cc1c2cccc(-c3ccccc3)cccc1C2C,1,130,0.5454545454545454,0.5454545454545454,0.00042438507080078125,
CCCc1cccc(-c2ccccc2)c1,55,1633,0.6086956521739131,0.6086956521739131,0.00029015541076660156,
C#CC(CC)c1cccc(-c2ccccc2)c1,11,625,0.5490196078431373,0.5490196078431373,0.0003325939178466797,
c1ccc(-c2cccc3cc-3ccc2)cc1,2,939,0.625,0.625,0.00035309791564941406,
CCC1(C)C=C1c1cccc(-c2ccccc2)c1,7,495,0.5471698113207547,0.5471698113207547,0.0003924369812011719,
Cc1cc(-c2ccccc2)cccc2cc-2c1,9,917,0.5686274509803921,0.5686274509803921,0.0003788471221923828,
c1ccc2cccc(cc1)C1C3=C2C31,0,12,0.5434782608695652,0.5434782608695652,0.00030040740966796875,
C=CC(C=C)c1cccc(-c2ccccc2)c1,23,596,0.5490196078431373,0.5490196078431373,0.0003337860107421875,
Cc1cccccc(C2=CC2)ccc1,1,236,0.5555555555555556,0.5555555555555556,0.00025272369384765625,
C=C1C2=CC12c1cccc(-c2ccccc2)c1,5,633,0.5490196078431373,0.5490196078431373,0.00038313865661621094,
CC=C(CC)c1cccc(-c2ccccc2)c1,25,606,0.5490196078431373,0.5490196078431373,0.00033593177795410156,
C1=C=C(c2cccc(-c3ccccc3)c2)CC=1,19,950,0.5576923076923077,0.5576923076923077,0.000362396240234375,
CC1=C(c2cccc(-c3ccccc3)c2)C#C1,20,1419,0.5686274509803921,0.5686274509803921,0.0003845691680908203,
C=C1CC(=C)c2cccccc1ccc2,1,836,0.6222222222222222,0.6222222222222222,0.0003056526184082031,
C1=C2C3=CC2C=1c1cccccc3ccc1,20,609,0.56,0.56,0.0003514289855957031,
C1=C2C1C2c1cccc(-c2ccccc2)c1,43,1460,0.5714285714285714,0.5714285714285714,0.00037860870361328125,
Cc1cccc(-c2ccccc2)cccc2c1C2C,0,131,0.5454545454545454,0.5454545454545454,0.0003948211669921875,
c1ccc(-c2ccccc3c(ccc2)CC3)cc1,2,448,0.5555555555555556,0.5555555555555556,0.0003960132598876953,
CC1=CCC1c1cccc(-c2ccccc2)c1,0,0,0.5384615384615384,0.5384615384615384,0.0003311634063720703,
CC1(c2cccc(-c3ccccc3)c2)C=C=C1,10,628,0.5490196078431373,0.5490196078431373,0.0003654956817626953,
C=C=C1c2cccccc(ccc2)C2=CC12C,1,101,0.5490196078431373,0.5490196078431373,0.00035190582275390625,
C=C=C1c2cccccc(ccc2)C2=C3C1C23,0,8,0.5490196078431373,0.5490196078431373,0.0003592967987060547,
CC1=CCC=C(C)c2cccccc1ccc2,1,109,0.5490196078431373,0.5490196078431373,0.00033593177795410156,
CC(=C1C#C1)c1cccc(-c2ccccc2)c1,9,625,0.5490196078431373,0.5490196078431373,0.0003657341003417969,
Cc1cc2ccc1-c1cccccc-2ccc1,6,852,0.5686274509803921,0.5686274509803921,0.0003960132598876953,
Cc1c#cccc(-c2ccccc2)cccc1C,0,137,0.5471698113207547,0.5471698113207547,0.00036025047302246094,
CC1=C(C)C2C=C2c2cccccc1ccc2,3,115,0.5490196078431373,0.5490196078431373,0.0003299713134765625,
CC1C(C)C1c1cccc(-c2ccccc2)c1,65,1215,0.56,0.56,0.0003559589385986328,
CC1=CC1Cc1cccc(-c2ccccc2)c1,10,621,0.5490196078431373,0.5490196078431373,0.00035762786865234375,
CC=C1C2=C(c3cccc(-c4ccccc4)c3)C12,5,495,0.5471698113207547,0.5471698113207547,0.0003936290740966797,
C1=C(c2cccccc(C3=C4CC43)ccc2)C1,1,46,0.5490196078431373,0.5490196078431373,0.0003581047058105469,
CC1=C2CC1=C(C)c1cccccc2ccc1,0,50,0.5490196078431373,0.5490196078431373,0.0003426074981689453,
CC1=CC1(C)c1cccc(-c2ccccc2)c1,44,1178,0.56,0.56,0.0003619194030761719,
C1=CC=1c1cccccc(C2=C3CC32)ccc1,0,32,0.5490196078431373,0.5490196078431373,0.0003504753112792969,
C=C1C2=CC(=C2C)c2cccccc1ccc2,0,151,0.5490196078431373,0.5490196078431373,0.00036716461181640625,
CCc1cccc(-c2ccccc2)ccccc1C,1,129,0.5454545454545454,0.5454545454545454,0.00038242340087890625,
CC1=C=Cc2cccccc1ccc2,0,12,0.5434782608695652,0.5434782608695652,0.0002810955047607422,
CC1(Cc2cccc(-c3ccccc3)c2)C#C1,10,637,0.5490196078431373,0.5490196078431373,0.0003612041473388672,
C=Cc1cccccc(-c2ccccc2)ccc1,8,808,0.5660377358490566,0.5660377358490566,0.0003352165222167969,
C=CC1=C=C1c1cccc(-c2ccccc2)c1,36,1388,0.5686274509803921,0.5686274509803921,0.0003802776336669922,
CC1=C=C1c1cccc(-c2ccccc2)c1,22,1503,0.6170212765957447,0.6170212765957447,0.0003337860107421875,
C=C1CC1=Cc1cccc(-c2ccccc2)c1,7,639,0.5490196078431373,0.5490196078431373,0.0003752708435058594,
c1ccc(-c2cccc3c4c(ccc2)C34)cc1,27,878,0.6,0.6,0.0004031658172607422,
CCc1ccc(-c2ccccc2)cc1,51,1640,0.5777777777777777,0.5777777777777777,0.0002791881561279297,
C#CCC(C)c1cccc(-c2ccccc2)c1,14,640,0.5490196078431373,0.5490196078431373,0.000335693359375,
CCC1=C2C=C(C2)c2cccccc1ccc2,0,65,0.5490196078431373,0.5490196078431373,0.00036215782165527344,
C=C1c2cccccc(ccc2)C2=CC12C,4,819,0.5833333333333334,0.5833333333333334,0.00032520294189453125,
C=C1c2cccccc(ccc2)C2=C(C)CC12,5,144,0.5490196078431373,0.5490196078431373,0.0003476142883300781,
CC1(c2cccc(-c3ccccc3)c2)C2=CC21,9,625,0.5490196078431373,0.5490196078431373,0.0003769397735595703,
CC(C)(C)c1cccc(-c2ccccc2)c1,13,1554,0.5957446808510638,0.5957446808510638,0.0003142356872558594,
C=Cc1cc2cccc(-c3ccccc3)ccc1-2,4,790,0.5660377358490566,0.5660377358490566,0.0003769397735595703,
C1#Cc2cccc(-c3ccccc3)ccccc21,1,411,0.5555555555555556,0.5555555555555556,0.0003705024719238281,
C1=CC=1Cc1cccc(-c2ccccc2)c1,80,1435,0.5714285714285714,0.5714285714285714,0.00035452842712402344,
C1=C2C=1C2c1cccc(-c2ccccc2)c1,40,1314,0.5714285714285714,0.5714285714285714,0.00034809112548828125,
C#Cc1c#ccccc(-c2ccccc2)ccc1,1,784,0.5660377358490566,0.5660377358490566,0.00035762786865234375,
C=c1cccc(-c2ccccc2)cccc2c1=C2C,0,12,0.5454545454545454,0.5454545454545454,0.00038433074951171875,
Cc1cc2cccc-2ccc1-c1ccccc1,15,876,0.5686274509803921,0.5686274509803921,0.0003478527069091797,
C=C1C=CC(=CC)c2cccccc1ccc2,3,161,0.5490196078431373,0.5490196078431373,0.0003314018249511719,
C1=CC(c2cccc(-c3ccccc3)c2)C=1,85,1415,0.5714285714285714,0.5714285714285714,0.0003523826599121094,
C1=C2C3=C2c2cccccc(ccc2)C=1C3,28,469,0.56,0.56,0.00036072731018066406,
C=C1CC(=C)c2cccccc(ccc2)C1=C,39,626,0.56,0.56,0.00032806396484375,
C=c1ccc(-c2ccccc2)cccc2cc1c2,0,17,0.5471698113207547,0.5471698113207547,0.0003762245178222656,
c1ccc2cccc(cc1)C1=C(C1)C1=C2C1,43,538,0.56,0.56,0.0003197193145751953,
C=CC12C=C1c1cccccc(ccc1)C2=C,3,75,0.5490196078431373,0.5490196078431373,0.00034737586975097656,
CCC1(c2cccc(-c3ccccc3)c2)CC1,15,614,0.5490196078431373,0.5490196078431373,0.0003535747528076172,
CC1(C)c2ccccc(-c3ccccc3)cccc21,0,125,0.5454545454545454,0.5454545454545454,0.0004036426544189453,
c1ccc(-c2cccc3c4cc3c4c2)cc1,2,865,0.5714285714285714,0.5714285714285714,0.00039505958557128906,
CC1CC12C=C2c1cccc(-c2ccccc2)c1,5,501,0.5471698113207547,0.5471698113207547,0.0003972053527832031,
C=C=C1C=CC(=C)c2cccccc1ccc2,2,150,0.5490196078431373,0.5490196078431373,0.0003273487091064453,
c1ccc(-c2cccc(C3C4=C3C4)c2)cc1,42,1389,0.5714285714285714,0.5714285714285714,0.0003609657287597656,
c1ccc(-c2cccc3cc4c=3c-4c2)cc1,22,591,0.56,0.56,0.0003612041473388672,
c1ccc(-c2cccc3c4cc-4c-3c2)cc1,23,666,0.56,0.56,0.0003464221954345703,
CC1c2ccccc(-c3ccccc3)cccc21,3,834,0.5660377358490566,0.5660377358490566,0.00038909912109375,
C=CC=C(C)c1cccc(-c2ccccc2)c1,14,628,0.5490196078431373,0.5490196078431373,0.00032782554626464844,
c1ccc(-c2cccc3c4c(ccc2)C3C4)cc1,5,846,0.5660377358490566,0.5660377358490566,0.0004398822784423828,
CC(C)=Cc1cccc(-c2ccccc2)c1,35,1575,0.5833333333333334,0.5833333333333334,0.00031638145446777344,
C=CC1(C)C=C1c1cccc(-c2ccccc2)c1,7,498,0.5471698113207547,0.5471698113207547,0.0003840923309326172,
Cc1cccc(-c2ccccc2)c1C,45,999,0.5555555555555556,0.5555555555555556,0.0002732276916503906,
CC#CCc1cccc(-c2ccccc2)c1,58,1499,0.5714285714285714,0.5714285714285714,0.000316619873046875,
C=C(CCC)c1cccc(-c2ccccc2)c1,17,633,0.5490196078431373,0.5490196078431373,0.0003364086151123047,
CC1=C=C=C=C(C)c2cccccc1ccc2,0,58,0.5490196078431373,0.5490196078431373,0.00034356117248535156,
C1=C2CC1(c1cccc(-c3ccccc3)c1)C2,3,642,0.5490196078431373,0.5490196078431373,0.00041675567626953125,
Cc1cccc(C)c1-c1ccccc1,22,975,0.5555555555555556,0.5555555555555556,0.0002720355987548828,
C=C1C2=C(c3cccc(-c4ccccc4)c3)C12C,13,962,0.5576923076923077,0.5576923076923077,0.00039696693420410156,
C=CC1=CC=C(C)c2cccccc1ccc2,2,74,0.5490196078431373,0.5490196078431373,0.00032591819763183594,
c1ccc2cccc(cc1)C1=C3CC3=C2C1,15,272,0.56,0.56,0.00032830238342285156,
C#CC#Cc1cccc(-c2ccccc2)c1,34,1417,0.5714285714285714,0.5714285714285714,0.00031948089599609375,
C=C1C#CC(=C)c2cccccc1ccc2,1,737,0.5833333333333334,0.5833333333333334,0.00031256675720214844,
C1#CC1c1ccc(-c2ccccc2)cc1,1,474,0.5416666666666666,0.5416666666666666,0.0003151893615722656,
C1#CC(c2cccc(-c3ccccc3)c2)=CC1,8,968,0.5576923076923077,0.5576923076923077,0.00036454200744628906,
C=C(c1cccc(-c2ccccc2)c1)C(C)C,51,1241,0.56,0.56,0.0003311634063720703,
CCC1=C=C1c1cccc(-c2ccccc2)c1,26,1407,0.5686274509803921,0.5686274509803921,0.0003592967987060547,
CC=CCc1cccc(-c2ccccc2)c1,30,1506,0.5714285714285714,0.5714285714285714,0.00031280517578125,
C=Cc1ccc(-c2ccccc2)cccc2cc1-2,1,727,0.5660377358490566,0.5660377358490566,0.00036072731018066406,
CC1=C=C=C(C)c2cccccc1ccc2,0,766,0.5833333333333334,0.5833333333333334,0.0002968311309814453,
CC1=CC(C)=C1c1cccc(-c2ccccc2)c1,5,501,0.5471698113207547,0.5471698113207547,0.0003943443298339844,
c1ccc(-c2cccc(C3CC3)c2)cc1,37,1594,0.6086956521739131,0.6086956521739131,0.0003185272216796875,
CC1=C=C2C=C2c2cccccc1ccc2,79,694,0.5714285714285714,0.5714285714285714,0.00032019615173339844,
C=C(C)CCc1cccc(-c2ccccc2)c1,13,643,0.5490196078431373,0.5490196078431373,0.0003342628479003906,
C#CC1=C(c2cccc(-c3ccccc3)c2)C1,45,1359,0.5686274509803921,0.5686274509803921,0.00037288665771484375,
CC1c2c3cccc(-c4ccccc4)cccc2C31,2,127,0.5454545454545454,0.5454545454545454,0.00044798851013183594,
CC1=C2C=C(c3cccccc1ccc3)C2C,2,55,0.5490196078431373,0.5490196078431373,0.00034999847412109375,
C=c1cccc(-c2ccccc2)ccccc1=CC,1,81,0.5454545454545454,0.5454545454545454,0.0003478527069091797,
C=C=C(CC)c1cccc(-c2ccccc2)c1,9,651,0.5490196078431373,0.5490196078431373,0.00032973289489746094,
C1=C(c2ccccc2)C2=C1c1cccc2c1,31,1074,0.56,0.56,0.00036072731018066406,
C#CC(C#C)c1cccc(-c2ccccc2)c1,6,564,0.5490196078431373,0.5490196078431373,0.0003421306610107422,
CC1(C)c2cccc(-c3ccccc3)cccc1c2,1,127,0.5454545454545454,0.5454545454545454,0.00041866302490234375,
C=C(C)c1ccc(-c2ccccc2)cc1,4,948,0.5531914893617021,0.5531914893617021,0.0002987384796142578,
CC1=CC=C1c1cccc(-c2ccccc2)c1,18,1390,0.5686274509803921,0.5686274509803921,0.0003669261932373047,
c1ccc(-c2cccc(C3=C4CC3C4)c2)cc1,20,1438,0.58,0.58,0.00039005279541015625,
CC=C1c2cccccc(ccc2)C2=CC12C,2,138,0.5490196078431373,0.5490196078431373,0.0003600120544433594,
C1=C2c3cccc(-c4ccccc4)cccc1c32,0,423,0.5555555555555556,0.5555555555555556,0.00040435791015625,
c1ccc(-c2cccc(CC34C5=C3C54)c2)cc1,15,643,0.5490196078431373,0.5490196078431373,0.0003998279571533203,
c1ccc(-c2ccccc2)cccc2c(c#1)C2,6,410,0.5576923076923077,0.5576923076923077,0.00035834312438964844,
C=C1c2cccccc(ccc2)C2=CC3=CC132,0,0,0.5384615384615384,0.5384615384615384,0.00039124488830566406,
CC(C)c1ccc(-c2ccccc2)cccc2cc1-2,1,132,0.5454545454545454,0.5454545454545454,0.00037789344787597656,
C1=c2c3cccc(-c4ccccc4)cccc2c31,3,835,0.5660377358490566,0.5660377358490566,0.0004801750183105469,
CC1=C(c2cccccc(C3=CC3)ccc2)C1,64,487,0.56,0.56,0.0003228187561035156,
CCC1=C=C(C)c2cccccc1ccc2,2,132,0.5833333333333334,0.5833333333333334,0.0003020763397216797,
c1ccc(-c2cccc(C3C4=C5C4=C53)c2)cc1,1,577,0.5490196078431373,0.5490196078431373,0.0004048347473144531,
C=Cc1c2cccc(-c3ccccc3)cccc1-2,4,725,0.5660377358490566,0.5660377358490566,0.0003724098205566406,
CC1=C=C(C2C#C2)c2cccccc1ccc2,0,1,0.5490196078431373,0.5490196078431373,0.00038695335388183594,
CC1C2C(c3cccc(-c4ccccc4)c3)C12,23,662,0.5490196078431373,0.5490196078431373,0.0003857612609863281,
Cc1ccc(-c2ccccc2)cccc2c(C)c1-2,0,167,0.5471698113207547,0.5471698113207547,0.0003528594970703125,
c1ccc(-c2cccc3c4c-3c(cc2)C4)cc1,3,454,0.5576923076923077,0.5576923076923077,0.00037980079650878906,
C=C1CC2C3=C(c4cccccc1ccc4)C32,2,150,0.5490196078431373,0.5490196078431373,0.0003840923309326172,
C#Cc1cccc(-c2ccccc2)ccccc1C,0,134,0.5454545454545454,0.5454545454545454,0.00035381317138671875,
CC1=CCc2cccccc1ccc2,0,54,0.5434782608695652,0.5434782608695652,0.0002777576446533203,
CC=C=Cc1cccc(-c2ccccc2)c1,68,1430,0.5714285714285714,0.5714285714285714,0.0003104209899902344,
CC1=C=C(C(C)C)c2cccccc1ccc2,5,65,0.56,0.56,0.00033855438232421875,
c1cc2cccc(-c3ccccc3)cc-2c#1,0,745,0.5918367346938775,0.5918367346938775,0.00033473968505859375,
C=C1c2cccccc(ccc2)C2=C(C)C12,1,819,0.5833333333333334,0.5833333333333334,0.0003261566162109375,
C=C1c2cccccc(ccc2)C2=C3C=C2C13,3,129,0.5490196078431373,0.5490196078431373,0.0003714561462402344,
CC1=C=C(c2ccccc2)c2cccc1c2,6,1404,0.5714285714285714,0.5714285714285714,0.000362396240234375,
CC1=C=C2C(C)=C2c2cccccc1ccc2,3,116,0.5490196078431373,0.5490196078431373,0.00032901763916015625,
C=C1c2cccccc(ccc2)C2=C=C(C)C12,1,182,0.5490196078431373,0.5490196078431373,0.0003495216369628906,
Cc1c(-c2ccccc2)cccc2cccc1-2,0,0,0.5384615384615384,0.5384615384615384,0.0003466606140136719,
C=C1C=C(c2cccc(-c3ccccc3)c2)C1C,5,502,0.5471698113207547,0.5471698113207547,0.00038504600524902344,
C=C1C(=C)C2C=C2c2cccccc1ccc2,3,133,0.5490196078431373,0.5490196078431373,0.0003349781036376953,
CCc1ccccc(-c2ccccc2)cccc1C,2,133,0.5454545454545454,0.5454545454545454,0.00036263465881347656,
CC#CC1=C=C(C)c2cccccc1ccc2,0,5,0.5490196078431373,0.5490196078431373,0.0003407001495361328,
C#CCC=Cc1cccc(-c2ccccc2)c1,0,0,0.5384615384615384,0.5384615384615384,0.00030493736267089844,
C1=C2C3=C(c4cccc(-c5ccccc5)c4)C2C=13,4,401,0.5471698113207547,0.5471698113207547,0.000438690185546875,
C=C1c2cccccc(ccc2)C(=CC)C1(C)C,0,0,0.5384615384615384,0.5384615384615384,0.00034332275390625,
CC(C)c1c#ccccc(-c2ccccc2)ccc1,0,97,0.5454545454545454,0.5454545454545454,0.00035262107849121094,
C=C=C1CC=C(C)c2cccccc1ccc2,3,108,0.5490196078431373,0.5490196078431373,0.00031495094299316406,
CCc1cccccc(-c2ccccc2)ccc1,7,884,0.5660377358490566,0.5660377358490566,0.00033664703369140625,
C=C=C(C)Cc1cccc(-c2ccccc2)c1,16,673,0.5490196078431373,0.5490196078431373,0.0003256797790527344,
C=CC1=C(c2cccc(-c3ccccc3)c2)C1=C,8,489,0.5471698113207547,0.5471698113207547,0.00037789344787597656,
CC=C1C2=CC(=C2)c2cccccc1ccc2,4,179,0.5490196078431373,0.5490196078431373,0.00037026405334472656,
CC1(C)CC1c1cccc(-c2ccccc2)c1,40,1285,0.56,0.56,0.0003540515899658203,
C=C1C=C2c3cccccc(ccc3)C(=C)C12,13,92,0.5490196078431373,0.5490196078431373,0.0003521442413330078,
c1ccc(-c2cccccc3cc-3c2)cc1,26,828,0.56,0.56,0.0003211498260498047,
Cc1cc2cccc(-c3ccccc3)ccc1=2,12,732,0.5686274509803921,0.5686274509803921,0.00034809112548828125,
Cc1ccc(-c2ccccc2)cccc2cc1-2,6,927,0.6,0.6,0.0003459453582763672,
c1ccc(-c2ccccc3cc-3cc2)cc1,17,930,0.5918367346938775,0.5918367346938775,0.00034236907958984375,
CC(C)Cc1cccc(-c2ccccc2)c1,35,1582,0.5833333333333334,0.5833333333333334,0.0003066062927246094,
C=C=C1c2cccccc(ccc2)C2=CC12,44,733,0.5714285714285714,0.5714285714285714,0.0003287792205810547,
C1=C=c2cccc(-c3ccccc3)ccccc2=1,0,196,0.5555555555555556,0.5555555555555556,0.0003695487976074219,
C=C1c2cccccc(ccc2)C2=C3C1C23C,1,727,0.56,0.56,0.00034999847412109375,
C=C1c2cccccc(ccc2)C2=C3C4=C2C134,2,115,0.5490196078431373,0.5490196078431373,0.0003800392150878906,
c1ccc(-c2cccc(C3=C4C5=C4C53)c2)cc1,41,1413,0.58,0.58,0.0004184246063232422,
C1=C2CC13C2=C3c1cccc(-c2ccccc2)c1,3,497,0.5471698113207547,0.5471698113207547,0.00044798851013183594,
C=C1C#CC(=CC)c2cccccc1ccc2,1,128,0.5490196078431373,0.5490196078431373,0.0003218650817871094,
C=C1C(C)=C1c1cccc(-c2ccccc2)c1,16,1459,0.5918367346938775,0.5918367346938775,0.0003650188446044922,
C=C=C(C=C)c1cccc(-c2ccccc2)c1,14,677,0.5490196078431373,0.5490196078431373,0.00035262107849121094,
CC12CC13C(c1cccc(-c4ccccc4)c1)=C23,2,500,0.5471698113207547,0.5471698113207547,0.00041937828063964844,
C#CC=Cc1cccc(-c2ccccc2)c1,72,1469,0.5714285714285714,0.5714285714285714,0.00031685829162597656,
C=C1C=C1c1cccccc(C2=C=C2)ccc1,27,459,0.56,0.56,0.0003387928009033203,
CC=C1C2=C=C(C2)c2cccccc1ccc2,1,161,0.5490196078431373,0.5490196078431373,0.00036263465881347656,
C1=C2CC13C=C3c1cccccc2ccc1,90,705,0.5714285714285714,0.5714285714285714,0.0003819465637207031,
C=C1C=C1c1cccc(-c2ccccc2)c1,12,1475,0.6170212765957447,0.6170212765957447,0.0003521442413330078,
CC1=C=C=C1c1cccc(-c2ccccc2)c1,33,1405,0.5686274509803921,0.5686274509803921,0.0003795623779296875,
C1=CC12CC2c1cccc(-c2ccccc2)c1,0,0,0.5384615384615384,0.5384615384615384,0.00036215782165527344,
Cc1ccccc1-c1ccccc1,39,520,0.5454545454545454,0.5454545454545454,0.0002586841583251953,
C=C1c2cccc(-c3ccccc3)c21,0,475,0.5434782608695652,0.5434782608695652,0.0003161430358886719,
C1=C=C2C=CC=1c1cccccc2ccc1,40,687,0.56,0.56,0.0003409385681152344,
C=CCC(C)c1cccc(-c2ccccc2)c1,23,694,0.5490196078431373,0.5490196078431373,0.0003337860107421875,
C=C(C1=CC1)c1cccc(-c2ccccc2)c1,20,698,0.5490196078431373,0.5490196078431373,0.0003845691680908203,
C=c1c2cccc(-c3ccccc3)ccc-2c1=C,0,21,0.5471698113207547,0.5471698113207547,0.00039076805114746094,
CC(c1cccc(-c2ccccc2)c1)C1CC1,16,706,0.5490196078431373,0.5490196078431373,0.00037741661071777344,
C=C1c2cccccc(ccc2)C2=C3C4=C3C142,6,83,0.5490196078431373,0.5490196078431373,0.00039458274841308594,
C=Cc1c#ccccc(-c2ccccc2)ccc1,2,382,0.5660377358490566,0.5660377358490566,0.0003745555877685547,
C1=C(c2cccc(-c3ccccc3)c2)CC12CC2,8,500,0.5471698113207547,0.5471698113207547,0.0004107952117919922,
C=C(C)c1c2cccc(-c3ccccc3)cccc1-2,0,31,0.5454545454545454,0.5454545454545454,0.00038170814514160156,
CC(c1cccc(-c2ccccc2)c1)C1C=C1,13,691,0.5490196078431373,0.5490196078431373,0.00035834312438964844,
CC1=CC12C=C2c1cccc(-c2ccccc2)c1,10,496,0.5471698113207547,0.5471698113207547,0.0003924369812011719,
c1ccc(-c2ccccc3c(ccc2)C3)cc1,7,918,0.5882352941176471,0.5882352941176471,0.0003407001495361328,
C=C(C)c1c#ccccc(-c2ccccc2)ccc1,0,7,0.5454545454545454,0.5454545454545454,0.00037097930908203125,
C=C1c2cccccc(ccc2)C2=CC2C1C,7,177,0.5490196078431373,0.5490196078431373,0.00033736228942871094,
C1=CC2=C(c3cccc(-c4ccccc4)c3)C=12,35,1376,0.5686274509803921,0.5686274509803921,0.0003979206085205078,
C=C=C1C(C)=C1c1cccc(-c2ccccc2)c1,1,497,0.5471698113207547,0.5471698113207547,0.0003826618194580078,
C=CC1=C2c3cccccc(ccc3)C(=C)C12,4,119,0.5490196078431373,0.5490196078431373,0.0003437995910644531,
Cc1cccc(-c2ccccc2)c1,57,1666,0.7,0.7,0.00025391578674316406,
CC(C)c1c2cccc(-c3ccccc3)cccc1-2,0,138,0.5454545454545454,0.5454545454545454,0.00037384033203125,
C1=C2C3=C(c4cccc(-c5ccccc5)c4)C123,29,1396,0.5686274509803921,0.5686274509803921,0.00041413307189941406,
C=C1CC2=C(C2)c2cccccc1ccc2,33,763,0.5714285714285714,0.5714285714285714,0.0002982616424560547,
C=CCc1cccc(-c2ccccc2)c1,32,1565,0.6086956521739131,0.6086956521739131,0.0002892017364501953,
C#CCc1ccc(-c2ccccc2)cc1,0,475,0.5416666666666666,0.5416666666666666,0.00029349327087402344,
c1ccc(-c2cccc(C3=C4C5=C3C45)c2)cc1,23,1393,0.58,0.58,0.00041747093200683594,
C#CC(=C)c1cccc(-c2ccccc2)c1,27,1501,0.5833333333333334,0.5833333333333334,0.0003235340118408203,
CC12CC1(c1cccc(-c3ccccc3)c1)C2,29,1060,0.56,0.56,0.0003814697265625,
C=C1C=C=C=C(C)c2cccccc1ccc2,1,118,0.5490196078431373,0.5490196078431373,0.0003421306610107422,
CC1CC1(C)c1cccc(-c2ccccc2)c1,45,1055,0.56,0.56,0.00035953521728515625,
CCCc1ccc(-c2ccccc2)cc1,20,496,0.5416666666666666,0.5416666666666666,0.0002892017364501953,
C1=C2C3=C=C3c3cccccc(ccc3)C=12,17,389,0.56,0.56,0.0003228187561035156,
c1ccc(-c2c3cccc2-3)cc1,49,1697,0.6097560975609756,0.6097560975609756,0.0002579689025878906,
CC1(c2cccc(-c3ccccc3)c2)C#C1,18,1560,0.5833333333333334,0.5833333333333334,0.0003325939178466797,
Cc1c#cc2cccc(-c3ccccc3)cc1-2,0,0,0.5384615384615384,0.5384615384615384,0.00037407875061035156,
c1ccc(-c2cccc(C3C45CC34C5)c2)cc1,8,484,0.5490196078431373,0.5490196078431373,0.0003714561462402344,
C=C1c2cccccc(ccc2)C2=CC=CC12,0,0,0.5384615384615384,0.5384615384615384,0.00038313865661621094,
C1=C=C2C#CC=1c1cccccc2ccc1,2,473,0.56,0.56,0.0003352165222167969,
C1=C2c3cccccc(ccc3)C3=C1C2C3,38,447,0.56,0.56,0.0003705024719238281,
CC1=C(c2cccc(-c3ccccc3)c2)CC1C,4,498,0.5471698113207547,0.5471698113207547,0.00038933753967285156,
CCC1CC1c1cccc(-c2ccccc2)c1,0,0,0.5384615384615384,0.5384615384615384,0.0003578662872314453,
C#CC1C=C1c1cccc(-c2ccccc2)c1,24,1309,0.5686274509803921,0.5686274509803921,0.0003769397735595703,
CC1=C(c2cccc(-c3ccccc3)c2)C12CC2,5,496,0.5471698113207547,0.5471698113207547,0.0003879070281982422,
C1=CC=CC=1c1cccc(-c2ccccc2)c1,24,891,0.5576923076923077,0.5576923076923077,0.0003783702850341797,
C=C1CCC2=C(C2)c2cccccc1ccc2,0,0,0.5384615384615384,0.5384615384615384,0.00036787986755371094,
CC(C)c1ccc(-c2ccccc2)cc1,28,963,0.5531914893617021,0.5531914893617021,0.0002987384796142578,
C=C=C1CCC(=C)c2cccccc1ccc2,3,147,0.5490196078431373,0.5490196078431373,0.0003218650817871094,
C=C=C1C=C=C(C)c2cccccc1ccc2,0,83,0.5490196078431373,0.5490196078431373,0.00032448768615722656,
CC1=CC1c1cccc(-c2ccccc2)c1,90,1490,0.5833333333333334,0.5833333333333334,0.0003387928009033203,
CCC1(c2cccc(-c3ccccc3)c2)C=C1,16,660,0.5490196078431373,0.5490196078431373,0.0003592967987060547,
C=C=C1C=C(c2cccc(-c3ccccc3)c2)C1,5,495,0.5471698113207547,0.5471698113207547,0.0003924369812011719,
C1=C(Cc2cccc(-c3ccccc3)c2)C1,59,1459,0.5714285714285714,0.5714285714285714,0.00034928321838378906,
C1=CC2=C=CC=1c1cccccc2ccc1,9,429,0.56,0.56,0.0003299713134765625,
C=C1C=C(C)c2cccccc(ccc2)C1=C,29,396,0.56,0.56,0.0003261566162109375,
C=C1c2cccccc(ccc2)C2=CC3CC123,0,8,0.5384615384615384,0.5384615384615384,0.00037360191345214844,
c1ccc(-c2cccc(C3C4CC3C4)c2)cc1,11,656,0.5490196078431373,0.5490196078431373,0.00040078163146972656,
C=c1cccc(-c2ccccc2)ccc2cc1c2,1,25,0.5471698113207547,0.5471698113207547,0.00038743019104003906,
C=C1CCC(=CC)c2cccccc1ccc2,3,167,0.5490196078431373,0.5490196078431373,0.00031757354736328125,
c1ccc(-c2ccccc2)cc1,35,1685,0.7837837837837838,0.7837837837837838,0.0002493858337402344,
C=C=C1C#CC(=C)c2cccccc1ccc2,0,53,0.5490196078431373,0.5490196078431373,0.00032830238342285156,
C1=CCC=1c1cccccc(C2=CC2)ccc1,0,64,0.5490196078431373,0.5490196078431373,0.00033664703369140625,
C1=CC2=CCC=1c1cccccc2ccc1,34,421,0.56,0.56,0.00033664703369140625,
CC1=C(c2ccccc2)c2cccc1c2,3,1387,0.6086956521739131,0.6086956521739131,0.0003139972686767578,
C=C1c2cccccc(ccc2)C2=C3CC12C3,1,146,0.5490196078431373,0.5490196078431373,0.0003902912139892578,
C=C1CC12C=C2c1cccc(-c2ccccc2)c1,3,442,0.5471698113207547,0.5471698113207547,0.0004031658172607422,
CCC1C=C(c2cccc(-c3ccccc3)c2)C1,7,492,0.5471698113207547,0.5471698113207547,0.0003783702850341797,
Cc1ccc(-c2ccccc2)cc2cccc1-2,0,0,0.5384615384615384,0.5384615384615384,0.00034165382385253906,
C=C(C)C1=C(c2cccc(-c3ccccc3)c2)C1,9,489,0.5471698113207547,0.5471698113207547,0.0003826618194580078,
c1ccc(-c2ccccc3c4c(cc2)C34)cc1,0,0,0.5384615384615384,0.5384615384615384,0.0003714561462402344,
C1=C=C2CCC=1c1cccccc2ccc1,11,558,0.56,0.56,0.000331878662109375,
c1ccc(-c2cccc3cc4c-3c-4c2)cc1,28,819,0.5918367346938775,0.5918367346938775,0.00034546852111816406,
C#CC(C)=Cc1cccc(-c2ccccc2)c1,20,620,0.5490196078431373,0.5490196078431373,0.0003418922424316406,
C1=CC=1c1cccccc(C2=CC2)ccc1,3,689,0.5833333333333334,0.5833333333333334,0.0003020763397216797,
C=Cc1cccc(-c2ccccc2)ccccc1C,0,117,0.5454545454545454,0.5454545454545454,0.00036215782165527344,
C1#CC12C=C2c1cccc(-c2ccccc2)c1,18,1326,0.5686274509803921,0.5686274509803921,0.0003807544708251953,
C=C1C(C)=C=C1c1cccc(-c2ccccc2)c1,2,494,0.5471698113207547,0.5471698113207547,0.000385284423828125,
CC1=C=C(C)c2cccccc1ccc2,0,124,0.6222222222222222,0.6222222222222222,0.0002932548522949219,
C=C(C)C(=C)c1cccc(-c2ccccc2)c1,23,1121,0.56,0.56,0.00033974647521972656,
C1=C2c3cccccc(ccc3)C3=CC3C12,69,419,0.56,0.56,0.0003466606140136719,
CC(=C1CC1)c1cccc(-c2ccccc2)c1,13,616,0.5490196078431373,0.5490196078431373,0.0003590583801269531,
CC(C)(C)Cc1cccc(-c2ccccc2)c1,65,1077,0.56,0.56,0.0003287792205810547,
CC1c2cccc(-c3ccccc3)c21,15,499,0.5434782608695652,0.5434782608695652,0.0002989768981933594,
CC12CC3=C1C=C2c1cccccc3ccc1,0,0,0.5384615384615384,0.5384615384615384,0.00033593177795410156,
c1c2ccc(c#1)-c1cccccc-2ccc1,12,499,0.56,0.56,0.00036644935607910156,
C=C=C=Cc1cccc(-c2ccccc2)c1,69,1410,0.5714285714285714,0.5714285714285714,0.0003247261047363281,
CC=C1c2cccccc(ccc2)C2=C(C)C12,2,156,0.5490196078431373,0.5490196078431373,0.0003457069396972656,
C#CC1(c2cccc(-c3ccccc3)c2)CC1,6,591,0.5490196078431373,0.5490196078431373,0.0003421306610107422,
c1ccc(-c2cccc(C3CCC3)c2)cc1,45,1489,0.5714285714285714,0.5714285714285714,0.0003266334533691406,
Cc1cccc(-c2ccccc2)ccc2cc1C2,2,173,0.5471698113207547,0.5471698113207547,0.0004150867462158203,
C=C1c2cccccc(ccc2)C2=C(C)C12C,12,533,0.56,0.56,0.0003495216369628906,
C#CC(=C=C)c1cccc(-c2ccccc2)c1,2,571,0.5490196078431373,0.5490196078431373,0.00033736228942871094,
C=Cc1cccc(-c2ccccc2)cccc(C)c1,2,121,0.5454545454545454,0.5454545454545454,0.0003662109375,
C1=C(c2cccc(-c3ccccc3)c2)CC1,22,1493,0.6041666666666666,0.6041666666666666,0.00035190582275390625,
CC1=C=C(C2CC2)c2cccccc1ccc2,0,3,0.5490196078431373,0.5490196078431373,0.00035309791564941406,
C=C(C1=C=C1)c1cccc(-c2ccccc2)c1,17,595,0.5490196078431373,0.5490196078431373,0.00037097930908203125,
Cc1c#cc(C)ccc(-c2ccccc2)ccc1,3,134,0.5471698113207547,0.5471698113207547,0.00033736228942871094,
C#CCCCc1cccc(-c2ccccc2)c1,2,26,0.5384615384615384,0.5384615384615384,0.00030732154846191406,
C=C=C1C2=CC(=C2)c2cccccc1ccc2,0,116,0.5490196078431373,0.5490196078431373,0.0003695487976074219,
Cc1cccc(-c2ccccc2)ccc2c(C)c1-2,1,190,0.5471698113207547,0.5471698113207547,0.0003960132598876953,
CC12C=C1C2c1cccc(-c2ccccc2)c1,7,622,0.5490196078431373,0.5490196078431373,0.0003876686096191406,
c1ccccc(-c2ccccc2)cccc1,78,855,0.5918367346938775,0.5918367346938775,0.00031280517578125,
Cc1c2cccc(-c3ccccc3)cccc1-2,29,924,0.6,0.6,0.00036334991455078125,
C#CC1=C2c3cccccc(ccc3)C(=C)C12,7,106,0.5490196078431373,0.5490196078431373,0.0003440380096435547,
CC12C3=C1C21C=C1c1cccccc3ccc1,2,115,0.5490196078431373,0.5490196078431373,0.00034046173095703125,
C=C1c2cccccc(ccc2)C2=C3CC132,83,721,0.5714285714285714,0.5714285714285714,0.00033664703369140625,
CC#Cc1cccc(-c2ccccc2)c1,32,1597,0.6086956521739131,0.6086956521739131,0.00029778480529785156,
CCc1c2cccc(-c3ccccc3)cccc1-2,7,899,0.5660377358490566,0.5660377358490566,0.0003876686096191406,
C=c1ccccc(-c2ccccc2)cccc1=CC,0,65,0.5454545454545454,0.5454545454545454,0.0003561973571777344,
C=C1C2=C=C(c3cccccc1ccc3)C2C,1,132,0.5490196078431373,0.5490196078431373,0.0003590583801269531,
Cc1cccc(-c2ccccc2)cc2cc-2c1,2,131,0.5384615384615384,0.5384615384615384,0.00037932395935058594,
CCCCc1cccc(-c2ccccc2)c1,52,1534,0.5714285714285714,0.5714285714285714,0.0003046989440917969,
C=C(c1cccc(-c2ccccc2)c1)C1C#C1,6,602,0.5490196078431373,0.5490196078431373,0.00036072731018066406,
c1ccc(-c2cccc3cc-3c3c(c2)C3)cc1,4,494,0.5576923076923077,0.5576923076923077,0.0003719329833984375,
C=C1C=C2CC=C2c2cccccc1ccc2,1,41,0.5384615384615384,0.5384615384615384,0.0003371238708496094,
C1=c2ccccc(-c3ccccc3)cccc2=C1,1,319,0.5555555555555556,0.5555555555555556,0.00039315223693847656,
C#CC1C=C(c2cccc(-c3ccccc3)c2)C1,5,496,0.5471698113207547,0.5471698113207547,0.00036597251892089844,
C(=C1CC1)c1cccc(-c2ccccc2)c1,49,1417,0.5714285714285714,0.5714285714285714,0.00036263465881347656,
Cc1cccc(-c2ccccc2)cccc(C)c1,6,923,0.5769230769230769,0.5769230769230769,0.0003418922424316406,
C=C(c1cccc(-c2ccccc2)c1)C1CC1,7,589,0.5490196078431373,0.5490196078431373,0.0003752708435058594,
c1c2cccc(-c3ccccc3)ccc-2c#1,1,777,0.5918367346938775,0.5918367346938775,0.00034427642822265625,
C=C(C)c1cccc(-c2ccccc2)c1,50,1590,0.6222222222222222,0.6222222222222222,0.00030159950256347656,
CC1=C(c2cccc(-c3ccccc3)c2)C(C)C1,8,494,0.5471698113207547,0.5471698113207547,0.0003833770751953125,
C#CC1(c2cccc(-c3ccccc3)c2)C=C1,5,587,0.5490196078431373,0.5490196078431373,0.00036072731018066406,
CCc1cccc(-c2ccccc2)cccc(C)c1,2,141,0.5454545454545454,0.5454545454545454,0.0003581047058105469,
c1ccc(-c2cccc3cc(ccc2)CC3)cc1,1,467,0.5555555555555556,0.5555555555555556,0.0003674030303955078,
c1ccc(-c2cccc(C3C4C5CC534)c2)cc1,0,457,0.5384615384615384,0.5384615384615384,0.00040030479431152344,
c1c2c3c(c-2c#1)-c1cccccc-3ccc1,0,571,0.56,0.56,0.0003724098205566406,
c1ccc(-c2ccccc3cc(cc2)C3)cc1,1,124,0.5384615384615384,0.5384615384615384,0.00037980079650878906,
CC1=C(c2cccc(-c3ccccc3)c2)C12C#C2,0,501,0.5471698113207547,0.5471698113207547,0.00039124488830566406,
CC1c2cccc(-c3ccccc3)cccc1c2,4,878,0.5660377358490566,0.5660377358490566,0.0003750324249267578,
CC1=CC2C=C2c2cccccc1ccc2,22,768,0.5714285714285714,0.5714285714285714,0.0003132820129394531,
C1=C2CC12c1cccc(-c2ccccc2)c1,16,1491,0.5833333333333334,0.5833333333333334,0.0003752708435058594,
CC=C1CC=C(C)c2cccccc1ccc2,3,138,0.5490196078431373,0.5490196078431373,0.00032591819763183594,
C=C=C1C2=C=C(C2)c2cccccc1ccc2,0,140,0.5490196078431373,0.5490196078431373,0.00036263465881347656,
C=C1CCC2C=C2c2cccccc1ccc2,1,76,0.5384615384615384,0.5384615384615384,0.00034880638122558594,
c1ccc2cccc(cc1)-c1c3ccc-3c1-2,23,497,0.56,0.56,0.0003533363342285156,
C=C=C1C=C1c1cccc(-c2ccccc2)c1,47,1368,0.5686274509803921,0.5686274509803921,0.0003762245178222656,
C=C1CC1(C)c1cccc(-c2ccccc2)c1,20,1154,0.56,0.56,0.0003561973571777344,
CC=CC#Cc1cccc(-c2ccccc2)c1,0,457,0.5384615384615384,0.5384615384615384,0.00033402442932128906,
Cc1cc2cc(C)c1-c1cccccc-2ccc1,0,142,0.5471698113207547,0.5471698113207547,0.0003895759582519531,
CC1=C2c3cccccc(ccc3)C3=C4C3C124,1,136,0.5490196078431373,0.5490196078431373,0.0003426074981689453,
CCC1=CC(c2cccc(-c3ccccc3)c2)=C1,6,497,0.5471698113207547,0.5471698113207547,0.0003895759582519531,
c1ccc(C2=C(c3ccccc3)C2)cc1,7,1396,0.5625,0.5625,0.0003113746643066406,
C1=C2C=1C2Cc1cccc(-c2ccccc2)c1,1,461,0.5384615384615384,0.5384615384615384,0.0003771781921386719,
C=CCc1ccc(-c2ccccc2)cc1,1,473,0.5416666666666666,0.5416666666666666,0.00030159950256347656,
Cc1c2cccc(-c3ccccc3)cccc1C2,5,874,0.5660377358490566,0.5660377358490566,0.00037479400634765625,
c1cc2cc(-c3ccccc3)cccc-2c#1,20,475,0.56,0.56,0.0003490447998046875,
CCCC1=C=C(C)c2cccccc1ccc2,1,5,0.5490196078431373,0.5490196078431373,0.00032210350036621094,
c1c2cccc(-c3ccccc3)ccc=2c#1,30,565,0.5918367346938775,0.5918367346938775,0.0003371238708496094,
C=CC1=C(c2ccccc2)c2cccc1c2,53,1257,0.5714285714285714,0.5714285714285714,0.00031828880310058594,
c1ccc2cccc(cc1)-c1ccccc1-2,76,613,0.56,0.56,0.000335693359375,
c1ccc(-c2cccc(C3=C4CCC43)c2)cc1,28,1411,0.5686274509803921,0.5686274509803921,0.00036978721618652344,
CC1=C2C3=C(c4cccccc1ccc4)C23C,0,463,0.56,0.56,0.0003559589385986328,
C=C1c2cccccc(ccc2)C2=C(C2)C1C,3,114,0.5490196078431373,0.5490196078431373,0.0003402233123779297,
CC=C=C=Cc1cccc(-c2ccccc2)c1,0,17,0.5384615384615384,0.5384615384615384,0.00030541419982910156,
C1=CC=1c1ccc(-c2ccccc2)cc1,0,474,0.5416666666666666,0.5416666666666666,0.0003139972686767578,
CC12C=CC1=C2c1cccc(-c2ccccc2)c1,1,496,0.5471698113207547,0.5471698113207547,0.0003981590270996094,
Cc1ccccc(-c2ccccc2)cccc1C,3,914,0.5769230769230769,0.5769230769230769,0.0003418922424316406,
C1#CCC(c2cccc(-c3ccccc3)c2)=C1,19,956,0.5576923076923077,0.5576923076923077,0.00037360191345214844,
Cc1c2cccc(-c3ccccc3)ccc-2c1C,0,148,0.5471698113207547,0.5471698113207547,0.0003886222839355469,
CC(C)C1=C(c2ccccc2)c2cccc1c2,20,589,0.5490196078431373,0.5490196078431373,0.00035309791564941406,
C=C1c2cccccc(ccc2)C2=C3C1(C)C23C,0,40,0.5384615384615384,0.5384615384615384,0.00037288665771484375,
c1ccc(-c2cccc(C34CC5C3=C54)c2)cc1,0,462,0.5384615384615384,0.5384615384615384,0.00040435791015625,
Cc1cc#cccc(-c2ccccc2)ccc1,24,871,0.5686274509803921,0.5686274509803921,0.00031948089599609375,
CCC1=C=C(CC)c2cccccc1ccc2,0,6,0.5490196078431373,0.5490196078431373,0.0003323554992675781,
C=CCCCc1cccc(-c2ccccc2)c1,0,0,0.5384615384615384,0.5384615384615384,0.00031185150146484375,
C1#CC1c1cccc(-c2ccccc2)c1,23,1564,0.6086956521739131,0.6086956521739131,0.00032448768615722656,
C1#Cc2cccc(-c3ccccc3)cccc1c2,0,347,0.5555555555555556,0.5555555555555556,0.00039386749267578125,
c1ccc(-c2cc3cccccc-3c2)cc1,4,637,0.56,0.56,0.0003266334533691406,
C=CC1C=C(c2cccc(-c3ccccc3)c2)C1,10,486,0.5471698113207547,0.5471698113207547,0.000385284423828125,
C1=C2C3=C=C2c2cccccc(ccc2)C=13,1,496,0.56,0.56,0.0003504753112792969,
c1ccc(-c2cccc3c4c(c=3cc2)C4)cc1,0,336,0.5576923076923077,0.5576923076923077,0.00037217140197753906,
C1=C2c3cccccc(ccc3)C3=C4C2C134,39,383,0.56,0.56,0.0003733634948730469,
CC1=C2CC2=C(C)c2cccccc1ccc2,1,78,0.5490196078431373,0.5490196078431373,0.0003490447998046875,
C1=C(c2cccc(-c3ccccc3)c2)C2=C1C2,14,907,0.5576923076923077,0.5576923076923077,0.00039839744567871094,
CC1=CC2C=C(C2)c2cccccc1ccc2,3,88,0.5490196078431373,0.5490196078431373,0.00037741661071777344,
CC12C3=C1C32c1cccc(-c2ccccc2)c1,16,994,0.56,0.56,0.00039577484130859375,
CC1CC1c1cccc(-c2ccccc2)c1,86,1532,0.5833333333333334,0.5833333333333334,0.00034356117248535156,
C1#CC1=CCc1cccc(-c2ccccc2)c1,0,0,0.5384615384615384,0.5384615384615384,0.000335693359375,
C=C(CC)c1cccc(-c2ccccc2)c1,50,1576,0.5833333333333334,0.5833333333333334,0.00030803680419921875,
C=C1C(=C)C(C)C(=C)c2cccccc1ccc2,0,0,0.5384615384615384,0.5384615384615384,0.0003285408020019531,
CC(C)=C1c2cccccc(ccc2)C2=CC21,7,152,0.5490196078431373,0.5490196078431373,0.00035762786865234375,
CC1=C=C1c1cccccc(C2=CC2)ccc1,47,554,0.56,0.56,0.0003275871276855469,
C=C=CC(=C)c1cccc(-c2ccccc2)c1,22,621,0.5490196078431373,0.5490196078431373,0.0003483295440673828,
C=CC1=C=CC(=C)c2cccccc1ccc2,4,133,0.5490196078431373,0.5490196078431373,0.0003256797790527344,
C1=CC(c2cccc(-c3ccccc3)c2)=CC1,22,950,0.5576923076923077,0.5576923076923077,0.0003688335418701172,
C#CCC(=C)c1cccc(-c2ccccc2)c1,8,648,0.5490196078431373,0.5490196078431373,0.00033664703369140625,
CC1C=C(c2ccccc2)c2cccc1c2,0,474,0.54,0.54,0.00036644935607910156,
C1=CC1c1ccc(-c2ccccc2)cc1,0,475,0.5416666666666666,0.5416666666666666,0.00032591819763183594,
C1=CC12C=C(c1cccc(-c3ccccc3)c1)C2,13,496,0.5471698113207547,0.5471698113207547,0.0004208087921142578,
CC1(c2cccc(-c3ccccc3)c2)C2CC21,10,627,0.5490196078431373,0.5490196078431373,0.00037360191345214844,
CC12CCC1=C2c1cccc(-c2ccccc2)c1,0,504,0.5471698113207547,0.5471698113207547,0.0004088878631591797,
CC1=C(c2cccc(-c3ccccc3)c2)C1C,34,1498,0.5918367346938775,0.5918367346938775,0.00035881996154785156,
c1ccc(-c2cccc3c2C3)cc1,30,1475,0.5681818181818182,0.5681818181818182,0.0002639293670654297,
C1=CC=C(c2cccc(-c3ccccc3)c2)C=1,13,903,0.5576923076923077,0.5576923076923077,0.00038695335388183594,
C=C(C)c1ccc(-c2ccccc2)cccc2cc1-2,0,30,0.5454545454545454,0.5454545454545454,0.0003647804260253906,
C=C=C1CC(=CC)c2cccccc1ccc2,1,120,0.5490196078431373,0.5490196078431373,0.0003364086151123047,
CC=C1CC2C=C2c2cccccc1ccc2,0,0,0.5384615384615384,0.5384615384615384,0.0003237724304199219,
C#CC1=C=C(c2cccc(-c3ccccc3)c2)C1,7,490,0.5471698113207547,0.5471698113207547,0.0003676414489746094,
CC=Cc1cccc(-c2ccccc2)c1,39,1588,0.6086956521739131,0.6086956521739131,0.0002968311309814453,
C=C1C2CC12c1cccc(-c2ccccc2)c1,5,580,0.5490196078431373,0.5490196078431373,0.0003886222839355469,
CC1=C(Cc2cccc(-c3ccccc3)c2)C1,10,600,0.5490196078431373,0.5490196078431373,0.00035858154296875,
c1cccc2ccc(cc1)-c1cccc-2c1,38,856,0.625,0.625,0.0003724098205566406,
c1ccc(-c2ccccc2)cc#1,18,1574,0.5714285714285714,0.5714285714285714,0.00025200843811035156,
CC1CC1=Cc1cccc(-c2ccccc2)c1,7,602,0.5490196078431373,0.5490196078431373,0.00037550926208496094,
c1ccc(-c2cccc(-c3ccccc3)c2)cc1,46,760,0.5555555555555556,0.5555555555555556,0.0003845691680908203,
C=C(c1cccc(-c2ccccc2)c1)C1C=C1,8,604,0.5490196078431373,0.5490196078431373,0.00036835670471191406,
c1ccc(-c2cccc(C34C5C6C3C654)c2)cc1,18,525,0.5490196078431373,0.5490196078431373,0.00042176246643066406,
C=C=C=C1CC(=C)c2cccccc1ccc2,1,97,0.5490196078431373,0.5490196078431373,0.0003445148468017578,
CC1=C=C2C=C(C2)c2cccccc1ccc2,0,56,0.5490196078431373,0.5490196078431373,0.0003631114959716797,
c1cc2c(cc#1)-c1cccccc-2ccc1,41,573,0.56,0.56,0.0003528594970703125,
C=CC(CC)c1cccc(-c2ccccc2)c1,24,589,0.5490196078431373,0.5490196078431373,0.0003292560577392578,
C=C1C2=C1c1cccccc(ccc1)C(=C)C2,5,50,0.5490196078431373,0.5490196078431373,0.00035762786865234375,
C=C1C(=C)c2cccccc(ccc2)C2=C=C12,13,53,0.5490196078431373,0.5490196078431373,0.0003485679626464844,
c1ccc2cccc(cc1)C1=C3C4=C2C3C41,41,663,0.5833333333333334,0.5833333333333334,0.0003714561462402344,
CCC1=C=C=C(C)c2cccccc1ccc2,3,106,0.5490196078431373,0.5490196078431373,0.0003368854522705078,
C=CC1=C2C=C(C2)c2cccccc1ccc2,0,63,0.5490196078431373,0.5490196078431373,0.0003662109375,
CC1=C=C1Cc1cccc(-c2ccccc2)c1,10,614,0.5490196078431373,0.5490196078431373,0.00036597251892089844,
C=CC1C(C)=C1c1cccc(-c2ccccc2)c1,5,495,0.5471698113207547,0.5471698113207547,0.00038313865661621094,
C=C1C=C=CC(=C)c2cccccc1ccc2,1,93,0.5490196078431373,0.5490196078431373,0.000347137451171875,
c1ccc(-c2cccc(C3C45C6C4C365)c2)cc1,5,561,0.5490196078431373,0.5490196078431373,0.00040841102600097656,
CC#CC=Cc1cccc(-c2ccccc2)c1,0,0,0.5384615384615384,0.5384615384615384,0.0003085136413574219,
C=c1cccc(-c2ccccc2)cccc2c1=C2,3,606,0.5660377358490566,0.5660377358490566,0.0003707408905029297,
C=CC#Cc1cccc(-c2ccccc2)c1,53,1423,0.5714285714285714,0.5714285714285714,0.0003139972686767578,
CCC(C)(C)c1cccc(-c2ccccc2)c1,37,1172,0.56,0.56,0.0003311634063720703,
C=C1c2cccccc(ccc2)C2=CCC1C2,0,2,0.5384615384615384,0.5384615384615384,0.0003323554992675781,
C1=CC1CCc1cccc(-c2ccccc2)c1,0,1,0.5384615384615384,0.5384615384615384,0.0003387928009033203,
CC1C=C(c2cccc(-c3ccccc3)c2)C1,41,1449,0.58,0.58,0.0003609657287597656,
C1=c2cccc(-c3ccccc3)cccc3c2=C13,0,215,0.5555555555555556,0.5555555555555556,0.0004055500030517578,
C=c1cccc(-c2ccccc2)cccc(C)c1=C,0,389,0.5555555555555556,0.5555555555555556,0.00036025047302246094,
Cc1c(C)c2ccc(-c3ccccc3)cccc1=2,0,48,0.5471698113207547,0.5471698113207547,0.0003771781921386719,
CC(=C1C=C1)c1cccc(-c2ccccc2)c1,8,788,0.5490196078431373,0.5490196078431373,0.00036334991455078125,
CC1=C(c2cccccc(C3=C=C3)ccc2)C1,33,495,0.56,0.56,0.0003294944763183594,
C=C1C=C=C(CC)c2cccccc1ccc2,8,247,0.5490196078431373,0.5490196078431373,0.0003230571746826172,
CC=C1C=C1c1cccc(-c2ccccc2)c1,20,1404,0.5686274509803921,0.5686274509803921,0.0003802776336669922,
C1=CCCC=1c1cccc(-c2ccccc2)c1,25,953,0.5576923076923077,0.5576923076923077,0.0003681182861328125,
c1ccc(-c2ccccc3c4c(c2)c34)cc1,0,128,0.54,0.54,0.00038743019104003906,
c1ccc(-c2cccc(C3C4CC43)c2)cc1,62,1467,0.5714285714285714,0.5714285714285714,0.0003635883331298828,
CC1CCC1c1cccc(-c2ccccc2)c1,0,0,0.5384615384615384,0.5384615384615384,0.0003542900085449219,
C=C1C=C(c2cccc(-c3ccccc3)c2)C1=C,6,450,0.5471698113207547,0.5471698113207547,0.0003829002380371094,
c1cccccc(-c2ccccc2)ccc#1,25,674,0.56,0.56,0.0003228187561035156,
C1=CC1Cc1cccc(-c2ccccc2)c1,53,1476,0.5714285714285714,0.5714285714285714,0.00035119056701660156,
C=C1c2ccc(-c3ccccc3)cc21,0,476,0.5434782608695652,0.5434782608695652,0.00030732154846191406,
C=C=C1c2cccccc(ccc2)C2=CC1C2,3,247,0.5490196078431373,0.5490196078431373,0.0003540515899658203,
Cc1cc2ccc(-c3ccccc3)cccc1-2,19,833,0.5686274509803921,0.5686274509803921,0.00034332275390625,
C=C1C2C1C2c1cccc(-c2ccccc2)c1,17,746,0.5490196078431373,0.5490196078431373,0.0003972053527832031,
Cc1c#ccccc(-c2ccccc2)ccc1,59,816,0.6,0.6,0.0003457069396972656,
C#Cc1cc2cccc(-c3ccccc3)ccc1-2,6,846,0.5660377358490566,0.5660377358490566,0.0004029273986816406,
CC1C=C1c1cccccc(C2=C=C2)ccc1,65,491,0.56,0.56,0.0003421306610107422,
C1=C=C(c2cccc(-c3ccccc3)c2)C=1,37,1441,0.6041666666666666,0.6041666666666666,0.0003502368927001953,
C1=CC12C1=C(c3cccc(-c4ccccc4)c3)C12,12,492,0.5471698113207547,0.5471698113207547,0.0004372596740722656,
C=C1c2cccccc(ccc2)C(=C)C12CC2,19,675,0.56,0.56,0.0003561973571777344,
c1ccc(-c2cccc3c4c5c(cc2)c4c35)cc1,0,134,0.5471698113207547,0.5471698113207547,0.0005009174346923828,
C#CCC1=C=C(C)c2cccccc1ccc2,0,5,0.5490196078431373,0.5490196078431373,0.0003516674041748047,
c1cc(-c2ccccc2)cc2cccc-2c#1,0,353,0.56,0.56,0.0003342628479003906,
c1ccc(-c2cccc(C34CC3C4)c2)cc1,21,1493,0.5833333333333334,0.5833333333333334,0.0003542900085449219,
C#CCc1cccc(-c2ccccc2)c1,41,1584,0.6086956521739131,0.6086956521739131,0.00029349327087402344,
c1ccc(-c2cccc(CC34C5C3C54)c2)cc1,23,744,0.5490196078431373,0.5490196078431373,0.0004127025604248047,
c1ccc(-c2cccc3cc4c-3c(c2)C4)cc1,0,405,0.5576923076923077,0.5576923076923077,0.0003674030303955078,
C=Cc1ccccc(-c2ccccc2)cccc1C,1,124,0.5454545454545454,0.5454545454545454,0.00037384033203125,
C#Cc1ccccc(-c2ccccc2)cccc1C,0,130,0.5454545454545454,0.5454545454545454,0.0003733634948730469,
CC=C1CC1c1cccc(-c2ccccc2)c1,0,0,0.5384615384615384,0.5384615384615384,0.0003287792205810547,
CC1=CC=C(C)c2cccccc1ccc2,4,795,0.5833333333333334,0.5833333333333334,0.0003139972686767578,
c1ccc(-c2cccc(C3=C4C5=C3C4C5)c2)cc1,3,499,0.5471698113207547,0.5471698113207547,0.0004143714904785156,
C1=CC(=Cc2cccc(-c3ccccc3)c2)C1,0,0,0.5384615384615384,0.5384615384615384,0.0003337860107421875,
CC(C)C#Cc1cccc(-c2ccccc2)c1,12,736,0.5490196078431373,0.5490196078431373,0.0003325939178466797,
CC=C1c2cccccc(ccc2)C2=C=CC21,0,0,0.5384615384615384,0.5384615384615384,0.00035691261291503906,
CCC1=CC1c1cccc(-c2ccccc2)c1,0,0,0.5384615384615384,0.5384615384615384,0.00032830238342285156,
c1ccc(-c2ccc3c(c2)C3)cc1,29,1465,0.5681818181818182,0.5681818181818182,0.0002772808074951172,
C=C1c2cccccc(ccc2)C2=CC12CC,8,284,0.5490196078431373,0.5490196078431373,0.00035119056701660156,
CC12CC(=C1c1cccc(-c3ccccc3)c1)C2,3,501,0.5471698113207547,0.5471698113207547,0.0004279613494873047,
C1#CC(c2cccc(-c3ccccc3)c2)C1,44,1450,0.5714285714285714,0.5714285714285714,0.0003504753112792969,
CCC1=C(c2cccc(-c3ccccc3)c2)C1,23,1428,0.5686274509803921,0.5686274509803921,0.0003695487976074219,
Cc1cc#ccccc(-c2ccccc2)cc1,0,0,0.5384615384615384,0.5384615384615384,0.0003161430358886719,
c1ccc(-c2cccc(CC3=C4CC34)c2)cc1,0,0,0.5384615384615384,0.5384615384615384,0.00034236907958984375,
CC=CCCc1cccc(-c2ccccc2)c1,0,2,0.5384615384615384,0.5384615384615384,0.0003025531768798828,
C=C(C=CC)c1cccc(-c2ccccc2)c1,9,709,0.5490196078431373,0.5490196078431373,0.0003333091735839844,
C1=CC2C1=C2c1cccc(-c2ccccc2)c1,44,1391,0.5686274509803921,0.5686274509803921,0.00039649009704589844,
CC1C2CC12c1cccc(-c2ccccc2)c1,9,737,0.5490196078431373,0.5490196078431373,0.0003788471221923828,
CCC1C2=C(c3cccc(-c4ccccc4)c3)C21,5,514,0.5471698113207547,0.5471698113207547,0.00039315223693847656,
CC(C)c1cc2cccc(-c3ccccc3)ccc1-2,0,111,0.5454545454545454,0.5454545454545454,0.0003807544708251953,
c1ccc(-c2c3cccc2C3)cc1,52,1484,0.5681818181818182,0.5681818181818182,0.0002765655517578125,
c1ccc(-c2cccc3ccc-3cc2)cc1,6,867,0.625,0.625,0.00034356117248535156,
C=C(C)C(C)c1cccc(-c2ccccc2)c1,41,1258,0.56,0.56,0.00033664703369140625,
C=C1C2=C=C2C(=C)c2cccccc1ccc2,1,204,0.5490196078431373,0.5490196078431373,0.0003581047058105469,
C=CCC(=C)c1cccc(-c2ccccc2)c1,24,722,0.5490196078431373,0.5490196078431373,0.00034618377685546875,
C=C1c2cccccc(ccc2)C2=CC12,0,827,0.6086956521739131,0.6086956521739131,0.0003039836883544922,
c1c#cccc(-c2ccccc2)cccc#1,1,677,0.56,0.56,0.00030803680419921875,
C#Cc1ccc(-c2ccccc2)cccc2cc1-2,1,758,0.5660377358490566,0.5660377358490566,0.0003705024719238281,
Cc1cccc(-c2ccccc2)ccc2c3c1C23,0,128,0.5471698113207547,0.5471698113207547,0.0003707408905029297,
C=C(CC)Cc1cccc(-c2ccccc2)c1,10,686,0.5490196078431373,0.5490196078431373,0.00033164024353027344,
C=c1c2cccc(-c3ccccc3)cccc1c2,3,811,0.5660377358490566,0.5660377358490566,0.00039577484130859375,
C1=C2CCC(=C1)c1cccccc2ccc1,69,588,0.56,0.56,0.0003490447998046875,
CCc1cc2cccc(-c3ccccc3)ccc1-2,5,825,0.5660377358490566,0.5660377358490566,0.00035953521728515625,
C1=C2C3=C1C23c1cccc(-c2ccccc2)c1,2,654,0.5490196078431373,0.5490196078431373,0.0004143714904785156,
C#CC1=C=C(C)c2cccccc1ccc2,4,138,0.5833333333333334,0.5833333333333334,0.0003204345703125,
C#CC1=CCC(=C)c2cccccc1ccc2,2,114,0.5490196078431373,0.5490196078431373,0.00032806396484375,
C1=C(c2cccc(-c3ccccc3)c2)C12CC2,41,1350,0.5686274509803921,0.5686274509803921,0.00039887428283691406,
C#CC1=C2C3=C(c4cccccc1ccc4)C23,1,70,0.5490196078431373,0.5490196078431373,0.00036835670471191406,
Cc1c2c3cccc(-c4ccccc4)cc2c13,0,220,0.5490196078431373,0.5490196078431373,0.0003979206085205078,
CC12C3=C4c5cccccc(ccc5)C1=C3C42,1,80,0.5490196078431373,0.5490196078431373,0.0003941059112548828,
C1=C2CC(c3cccc(-c4ccccc4)c3)=C12,17,954,0.5576923076923077,0.5576923076923077,0.00039076805114746094,
C1=CC=1c1cccccc(C2=C=CC2)ccc1,0,82,0.5490196078431373,0.5490196078431373,0.00033354759216308594,
C1=C(c2cccccc(C3=CC3)ccc2)C1,7,685,0.5833333333333334,0.5833333333333334,0.00032520294189453125,
C1=C2CC1=C2c1cccc(-c2ccccc2)c1,27,1415,0.58,0.58,0.00040531158447265625,
C=C(C#CC)c1cccc(-c2ccccc2)c1,12,671,0.5490196078431373,0.5490196078431373,0.00033402442932128906,
c1ccc(-c2ccccc3ccc-3c2)cc1,42,827,0.5918367346938775,0.5918367346938775,0.0003154277801513672,
Cc1cc(-c2ccccc2)cccc2cc(C)c1-2,0,144,0.5471698113207547,0.5471698113207547,0.0003654956817626953,
C#CCCc1cccc(-c2ccccc2)c1,23,1505,0.5714285714285714,0.5714285714285714,0.00030612945556640625,
C=CC=Cc1cccc(-c2ccccc2)c1,60,1443,0.5714285714285714,0.5714285714285714,0.0003185272216796875,
C1=C2C1C2Cc1cccc(-c2ccccc2)c1,1,459,0.5384615384615384,0.5384615384615384,0.0003948211669921875,
C=C1C(C)C1(C)c1cccc(-c2ccccc2)c1,6,454,0.5384615384615384,0.5384615384615384,0.0003750324249267578,
CC12C(c3ccccc3)=C1c1cccc2c1,0,474,0.54,0.54,0.0003516674041748047,
C1=C2C=C(c3cccc(-c4ccccc4)c3)C12,26,946,0.5576923076923077,0.5576923076923077,0.00039577484130859375,
CC1C=C(c2cccc(-c3ccccc3)c2)C1C,10,502,0.5471698113207547,0.5471698113207547,0.0003871917724609375,
C1=C2C3C(c4cccc(-c5ccccc5)c4)C123,1,454,0.5384615384615384,0.5384615384615384,0.0003981590270996094,
CC=C(C)c1cccc(-c2ccccc2)c1,24,1545,0.5833333333333334,0.5833333333333334,0.0003132820129394531,
C1=C2C1=C2Cc1cccc(-c2ccccc2)c1,2,456,0.5384615384615384,0.5384615384615384,0.00039577484130859375,
C1=CCC(c2cccc(-c3ccccc3)c2)=C1,30,937,0.5576923076923077,0.5576923076923077,0.00037670135498046875,
Cc1cc2ccc-2cccc1-c1ccccc1,1,105,0.5384615384615384,0.5384615384615384,0.0003380775451660156,
C=C1CC(C)C(=C)c2cccccc1ccc2,18,563,0.56,0.56,0.0003178119659423828,
CCC1=CC=C(C)c2cccccc1ccc2,3,109,0.5490196078431373,0.5490196078431373,0.0003268718719482422,
C=C1CCC(=C)c2cccccc1ccc2,4,830,0.5833333333333334,0.5833333333333334,0.00030732154846191406,
