rediscovery_c1ccc(-c2ccccc2)cc1_mean,rediscovery_c1ccc(-c2ccccc2)cc1_med,rediscovery_c1ccc(-c2ccccc2)cc1_min,rediscovery_c1ccc(-c2ccccc2)cc1_max,rediscovery_c1ccc(-c2ccccc2)cc1_std,total_mean,total_med,total_min,total_max,total_std,objective_calls,n_replaced,timestamps,n_failed_obj_computation,n_not_improvers_among_success_obj_computation,n_discarded_tabu,n_discarded_filters,n_discarded_rdfilters,n_discarded_sillywalks,n_discarded_sascore,n_discarded_custom_filter
0.0,0.0,0.0,0.0,0.0,0.0,0.0,0.0,0.0,0.0,0,0,0.0002541542053222656,0,0,0,0,0,0,0,0
0.0,0.0,0.0,0.0,0.0,0.0,0.0,0.0,0.0,0.0,1,1,0.0006184577941894531,0,0,0,0,0,0,0,0
0.0,0.0,0.0,0.0,0.0,0.0,0.0,0.0,0.0,0.0,2,1,0.004210233688354492,0,0,13,0,0,0,0,0
0.0,0.0,0.0,0.0,0.0,0.0,0.0,0.0,0.0,0.0,3,1,0.006868600845336914,0,0,4,0,0,0,0,0
0.0,0.0,0.0,0.0,0.0,0.0,0.0,0.0,0.0,0.0,5,2,0.01046895980834961,0,0,7,0,0,0,0,0
0.0,0.0,0.0,0.0,0.0,0.0,0.0,0.0,0.0,0.0,8,3,0.01590752601623535,0,0,12,0,0,0,0,0
0.002857142857142857,0.0,0.0,0.04,0.010301575072754256,0.002857142857142857,0.0,0.0,0.04,0.010301575072754256,13,5,0.02557659149169922,0,0,22,0,0,0,0,0
0.002,0.0,0.0,0.04,0.008717797887081349,0.002,0.0,0.0,0.04,0.008717797887081349,19,6,0.034508466720581055,0,0,14,0,0,0,0,0
0.0068869889040887675,0.0,0.0,0.0784313725490196,0.018464384055653395,0.0068869889040887675,0.0,0.0,0.0784313725490196,0.018464384055653395,29,10,0.047678232192993164,0,0,9,0,0,0,0,0
0.007995430357311858,0.0,0.0,0.0784313725490196,0.020133192803030667,0.007995430357311858,0.0,0.0,0.0784313725490196,0.020133192803030667,39,10,0.059883832931518555,0,0,11,0,0,0,0,0
0.012453708626934758,0.0,0.0,0.08333333333333333,0.023516203124480512,0.012453708626934758,0.0,0.0,0.08333333333333333,0.023516203124480512,49,10,0.0783233642578125,0,0,23,0,0,0,0,0
0.014611884296417545,0.0,0.0,0.08333333333333333,0.024702713397162828,0.014611884296417545,0.0,0.0,0.08333333333333333,0.024702713397162828,59,10,0.09416627883911133,0,0,10,0,0,0,0,0
0.017950069215803055,0.0,0.0,0.08333333333333333,0.026432193621788242,0.017950069215803055,0.0,0.0,0.08333333333333333,0.026432193621788242,69,10,0.10718321800231934,0,0,4,0,0,0,0,0
0.021381756557747857,0.0,0.0,0.09259259259259259,0.028274770392168604,0.021381756557747857,0.0,0.0,0.09259259259259259,0.028274770392168604,79,10,0.13152098655700684,0,0,28,0,0,0,0,0
0.024833791940431314,0.0,0.0,0.09259259259259259,0.029641044124882568,0.024833791940431314,0.0,0.0,0.09259259259259259,0.029641044124882568,89,10,0.14516043663024902,0,0,8,0,0,0,0,0
0.028932538381167508,0.029545454545454545,0.0,0.09259259259259259,0.031116891493004388,0.028932538381167508,0.029545454545454545,0.0,0.09259259259259259,0.031116891493004388,99,10,0.16062259674072266,0,0,4,0,0,0,0,0
0.03212647098600115,0.039607843137254906,0.0,0.09259259259259259,0.03186984050169271,0.03212647098600115,0.039607843137254906,0.0,0.09259259259259259,0.03186984050169271,109,10,0.17503905296325684,0,0,5,0,0,0,0,0
0.03341304266947616,0.04,0.0,0.09259259259259259,0.031116657494590153,0.03341304266947616,0.04,0.0,0.09259259259259259,0.031116657494590153,119,10,0.1942753791809082,0,0,11,0,0,0,0,0
0.035342013278405505,0.04,0.0,0.09259259259259259,0.031074235091011662,0.035342013278405505,0.04,0.0,0.09259259259259259,0.031074235091011662,129,10,0.2094581127166748,0,0,7,0,0,0,0,0
0.03618093531169674,0.04,0.0,0.09259259259259259,0.03075283060889264,0.03618093531169674,0.04,0.0,0.09259259259259259,0.03075283060889264,139,10,0.2241191864013672,0,0,4,0,0,0,0,0
0.0374596539630439,0.04,0.0,0.09259259259259259,0.030376918788032625,0.0374596539630439,0.04,0.0,0.09259259259259259,0.030376918788032625,149,10,0.24244952201843262,0,0,8,0,0,0,0,0
0.03912279278955192,0.04081632653061224,0.0,0.09259259259259259,0.03050354575372001,0.03912279278955192,0.04081632653061224,0.0,0.09259259259259259,0.03050354575372001,159,10,0.2586064338684082,0,0,5,0,0,0,0,0
0.0399778931196436,0.04081632653061224,0.0,0.1276595744680851,0.03148462061024666,0.0399778931196436,0.04081632653061224,0.0,0.1276595744680851,0.03148462061024666,169,10,0.2729179859161377,0,0,3,0,0,0,0,0
0.04072760966981359,0.04081632653061224,0.0,0.1276595744680851,0.03129622401237524,0.04072760966981359,0.04081632653061224,0.0,0.1276595744680851,0.03129622401237524,179,10,0.29106974601745605,0,0,9,0,0,0,0,0
0.042518223133354155,0.04210992907801418,0.0,0.1276595744680851,0.031727433904215736,0.042518223133354155,0.04210992907801418,0.0,0.1276595744680851,0.031727433904215736,189,10,0.30750179290771484,0,0,7,0,0,0,0,0
0.044336836468007096,0.04301572617946346,0.0,0.1276595744680851,0.032266901825241986,0.044336836468007096,0.04301572617946346,0.0,0.1276595744680851,0.032266901825241986,199,10,0.32239866256713867,0,0,3,0,0,0,0,0
0.045410334433448954,0.043478260869565216,0.0,0.1276595744680851,0.032157366043870185,0.045410334433448954,0.043478260869565216,0.0,0.1276595744680851,0.032157366043870185,209,10,0.33714890480041504,0,0,5,0,0,0,0,0
0.04637764888427004,0.043478260869565216,0.0,0.1276595744680851,0.032055529102996264,0.04637764888427004,0.043478260869565216,0.0,0.1276595744680851,0.032055529102996264,219,10,0.3572714328765869,0,0,15,0,0,0,0,0
0.04725337290889462,0.044444444444444446,0.0,0.1276595744680851,0.03185384970893342,0.04725337290889462,0.044444444444444446,0.0,0.1276595744680851,0.03185384970893342,229,10,0.3764669895172119,0,0,11,0,0,0,0,0
0.04778677308045182,0.046511627906976744,0.0,0.1276595744680851,0.031765149614204354,0.04778677308045182,0.046511627906976744,0.0,0.1276595744680851,0.031765149614204354,239,10,0.39764881134033203,0,0,16,0,0,0,0,0
0.04847237593298874,0.046511627906976744,0.0,0.1276595744680851,0.03177189603814865,0.04847237593298874,0.046511627906976744,0.0,0.1276595744680851,0.03177189603814865,249,10,0.41677165031433105,0,0,10,0,0,0,0,0
0.04894255365382399,0.046511627906976744,0.0,0.1276595744680851,0.0316955029993584,0.04894255365382399,0.046511627906976744,0.0,0.1276595744680851,0.0316955029993584,259,10,0.43394923210144043,0,0,15,0,0,0,0,0
0.05076061461018634,0.04939024390243903,0.0,0.3170731707317073,0.03551490165785306,0.05076061461018634,0.04939024390243903,0.0,0.3170731707317073,0.03551490165785306,269,10,0.45537304878234863,0,0,15,0,0,0,0,0
0.051767573440259805,0.05217785843920145,0.0,0.3170731707317073,0.03559550494893706,0.051767573440259805,0.05217785843920145,0.0,0.3170731707317073,0.03559550494893706,279,10,0.481250524520874,0,0,23,0,0,0,0,0
0.052715540504379675,0.05357142857142857,0.0,0.3170731707317073,0.03600655416763181,0.052715540504379675,0.05357142857142857,0.0,0.3170731707317073,0.03600655416763181,289,10,0.4982171058654785,0,0,7,0,0,0,0,0
0.053432721696596894,0.05454545454545454,0.0,0.3170731707317073,0.03587654935993476,0.053432721696596894,0.05454545454545454,0.0,0.3170731707317073,0.03587654935993476,299,10,0.5182230472564697,0,0,12,0,0,0,0,0
0.054147230367316654,0.05555555555555555,0.0,0.3170731707317073,0.0360843634457402,0.054147230367316654,0.05555555555555555,0.0,0.3170731707317073,0.0360843634457402,309,10,0.5392246246337891,0,0,17,0,0,0,0,0
0.05403976702552497,0.05555555555555555,0.0,0.3170731707317073,0.036178723847662804,0.05403976702552497,0.05555555555555555,0.0,0.3170731707317073,0.036178723847662804,319,10,0.5552735328674316,0,0,4,0,0,0,0,0
0.05499847176994076,0.05660377358490566,0.0,0.3170731707317073,0.03642820124754078,0.05499847176994076,0.05660377358490566,0.0,0.3170731707317073,0.03642820124754078,329,10,0.5741860866546631,0,0,7,0,0,0,0,0
0.05573373843374332,0.05660377358490566,0.0,0.3170731707317073,0.036533192321099035,0.05573373843374332,0.05660377358490566,0.0,0.3170731707317073,0.036533192321099035,339,10,0.587956428527832,0,0,1,0,0,0,0,0
0.056112533540098916,0.057692307692307696,0.0,0.3170731707317073,0.036238257717687516,0.056112533540098916,0.057692307692307696,0.0,0.3170731707317073,0.036238257717687516,349,10,0.6107733249664307,0,0,4,0,0,0,0,0
0.05647057269331197,0.058823529411764705,0.0,0.3170731707317073,0.0360891823661474,0.05647057269331197,0.058823529411764705,0.0,0.3170731707317073,0.0360891823661474,359,10,0.6274194717407227,0,0,6,0,0,0,0,0
0.05674070971591892,0.06,0.0,0.3170731707317073,0.03596541412257545,0.05674070971591892,0.06,0.0,0.3170731707317073,0.03596541412257545,369,10,0.6450612545013428,0,0,7,0,0,0,0,0
0.0569819878053137,0.06,0.0,0.3170731707317073,0.03600784503084594,0.0569819878053137,0.06,0.0,0.3170731707317073,0.03600784503084594,379,10,0.6625156402587891,0,0,3,0,0,0,0,0
0.0577207317548528,0.0625,0.0,0.3170731707317073,0.03591033977684489,0.0577207317548528,0.0625,0.0,0.3170731707317073,0.03591033977684489,389,10,0.6804444789886475,0,0,3,0,0,0,0,0
0.05825607094209994,0.0625,0.0,0.3170731707317073,0.03607736817950931,0.05825607094209994,0.0625,0.0,0.3170731707317073,0.03607736817950931,399,10,0.7014307975769043,0,0,9,0,0,0,0,0
0.05861194542439456,0.06366092536305301,0.0,0.3170731707317073,0.03602415853026023,0.05861194542439456,0.06366092536305301,0.0,0.3170731707317073,0.03602415853026023,409,10,0.7249970436096191,0,0,12,0,0,0,0,0
0.058901428702912095,0.0641729581331503,0.0,0.3170731707317073,0.03587059858260494,0.058901428702912095,0.0641729581331503,0.0,0.3170731707317073,0.03587059858260494,419,10,0.7462913990020752,0,0,8,0,0,0,0,0
0.059765836349449,0.06557377049180328,0.0,0.3170731707317073,0.036636390214205186,0.059765836349449,0.06557377049180328,0.0,0.3170731707317073,0.036636390214205186,429,10,0.76487135887146,0,0,4,0,0,0,0,0
0.059854953297486836,0.06557377049180328,0.0,0.3170731707317073,0.03658190776437824,0.059854953297486836,0.06557377049180328,0.0,0.3170731707317073,0.03658190776437824,439,10,0.7860546112060547,0,0,9,0,0,0,0,0
0.05995722829655269,0.06557377049180328,0.0,0.3170731707317073,0.03626368450591314,0.05995722829655269,0.06557377049180328,0.0,0.3170731707317073,0.03626368450591314,449,10,0.8028476238250732,0,0,3,0,0,0,0,0
0.060626302228104625,0.06612021857923497,0.0,0.3170731707317073,0.036756740915962094,0.060626302228104625,0.06612021857923497,0.0,0.3170731707317073,0.036756740915962094,459,10,0.8248872756958008,0,0,12,0,0,0,0,0
0.06075898441896871,0.06612021857923497,0.0,0.3170731707317073,0.036982403521072287,0.06075898441896871,0.06612021857923497,0.0,0.3170731707317073,0.036982403521072287,469,10,0.8446664810180664,0,0,6,0,0,0,0,0
0.0610811279590997,0.06666666666666667,0.0,0.3170731707317073,0.036782326565993784,0.0610811279590997,0.06666666666666667,0.0,0.3170731707317073,0.036782326565993784,479,10,0.859790563583374,0,0,2,0,0,0,0,0
0.06174628902555428,0.06666666666666667,0.0,0.3170731707317073,0.03694656043987168,0.06174628902555428,0.06666666666666667,0.0,0.3170731707317073,0.03694656043987168,489,10,0.8845539093017578,0,0,17,0,0,0,0,0
0.061450368953356156,0.06666666666666667,0.0,0.3170731707317073,0.03685058268475864,0.061450368953356156,0.06666666666666667,0.0,0.3170731707317073,0.03685058268475864,499,10,0.904428243637085,0,0,6,0,0,0,0,0
0.061745768688794694,0.06666666666666667,0.0,0.3170731707317073,0.03692471042176848,0.061745768688794694,0.06666666666666667,0.0,0.3170731707317073,0.03692471042176848,509,10,0.9349091053009033,0,0,13,0,0,0,0,0
0.06233863774329158,0.0672316384180791,0.0,0.3170731707317073,0.03707986674927178,0.06233863774329158,0.0672316384180791,0.0,0.3170731707317073,0.03707986674927178,519,10,0.9561660289764404,0,0,4,0,0,0,0,0
0.06284667625923286,0.0672316384180791,0.0,0.3170731707317073,0.037216467293669175,0.06284667625923286,0.0672316384180791,0.0,0.3170731707317073,0.037216467293669175,529,10,0.9750990867614746,0,0,1,0,0,0,0,0
0.06297794074680452,0.06779661016949153,0.0,0.3170731707317073,0.03734380929061444,0.06297794074680452,0.06779661016949153,0.0,0.3170731707317073,0.03734380929061444,539,10,0.993217945098877,0,0,3,0,0,0,0,0
0.06324425778750088,0.06666666666666667,0.0,0.3170731707317073,0.03798870524064415,0.06324425778750088,0.06666666666666667,0.0,0.3170731707317073,0.03798870524064415,549,10,1.0216398239135742,0,0,9,0,0,0,0,0
0.06349481537548644,0.06666666666666667,0.0,0.3170731707317073,0.0380255714838795,0.06349481537548644,0.06666666666666667,0.0,0.3170731707317073,0.0380255714838795,559,10,1.038351058959961,0,0,2,0,0,0,0,0
0.06395589397086854,0.06779661016949153,0.0,0.3170731707317073,0.03834347422486961,0.06395589397086854,0.06779661016949153,0.0,0.3170731707317073,0.03834347422486961,569,10,1.0667972564697266,0,0,9,0,0,0,0,0
0.0643589376160361,0.06779661016949153,0.0,0.3333333333333333,0.03976663368159346,0.0643589376160361,0.06779661016949153,0.0,0.3333333333333333,0.03976663368159346,579,10,1.0885112285614014,0,0,12,0,0,0,0,0
0.06474274959631957,0.06857366771159874,0.0,0.3333333333333333,0.04016474859370218,0.06474274959631957,0.06857366771159874,0.0,0.3333333333333333,0.04016474859370218,589,10,1.1098542213439941,0,0,4,0,0,0,0,0
0.06506975881926727,0.06896551724137931,0.0,0.3333333333333333,0.040257085582231,0.06506975881926727,0.06896551724137931,0.0,0.3333333333333333,0.040257085582231,599,10,1.135571002960205,0,0,11,0,0,0,0,0
0.06498831861777854,0.06896551724137931,0.0,0.3333333333333333,0.04077726712638639,0.06498831861777854,0.06896551724137931,0.0,0.3333333333333333,0.04077726712638639,609,10,1.1614532470703125,0,0,7,0,0,0,0,0
0.06527448190925474,0.06896551724137931,0.0,0.3333333333333333,0.04069393835521408,0.06527448190925474,0.06896551724137931,0.0,0.3333333333333333,0.04069393835521408,619,10,1.1833524703979492,0,0,4,0,0,0,0,0
0.06588080149307105,0.06896551724137931,0.0,0.3333333333333333,0.04259293808464685,0.06588080149307105,0.06896551724137931,0.0,0.3333333333333333,0.04259293808464685,629,10,1.2047791481018066,0,0,10,0,0,0,0,0
0.06648503297797967,0.06896551724137931,0.0,0.35,0.04393465909183266,0.06648503297797967,0.06896551724137931,0.0,0.35,0.04393465909183266,639,10,1.229405164718628,0,0,4,0,0,0,0,0
0.06702271419619332,0.06896551724137931,0.0,0.35,0.04467825918549229,0.06702271419619332,0.06896551724137931,0.0,0.35,0.04467825918549229,649,10,1.255864143371582,0,0,13,0,0,0,0,0
0.06736983271650022,0.06896551724137931,0.0,0.35,0.04479909933781728,0.06736983271650022,0.06896551724137931,0.0,0.35,0.04479909933781728,659,10,1.2819437980651855,0,0,15,0,0,0,0,0
0.06767065103415403,0.07017543859649122,0.0,0.35,0.04521027947065791,0.06767065103415403,0.07017543859649122,0.0,0.35,0.04521027947065791,669,10,1.3054392337799072,0,0,15,0,0,0,0,0
0.06758406907925181,0.07017543859649122,0.0,0.35,0.04501670718234303,0.06758406907925181,0.07017543859649122,0.0,0.35,0.04501670718234303,679,10,1.3365278244018555,0,0,21,0,0,0,0,0
0.06783913561757218,0.07017543859649122,0.0,0.35,0.04518837777995244,0.06783913561757218,0.07017543859649122,0.0,0.35,0.04518837777995244,689,10,1.3639652729034424,0,0,17,0,0,0,0,0
0.06811593378324984,0.07017543859649122,0.0,0.35,0.04618068839044246,0.06811593378324984,0.07017543859649122,0.0,0.35,0.04618068839044246,699,10,1.3847973346710205,0,0,8,0,0,0,0,0
0.06894326373249417,0.07017543859649122,0.0,0.35,0.04695841402528938,0.06894326373249417,0.07017543859649122,0.0,0.35,0.04695841402528938,709,10,1.4080438613891602,0,0,7,0,0,0,0,0
0.06890552399108024,0.07017543859649122,0.0,0.35,0.04688459128650918,0.06890552399108024,0.07017543859649122,0.0,0.35,0.04688459128650918,719,10,1.4377267360687256,0,0,28,0,0,0,0,0
0.06914237831505343,0.07017543859649122,0.0,0.35,0.04730436399806163,0.06914237831505343,0.07017543859649122,0.0,0.35,0.04730436399806163,729,10,1.472461462020874,0,0,27,0,0,0,0,0
0.0696745440456938,0.07017543859649122,0.0,0.35,0.04829822422354257,0.0696745440456938,0.07017543859649122,0.0,0.35,0.04829822422354257,739,10,1.4993982315063477,0,0,15,0,0,0,0,0
0.07003045688710968,0.07017543859649122,0.0,0.35,0.04886251064245896,0.07003045688710968,0.07017543859649122,0.0,0.35,0.04886251064245896,749,10,1.5365509986877441,0,0,25,0,0,0,0,0
0.07076511472087947,0.07017543859649122,0.0,0.35,0.0502713496379984,0.07076511472087947,0.07017543859649122,0.0,0.35,0.0502713496379984,759,10,1.5715115070343018,0,0,32,0,0,0,0,0
0.07087714226457609,0.07017543859649122,0.0,0.35,0.05048191915768716,0.07087714226457609,0.07017543859649122,0.0,0.35,0.05048191915768716,769,10,1.5995523929595947,0,0,20,0,0,0,0,0
0.07149680549171951,0.07017543859649122,0.0,0.35,0.05174581127100547,0.07149680549171951,0.07017543859649122,0.0,0.35,0.05174581127100547,779,10,1.6231114864349365,0,0,7,0,0,0,0,0
0.07148502950401489,0.07017543859649122,0.0,0.35,0.052378796055811076,0.07148502950401489,0.07017543859649122,0.0,0.35,0.052378796055811076,789,10,1.6515130996704102,0,0,17,0,0,0,0,0
0.07215959986827962,0.07017543859649122,0.0,0.35,0.05311579302061313,0.07215959986827962,0.07017543859649122,0.0,0.35,0.05311579302061313,799,10,1.6903064250946045,0,0,32,0,0,0,0,0
0.07240651868083035,0.07017543859649122,0.0,0.35,0.05331499109314266,0.07240651868083035,0.07017543859649122,0.0,0.35,0.05331499109314266,809,10,1.7255027294158936,0,0,20,0,0,0,0,0
0.0727659246333887,0.07017543859649122,0.0,0.35,0.05420079829977833,0.0727659246333887,0.07017543859649122,0.0,0.35,0.05420079829977833,819,10,1.7515029907226562,0,0,5,0,0,0,0,0
0.07344605578826789,0.07017543859649122,0.0,0.35,0.055060257575679276,0.07344605578826789,0.07017543859649122,0.0,0.35,0.055060257575679276,829,10,1.7826993465423584,0,0,17,0,0,0,0,0
0.07383855334584838,0.07080200501253132,0.0,0.35,0.05570992250248165,0.07383855334584838,0.07080200501253132,0.0,0.35,0.05570992250248165,839,10,1.8065426349639893,0,0,8,0,0,0,0,0
0.07416470820002719,0.07017543859649122,0.0,0.35,0.0563656363072603,0.07416470820002719,0.07017543859649122,0.0,0.35,0.0563656363072603,849,10,1.834280252456665,0,0,13,0,0,0,0,0
0.07428598680687772,0.07080200501253132,0.0,0.35,0.05652554691806978,0.07428598680687772,0.07080200501253132,0.0,0.35,0.05652554691806978,859,10,1.8677566051483154,0,0,15,0,0,0,0,0
0.07473617589887768,0.07080200501253132,0.0,0.35,0.05760028904966163,0.07473617589887768,0.07080200501253132,0.0,0.35,0.05760028904966163,869,10,1.8919239044189453,0,0,8,0,0,0,0,0
0.07463023191608482,0.07017543859649122,0.0,0.35,0.05783642499755276,0.07463023191608482,0.07017543859649122,0.0,0.35,0.05783642499755276,879,10,1.9805397987365723,0,0,18,0,0,0,0,0
0.07519085585513044,0.07142857142857142,0.0,0.35,0.058326032633654656,0.07519085585513044,0.07142857142857142,0.0,0.35,0.058326032633654656,889,10,2.0104408264160156,0,0,15,0,0,0,0,0
0.07517259342425843,0.07142857142857142,0.0,0.35,0.05867751784082469,0.07517259342425843,0.07142857142857142,0.0,0.35,0.05867751784082469,899,10,2.0463333129882812,0,0,31,0,0,0,0,0
0.07512533027530341,0.07080200501253132,0.0,0.35,0.05919199458068886,0.07512533027530341,0.07080200501253132,0.0,0.35,0.05919199458068886,909,10,2.0734853744506836,0,0,12,0,0,0,0,0
0.07522725351528584,0.07142857142857142,0.0,0.35,0.059136648620760096,0.07522725351528584,0.07142857142857142,0.0,0.35,0.059136648620760096,919,10,2.1096689701080322,0,0,34,0,0,0,0,0
0.07547814548622568,0.07142857142857142,0.0,0.35,0.05961841505396997,0.07547814548622568,0.07142857142857142,0.0,0.35,0.05961841505396997,929,10,2.14629864692688,0,0,28,0,0,0,0,0
0.0760436439851644,0.07142857142857142,0.0,0.35,0.060443836535631,0.0760436439851644,0.07142857142857142,0.0,0.35,0.060443836535631,939,10,2.1849846839904785,0,0,26,0,0,0,0,0
0.07633617853812759,0.07142857142857142,0.0,0.35,0.061155258627985244,0.07633617853812759,0.07142857142857142,0.0,0.35,0.061155258627985244,949,10,2.2147464752197266,0,0,15,0,0,0,0,0
0.0767279936640155,0.07142857142857142,0.0,0.37254901960784315,0.061907106465938395,0.0767279936640155,0.07142857142857142,0.0,0.37254901960784315,0.061907106465938395,959,10,2.2508535385131836,0,0,25,0,0,0,0,0
0.07720419990145831,0.07142857142857142,0.0,0.37254901960784315,0.06247178442527512,0.07720419990145831,0.07142857142857142,0.0,0.37254901960784315,0.06247178442527512,969,10,2.281628131866455,0,0,17,0,0,0,0,0
0.07781940112045574,0.07142857142857142,0.0,0.37254901960784315,0.0631754204586222,0.07781940112045574,0.07142857142857142,0.0,0.37254901960784315,0.0631754204586222,979,10,2.3095650672912598,0,0,11,0,0,0,0,0
0.07832764195123493,0.07142857142857142,0.0,0.37254901960784315,0.06391833618848751,0.07832764195123493,0.07142857142857142,0.0,0.37254901960784315,0.06391833618848751,989,10,2.341644763946533,0,0,19,0,0,0,0,0
0.07938052394186736,0.07142857142857142,0.0,0.37254901960784315,0.06501851391617942,0.07938052394186736,0.07142857142857142,0.0,0.37254901960784315,0.06501851391617942,999,10,2.3812062740325928,0,0,26,0,0,0,0,0
0.0809269261911458,0.07142857142857142,0.0,0.38,0.06598579679715856,0.0809269261911458,0.07142857142857142,0.0,0.38,0.06598579679715856,1009,10,2.4152960777282715,0,0,18,0,0,0,0,0
0.08225422256368156,0.07272727272727272,0.0,0.38,0.06624065669711823,0.08225422256368156,0.07272727272727272,0.0,0.38,0.06624065669711823,1019,10,2.453169345855713,0,0,18,0,0,0,0,0
0.08336451240397758,0.07272727272727272,0.0,0.38,0.06658828359122075,0.08336451240397758,0.07272727272727272,0.0,0.38,0.06658828359122075,1029,10,2.479877471923828,0,0,9,0,0,0,0,0
0.08448066849206445,0.07272727272727272,0.0,0.38,0.0668067194193587,0.08448066849206445,0.07272727272727272,0.0,0.38,0.0668067194193587,1039,10,2.5062949657440186,0,0,12,0,0,0,0,0
0.08596527726519781,0.07272727272727272,0.0,0.38,0.06744693340532246,0.08596527726519781,0.07272727272727272,0.0,0.38,0.06744693340532246,1049,10,2.5359394550323486,0,0,12,0,0,0,0,0
0.08797947210985249,0.07407407407407407,0.0,0.38,0.06889946756916862,0.08797947210985249,0.07407407407407407,0.0,0.38,0.06889946756916862,1059,10,2.574198007583618,0,0,13,0,0,0,0,0
0.08909217763612122,0.07407407407407407,0.0,0.38,0.06903617431954544,0.08909217763612122,0.07407407407407407,0.0,0.38,0.06903617431954544,1069,10,2.6056041717529297,0,0,15,0,0,0,0,0
0.08951254212390755,0.07407407407407407,0.0,0.38,0.06881558874149983,0.08951254212390755,0.07407407407407407,0.0,0.38,0.06881558874149983,1079,10,2.6372838020324707,0,0,12,0,0,0,0,0
0.09126666440432034,0.07407407407407407,0.0,0.3958333333333333,0.06994307176137607,0.09126666440432034,0.07407407407407407,0.0,0.3958333333333333,0.06994307176137607,1089,10,2.6709914207458496,0,0,9,0,0,0,0,0
0.09309943583857198,0.07407407407407407,0.0,0.3958333333333333,0.07077867211084383,0.09309943583857198,0.07407407407407407,0.0,0.3958333333333333,0.07077867211084383,1099,10,2.715026378631592,0,0,32,0,0,0,0,0
0.09401685077520149,0.07547169811320754,0.0,0.3958333333333333,0.07093149910503684,0.09401685077520149,0.07547169811320754,0.0,0.3958333333333333,0.07093149910503684,1109,10,2.7481377124786377,0,0,17,0,0,0,0,0
0.09542758777892493,0.07547169811320754,0.0,0.3958333333333333,0.07106664390776646,0.09542758777892493,0.07547169811320754,0.0,0.3958333333333333,0.07106664390776646,1119,10,2.784010410308838,0,0,10,0,0,0,0,0
0.09711686790791785,0.07547169811320754,0.0,0.3958333333333333,0.07176866951215445,0.09711686790791785,0.07547169811320754,0.0,0.3958333333333333,0.07176866951215445,1129,10,2.814504623413086,0,0,8,0,0,0,0,0
0.09835561766900215,0.07547169811320754,0.0,0.3958333333333333,0.07220287630484815,0.09835561766900215,0.07547169811320754,0.0,0.3958333333333333,0.07220287630484815,1139,10,2.8429453372955322,0,0,5,0,0,0,0,0
0.0991819186277478,0.07547169811320754,0.0,0.3958333333333333,0.07201017425342446,0.0991819186277478,0.07547169811320754,0.0,0.3958333333333333,0.07201017425342446,1149,10,2.873234987258911,0,0,18,0,0,0,0,0
0.10060171298216307,0.07692307692307693,0.0,0.3958333333333333,0.0729044217109678,0.10060171298216307,0.07692307692307693,0.0,0.3958333333333333,0.0729044217109678,1159,10,2.898449420928955,0,0,3,0,0,0,0,0
0.10206971542988964,0.07692307692307693,0.0,0.40425531914893614,0.07356055506890774,0.10206971542988964,0.07692307692307693,0.0,0.40425531914893614,0.07356055506890774,1169,10,2.9235026836395264,0,0,2,0,0,0,0,0
0.10349980670312584,0.07692307692307693,0.018518518518518517,0.40425531914893614,0.07382107605073689,0.10349980670312584,0.07692307692307693,0.018518518518518517,0.40425531914893614,0.07382107605073689,1180,10,2.955199718475342,0,1,5,0,0,0,0,0
0.10510696389178878,0.07692307692307693,0.029850746268656716,0.40425531914893614,0.07511516541866511,0.10510696389178878,0.07692307692307693,0.029850746268656716,0.40425531914893614,0.07511516541866511,1190,10,2.983830213546753,0,0,6,0,0,0,0,0
0.1068049609647817,0.07692307692307693,0.031746031746031744,0.40425531914893614,0.07639314982522694,0.1068049609647817,0.07692307692307693,0.031746031746031744,0.40425531914893614,0.07639314982522694,1200,10,3.0086140632629395,0,0,0,0,0,0,0,0
0.10796415331237863,0.0784313725490196,0.03225806451612903,0.40425531914893614,0.07667816531500868,0.10796415331237863,0.0784313725490196,0.03225806451612903,0.40425531914893614,0.07667816531500868,1210,10,3.0370452404022217,0,0,1,0,0,0,0,0
0.10971444770433021,0.0784313725490196,0.03333333333333333,0.40425531914893614,0.07777644833577811,0.10971444770433021,0.0784313725490196,0.03333333333333333,0.40425531914893614,0.07777644833577811,1221,10,3.06709885597229,0,1,4,0,0,0,0,0
0.11114656831177072,0.07936507936507936,0.034482758620689655,0.40425531914893614,0.0781782997150954,0.11114656831177072,0.07936507936507936,0.034482758620689655,0.40425531914893614,0.0781782997150954,1231,10,3.0987548828125,0,0,8,0,0,0,0,0
0.11214804519905365,0.08,0.03571428571428571,0.40425531914893614,0.07804950842391284,0.11214804519905365,0.08,0.03571428571428571,0.40425531914893614,0.07804950842391284,1242,10,3.1239213943481445,0,1,0,0,0,0,0,0
0.11357100712900818,0.08,0.03636363636363636,0.40425531914893614,0.07857560865552765,0.11357100712900818,0.08,0.03636363636363636,0.40425531914893614,0.07857560865552765,1253,10,3.15559720993042,0,1,3,0,0,0,0,0
0.11509187602970923,0.08163265306122448,0.03773584905660377,0.40425531914893614,0.07945436328292567,0.11509187602970923,0.08163265306122448,0.03773584905660377,0.40425531914893614,0.07945436328292567,1263,10,3.180907726287842,0,0,2,0,0,0,0,0
0.11706051523430419,0.08163265306122448,0.038461538461538464,0.41304347826086957,0.08084347017640006,0.11706051523430419,0.08163265306122448,0.038461538461538464,0.41304347826086957,0.08084347017640006,1273,10,3.2115468978881836,0,0,3,0,0,0,0,0
0.11826111491122941,0.08333333333333333,0.038461538461538464,0.41304347826086957,0.08108555046068289,0.11826111491122941,0.08333333333333333,0.038461538461538464,0.41304347826086957,0.08108555046068289,1284,10,3.2395262718200684,0,1,1,0,0,0,0,0
0.11996563794286529,0.08333333333333333,0.0392156862745098,0.41304347826086957,0.0819496878641826,0.11996563794286529,0.08333333333333333,0.0392156862745098,0.41304347826086957,0.0819496878641826,1298,10,3.2725579738616943,0,4,4,0,0,0,0,0
0.12163455832165972,0.0847457627118644,0.04,0.41304347826086957,0.08235158452180691,0.12163455832165972,0.0847457627118644,0.04,0.41304347826086957,0.08235158452180691,1309,10,3.301941156387329,0,1,4,0,0,0,0,0
0.12365490432359105,0.08658170914542729,0.04081632653061224,0.4222222222222222,0.08351325455858051,0.12365490432359105,0.08658170914542729,0.04081632653061224,0.4222222222222222,0.08351325455858051,1321,10,3.332965850830078,0,2,3,0,0,0,0,0
0.12535530051597368,0.08771929824561403,0.0425531914893617,0.4222222222222222,0.08441046224387291,0.12535530051597368,0.08771929824561403,0.0425531914893617,0.4222222222222222,0.08441046224387291,1334,10,3.3655476570129395,0,3,4,0,0,0,0,0
0.1268817541551876,0.08797729618163055,0.043478260869565216,0.4222222222222222,0.08477608990831062,0.1268817541551876,0.08797729618163055,0.043478260869565216,0.4222222222222222,0.08477608990831062,1344,10,3.4028964042663574,0,0,9,0,0,0,0,0
0.12880496215164527,0.08928571428571429,0.045454545454545456,0.4418604651162791,0.08591755724832076,0.12880496215164527,0.08928571428571429,0.045454545454545456,0.4418604651162791,0.08591755724832076,1361,10,3.438598394393921,0,7,6,0,0,0,0,0
0.13083718882360226,0.09090909090909091,0.046511627906976744,0.4418604651162791,0.0870676462608136,0.13083718882360226,0.09090909090909091,0.046511627906976744,0.4418604651162791,0.0870676462608136,1378,10,3.4780194759368896,0,7,5,0,0,0,0,0
0.13225566072368367,0.09259259259259259,0.05,0.4418604651162791,0.0875120293023689,0.13225566072368367,0.09259259259259259,0.05,0.4418604651162791,0.0875120293023689,1391,10,3.512012004852295,0,3,2,0,0,0,0,0
0.13405320977204171,0.09259259259259259,0.05172413793103448,0.4418604651162791,0.08832511368846524,0.13405320977204171,0.09259259259259259,0.05172413793103448,0.4418604651162791,0.08832511368846524,1403,10,3.543922185897827,0,2,4,0,0,0,0,0
0.13479887916900635,0.09280792420327304,0.05357142857142857,0.4418604651162791,0.08816982047395482,0.13479887916900635,0.09280792420327304,0.05357142857142857,0.4418604651162791,0.08816982047395482,1416,10,3.584707021713257,0,3,14,0,0,0,0,0
0.13579580462826948,0.09433962264150944,0.05454545454545454,0.4418604651162791,0.08815872065519886,0.13579580462826948,0.09433962264150944,0.05454545454545454,0.4418604651162791,0.08815872065519886,1427,10,3.6173276901245117,0,1,3,0,0,0,0,0
0.13710579504364873,0.09523809523809523,0.05555555555555555,0.4418604651162791,0.08857178980417334,0.13710579504364873,0.09523809523809523,0.05555555555555555,0.4418604651162791,0.08857178980417334,1439,10,3.6470084190368652,0,2,3,0,0,0,0,0
0.13795979943113837,0.0967741935483871,0.05660377358490566,0.4418604651162791,0.08832122426582822,0.13795979943113837,0.0967741935483871,0.05660377358490566,0.4418604651162791,0.08832122426582822,1450,10,3.6753437519073486,0,1,4,0,0,0,0,0
0.13872526755927417,0.09803921568627451,0.05660377358490566,0.4418604651162791,0.08838066013362633,0.13872526755927417,0.09803921568627451,0.05660377358490566,0.4418604651162791,0.08838066013362633,1462,10,3.705197811126709,0,2,2,0,0,0,0,0
0.13995611752951143,0.09836065573770492,0.058823529411764705,0.4418604651162791,0.0886346155327585,0.13995611752951143,0.09836065573770492,0.058823529411764705,0.4418604651162791,0.0886346155327585,1477,10,3.745086669921875,0,5,12,0,0,0,0,0
0.14094314164824492,0.09836065573770492,0.06,0.4418604651162791,0.08886170506466154,0.14094314164824492,0.09836065573770492,0.06,0.4418604651162791,0.08886170506466154,1489,10,3.783214807510376,0,2,7,0,0,0,0,0
0.14223587707617533,0.1,0.06153846153846154,0.4418604651162791,0.08935502386085234,0.14223587707617533,0.1,0.06153846153846154,0.4418604651162791,0.08935502386085234,1499,10,3.81208872795105,0,0,4,0,0,0,0,0
0.14329266401866655,0.1016949152542373,0.0625,0.4418604651162791,0.08951332618741764,0.14329266401866655,0.1016949152542373,0.0625,0.4418604651162791,0.08951332618741764,1512,10,3.8485665321350098,0,3,10,0,0,0,0,0
0.1448101923329396,0.10204081632653061,0.06349206349206349,0.4418604651162791,0.08995391767362894,0.1448101923329396,0.10204081632653061,0.06349206349206349,0.4418604651162791,0.08995391767362894,1524,10,3.889199733734131,0,2,12,0,0,0,0,0
0.14603854031582506,0.10380747126436782,0.06451612903225806,0.4418604651162791,0.0900101657480631,0.14603854031582506,0.10380747126436782,0.06451612903225806,0.4418604651162791,0.0900101657480631,1536,10,3.927553176879883,0,2,10,0,0,0,0,0
0.14735227402007312,0.10526315789473684,0.06557377049180328,0.4418604651162791,0.09041862427879667,0.14735227402007312,0.10526315789473684,0.06557377049180328,0.4418604651162791,0.09041862427879667,1553,10,3.967850923538208,0,7,8,0,0,0,0,0
0.14880801180137115,0.10714285714285714,0.06666666666666667,0.4418604651162791,0.09060856306171429,0.14880801180137115,0.10714285714285714,0.06666666666666667,0.4418604651162791,0.09060856306171429,1565,10,3.9990394115448,0,2,6,0,0,0,0,0
0.15013182717979676,0.10714285714285714,0.06666666666666667,0.4418604651162791,0.09116526805292366,0.15013182717979676,0.10714285714285714,0.06666666666666667,0.4418604651162791,0.09116526805292366,1580,10,4.03417181968689,0,5,5,0,0,0,0,0
0.15126076168470592,0.10714285714285714,0.06666666666666667,0.4418604651162791,0.09112912604508708,0.15126076168470592,0.10714285714285714,0.06666666666666667,0.4418604651162791,0.09112912604508708,1595,10,4.07471776008606,0,5,9,0,0,0,0,0
0.1521144222225767,0.10909090909090909,0.06779661016949153,0.4418604651162791,0.09094049129281771,0.1521144222225767,0.10909090909090909,0.06779661016949153,0.4418604651162791,0.09094049129281771,1607,10,4.1108269691467285,0,2,8,0,0,0,0,0
0.15354893021792435,0.109375,0.06896551724137931,0.4418604651162791,0.09127402419735078,0.15354893021792435,0.109375,0.06896551724137931,0.4418604651162791,0.09127402419735078,1620,10,4.14810037612915,0,3,8,0,0,0,0,0
0.1554130961429067,0.11200716845878136,0.06896551724137931,0.4418604651162791,0.09186315717070477,0.1554130961429067,0.11200716845878136,0.06896551724137931,0.4418604651162791,0.09186315717070477,1633,10,4.187225341796875,0,3,11,0,0,0,0,0
0.15632232924553716,0.11320754716981132,0.06896551724137931,0.4418604651162791,0.09159523083407117,0.15632232924553716,0.11320754716981132,0.06896551724137931,0.4418604651162791,0.09159523083407117,1648,10,4.226290941238403,0,5,7,0,0,0,0,0
0.15786717013015322,0.11475409836065574,0.06896551724137931,0.4418604651162791,0.09217158246763214,0.15786717013015322,0.11475409836065574,0.06896551724137931,0.4418604651162791,0.09217158246763214,1661,10,4.265124797821045,0,3,12,0,0,0,0,0
0.15887500709857286,0.11602564102564103,0.07017543859649122,0.4418604651162791,0.09239298974341908,0.15887500709857286,0.11602564102564103,0.07017543859649122,0.4418604651162791,0.09239298974341908,1675,10,4.304330825805664,0,4,6,0,0,0,0,0
0.16020536022604528,0.11764705882352941,0.07142857142857142,0.4418604651162791,0.09260798861235191,0.16020536022604528,0.11764705882352941,0.07142857142857142,0.4418604651162791,0.09260798861235191,1688,10,4.340736150741577,0,3,14,0,0,0,0,0
0.16149131699650252,0.12,0.07142857142857142,0.4418604651162791,0.09270865556463746,0.16149131699650252,0.12,0.07142857142857142,0.4418604651162791,0.09270865556463746,1700,10,4.372759103775024,0,2,4,0,0,0,0,0
0.16310735488689937,0.12121212121212122,0.07272727272727272,0.4418604651162791,0.09326704053201017,0.16310735488689937,0.12121212121212122,0.07272727272727272,0.4418604651162791,0.09326704053201017,1713,10,4.403433084487915,0,3,4,0,0,0,0,0
0.1647242487980579,0.125,0.07272727272727272,0.4418604651162791,0.09372762950480719,0.1647242487980579,0.125,0.07272727272727272,0.4418604651162791,0.09372762950480719,1726,10,4.438553810119629,0,3,8,0,0,0,0,0
0.16636259532111963,0.12698412698412698,0.07272727272727272,0.4418604651162791,0.09374309175248495,0.16636259532111963,0.12698412698412698,0.07272727272727272,0.4418604651162791,0.09374309175248495,1738,10,4.47792911529541,0,2,13,0,0,0,0,0
0.16794432475306656,0.12727272727272726,0.07272727272727272,0.4418604651162791,0.09397728085946297,0.16794432475306656,0.12727272727272726,0.07272727272727272,0.4418604651162791,0.09397728085946297,1749,10,4.511696100234985,0,1,7,0,0,0,0,0
0.16899277935566484,0.12903225806451613,0.07407407407407407,0.4418604651162791,0.09402546473928253,0.16899277935566484,0.12903225806451613,0.07407407407407407,0.4418604651162791,0.09402546473928253,1767,10,4.555255651473999,0,8,14,0,0,0,0,0
0.17045733237527305,0.13114754098360656,0.07407407407407407,0.4418604651162791,0.09439904028384291,0.17045733237527305,0.13114754098360656,0.07407407407407407,0.4418604651162791,0.09439904028384291,1779,10,4.587951421737671,0,2,4,0,0,0,0,0
0.17161143243057017,0.13333333333333333,0.07462686567164178,0.4418604651162791,0.09419602813402593,0.17161143243057017,0.13333333333333333,0.07462686567164178,0.4418604651162791,0.09419602813402593,1795,10,4.6287617683410645,0,6,6,0,0,0,0,0
0.1726701534993063,0.1346153846153846,0.07547169811320754,0.4418604651162791,0.09410911554080395,0.1726701534993063,0.1346153846153846,0.07547169811320754,0.4418604651162791,0.09410911554080395,1806,10,4.666223049163818,0,1,6,0,0,0,0,0
0.17393903866601607,0.13793103448275862,0.07547169811320754,0.4418604651162791,0.09403855967649502,0.17393903866601607,0.13793103448275862,0.07547169811320754,0.4418604651162791,0.09403855967649502,1821,10,4.713102579116821,0,5,17,0,0,0,0,0
0.17481262086301222,0.13819628647214854,0.07575757575757576,0.4418604651162791,0.09376517244920224,0.17481262086301222,0.13819628647214854,0.07575757575757576,0.4418604651162791,0.09376517244920224,1835,10,4.7492735385894775,0,4,6,0,0,0,0,0
0.17615956875540115,0.14035087719298245,0.07692307692307693,0.4418604651162791,0.09374833739530895,0.17615956875540115,0.14035087719298245,0.07692307692307693,0.4418604651162791,0.09374833739530895,1850,10,4.794177293777466,0,5,11,0,0,0,0,0
0.17694073621482923,0.14035087719298245,0.07692307692307693,0.4418604651162791,0.09354569095309694,0.17694073621482923,0.14035087719298245,0.07692307692307693,0.4418604651162791,0.09354569095309694,1864,10,4.82722544670105,0,4,2,0,0,0,0,0
0.17849678116560994,0.14285714285714285,0.07692307692307693,0.4418604651162791,0.09383355241838721,0.17849678116560994,0.14285714285714285,0.07692307692307693,0.4418604651162791,0.09383355241838721,1883,10,4.891355276107788,0,9,32,0,0,0,0,0
0.18028573193430059,0.14285714285714285,0.0784313725490196,0.4418604651162791,0.0940362255983304,0.18028573193430059,0.14285714285714285,0.0784313725490196,0.4418604651162791,0.0940362255983304,1893,10,4.929264783859253,0,0,13,0,0,0,0,0
0.18183526146076373,0.14545454545454545,0.0784313725490196,0.4418604651162791,0.09421698580788324,0.18183526146076373,0.14545454545454545,0.0784313725490196,0.4418604651162791,0.09421698580788324,1909,10,4.974668502807617,0,6,8,0,0,0,0,0
0.18302513117373773,0.14814814814814814,0.07936507936507936,0.4418604651162791,0.09402630504285761,0.18302513117373773,0.14814814814814814,0.07936507936507936,0.4418604651162791,0.09402630504285761,1924,10,5.027137994766235,0,5,22,0,0,0,0,0
0.18445196432344196,0.14814814814814814,0.08,0.4418604651162791,0.09431329135220093,0.18445196432344196,0.14814814814814814,0.08,0.4418604651162791,0.09431329135220093,1944,10,5.089560270309448,0,10,19,0,0,0,0,0
0.18553012992208545,0.15,0.08064516129032258,0.4418604651162791,0.09403433537820012,0.18553012992208545,0.15,0.08064516129032258,0.4418604651162791,0.09403433537820012,1956,10,5.132430791854858,0,2,16,0,0,0,0,0
0.18692742646331248,0.1509433962264151,0.08163265306122448,0.4418604651162791,0.09424491019225274,0.18692742646331248,0.1509433962264151,0.08163265306122448,0.4418604651162791,0.09424491019225274,1971,10,5.173786163330078,0,5,12,0,0,0,0,0
0.18809914866313177,0.1531942633637549,0.08163265306122448,0.4418604651162791,0.0940234868595096,0.18809914866313177,0.1531942633637549,0.08163265306122448,0.4418604651162791,0.0940234868595096,1981,10,5.21100926399231,0,0,11,0,0,0,0,0
0.1897980146783127,0.1557112068965517,0.08333333333333333,0.4418604651162791,0.09420113404404042,0.1897980146783127,0.1557112068965517,0.08333333333333333,0.4418604651162791,0.09420113404404042,2000,10,5.2742109298706055,0,9,30,0,0,0,0,0
0.1913162754149792,0.15779645191409897,0.08333333333333333,0.4418604651162791,0.09406451184716232,0.1913162754149792,0.15779645191409897,0.08333333333333333,0.4418604651162791,0.09406451184716232,2010,10,5.3138768672943115,0,0,13,0,0,0,0,0
0.19189493352085332,0.15873015873015872,0.08333333333333333,0.4418604651162791,0.0939306567945645,0.19189493352085332,0.15873015873015872,0.08333333333333333,0.4418604651162791,0.0939306567945645,2034,10,5.370737075805664,0,14,11,0,0,0,0,0
0.19349689064227413,0.16100230414746544,0.0851063829787234,0.4418604651162791,0.09410760450459836,0.19349689064227413,0.16100230414746544,0.0851063829787234,0.4418604651162791,0.09410760450459836,2044,10,5.41393780708313,0,0,14,0,0,0,0,0
0.19478891368011855,0.16363636363636364,0.08695652173913043,0.4418604651162791,0.09383604531397637,0.19478891368011855,0.16363636363636364,0.08695652173913043,0.4418604651162791,0.09383604531397637,2056,10,5.448052883148193,0,2,5,0,0,0,0,0
0.1960910876390626,0.16666666666666666,0.08771929824561403,0.4418604651162791,0.09386238540056029,0.1960910876390626,0.16666666666666666,0.08771929824561403,0.4418604651162791,0.09386238540056029,2073,10,5.50279688835144,0,7,20,0,0,0,0,0
0.19730358639722925,0.16666666666666666,0.08928571428571429,0.4418604651162791,0.09391324252319057,0.19730358639722925,0.16666666666666666,0.08928571428571429,0.4418604651162791,0.09391324252319057,2088,10,5.553856372833252,0,5,17,0,0,0,0,0
0.1982974131804818,0.1694915254237288,0.08955223880597014,0.4418604651162791,0.09360212098908934,0.1982974131804818,0.1694915254237288,0.08955223880597014,0.4418604651162791,0.09360212098908934,2104,10,5.601682186126709,0,6,10,0,0,0,0,0
0.19986035403397517,0.17084316037735847,0.09090909090909091,0.4418604651162791,0.09361684093342242,0.19986035403397517,0.17084316037735847,0.09090909090909091,0.4418604651162791,0.09361684093342242,2120,10,5.650712728500366,0,6,17,0,0,0,0,0
0.20133864577686178,0.17384004884004883,0.09259259259259259,0.4418604651162791,0.09386033791315132,0.20133864577686178,0.17384004884004883,0.09259259259259259,0.4418604651162791,0.09386033791315132,2138,10,5.702447891235352,0,8,20,0,0,0,0,0
0.20201528539074837,0.1759545923632611,0.09259259259259259,0.4418604651162791,0.09351530536530148,0.20201528539074837,0.1759545923632611,0.09259259259259259,0.4418604651162791,0.09351530536530148,2160,10,5.755194425582886,0,12,12,0,0,0,0,0
0.2028899935914239,0.18032786885245902,0.09302325581395349,0.4418604651162791,0.09316598097464496,0.2028899935914239,0.18032786885245902,0.09302325581395349,0.4418604651162791,0.09316598097464496,2175,10,5.804602384567261,0,5,15,0,0,0,0,0
0.20362962195063752,0.18032786885245902,0.09433962264150944,0.4418604651162791,0.0928753302174482,0.20362962195063752,0.18032786885245902,0.09433962264150944,0.4418604651162791,0.0928753302174482,2192,10,5.858693838119507,0,7,23,0,0,0,0,0
0.2050294746201068,0.1864406779661017,0.09523809523809523,0.4418604651162791,0.09294780481032738,0.2050294746201068,0.1864406779661017,0.09523809523809523,0.4418604651162791,0.09294780481032738,2205,10,5.910909652709961,0,3,17,0,0,0,0,0
0.20668362411023555,0.189167208848406,0.0967741935483871,0.4418604651162791,0.09311751487758947,0.20668362411023555,0.189167208848406,0.0967741935483871,0.4418604651162791,0.09311751487758947,2218,10,5.957296371459961,0,3,13,0,0,0,0,0
0.20767627083869197,0.19098277608915906,0.09836065573770492,0.4418604651162791,0.09295799787510663,0.20767627083869197,0.19098277608915906,0.09836065573770492,0.4418604651162791,0.09295799787510663,2230,10,5.9977593421936035,0,2,9,0,0,0,0,0
0.20955547993439602,0.1935483870967742,0.09836065573770492,0.4772727272727273,0.09348276799576523,0.20955547993439602,0.1935483870967742,0.09836065573770492,0.4772727272727273,0.09348276799576523,2241,10,6.02752947807312,0,1,3,0,0,0,0,0
0.21033866320678496,0.19607843137254902,0.09836065573770492,0.4772727272727273,0.09309718491926992,0.21033866320678496,0.19607843137254902,0.09836065573770492,0.4772727272727273,0.09309718491926992,2257,10,6.080148220062256,0,6,12,0,0,0,0,0
0.21158026183429396,0.19672131147540983,0.1,0.4772727272727273,0.09300478871457261,0.21158026183429396,0.19672131147540983,0.1,0.4772727272727273,0.09300478871457261,2271,10,6.116534471511841,0,4,8,0,0,0,0,0
0.21250011176622152,0.2,0.1,0.4772727272727273,0.09290251626082377,0.21250011176622152,0.2,0.1,0.4772727272727273,0.09290251626082377,2287,10,6.162254095077515,0,6,14,0,0,0,0,0
0.21351612815677085,0.2,0.1016949152542373,0.4772727272727273,0.09271689219280144,0.21351612815677085,0.2,0.1016949152542373,0.4772727272727273,0.09271689219280144,2308,10,6.22418475151062,0,11,28,0,0,0,0,0
0.21506572816190084,0.2033898305084746,0.1016949152542373,0.4772727272727273,0.09271479515110542,0.21506572816190084,0.2033898305084746,0.1016949152542373,0.4772727272727273,0.09271479515110542,2323,10,6.2697978019714355,0,5,14,0,0,0,0,0
0.2161394146183922,0.20689655172413793,0.1016949152542373,0.4772727272727273,0.09242620359869635,0.2161394146183922,0.20689655172413793,0.1016949152542373,0.4772727272727273,0.09242620359869635,2339,10,6.319966793060303,0,6,18,0,0,0,0,0
0.2171073572203216,0.20689655172413793,0.10344827586206896,0.4772727272727273,0.09229786009849057,0.2171073572203216,0.20689655172413793,0.10344827586206896,0.4772727272727273,0.09229786009849057,2355,10,6.355886936187744,0,6,5,0,0,0,0,0
0.21811062928248276,0.20761494252873564,0.10344827586206896,0.4772727272727273,0.09211001124006936,0.21811062928248276,0.20761494252873564,0.10344827586206896,0.4772727272727273,0.09211001124006936,2370,10,6.402087688446045,0,5,15,0,0,0,0,0
0.21891539346814506,0.20967741935483872,0.1044776119402985,0.4772727272727273,0.09177651808220287,0.21891539346814506,0.20967741935483872,0.1044776119402985,0.4772727272727273,0.09177651808220287,2382,10,6.44439697265625,0,2,9,0,0,0,0,0
0.2196436970546855,0.21052631578947367,0.10526315789473684,0.4772727272727273,0.09150888752163834,0.2196436970546855,0.21052631578947367,0.10526315789473684,0.4772727272727273,0.09150888752163834,2396,10,6.499945163726807,0,4,27,0,0,0,0,0
0.2206780349208995,0.21052631578947367,0.10714285714285714,0.4772727272727273,0.09094570863559005,0.2206780349208995,0.21052631578947367,0.10714285714285714,0.4772727272727273,0.09094570863559005,2417,10,6.552534103393555,0,11,10,0,0,0,0,0
0.2213564636578978,0.21370023419203746,0.10714285714285714,0.4772727272727273,0.09054232666862792,0.2213564636578978,0.21370023419203746,0.10714285714285714,0.4772727272727273,0.09054232666862792,2439,10,6.62030816078186,0,12,21,0,0,0,0,0
0.22286593796172768,0.21428571428571427,0.10714285714285714,0.4772727272727273,0.09035068858606772,0.22286593796172768,0.21428571428571427,0.10714285714285714,0.4772727272727273,0.09035068858606772,2456,10,6.664891004562378,0,7,10,0,0,0,0,0
0.22404093448749193,0.2154761904761905,0.10810810810810811,0.4772727272727273,0.08979785736400446,0.22404093448749193,0.2154761904761905,0.10810810810810811,0.4772727272727273,0.08979785736400446,2473,10,6.718342065811157,0,7,17,0,0,0,0,0
0.22497489690002923,0.21818181818181817,0.10909090909090909,0.4772727272727273,0.08943759947633602,0.22497489690002923,0.21818181818181817,0.10909090909090909,0.4772727272727273,0.08943759947633602,2497,10,6.787755966186523,0,14,26,0,0,0,0,0
0.22590441588828372,0.21818181818181817,0.109375,0.4772727272727273,0.08902584597127246,0.22590441588828372,0.21818181818181817,0.109375,0.4772727272727273,0.08902584597127246,2518,10,6.852795600891113,0,11,25,0,0,0,0,0
0.22653904228572425,0.21818181818181817,0.1111111111111111,0.4772727272727273,0.08862770490694671,0.22653904228572425,0.21818181818181817,0.1111111111111111,0.4772727272727273,0.08862770490694671,2532,10,6.9022791385650635,0,4,17,0,0,0,0,0
0.22763888068503707,0.22033898305084745,0.11290322580645161,0.4772727272727273,0.0884293917165301,0.22763888068503707,0.22033898305084745,0.11290322580645161,0.4772727272727273,0.0884293917165301,2545,10,6.950929641723633,0,3,17,0,0,0,0,0
0.22878544874291357,0.2222222222222222,0.11320754716981132,0.4772727272727273,0.08833479785353215,0.22878544874291357,0.2222222222222222,0.11320754716981132,0.4772727272727273,0.08833479785353215,2560,10,6.996971845626831,0,5,14,0,0,0,0,0
0.22946578619859392,0.2222222222222222,0.11320754716981132,0.4772727272727273,0.08792915746962618,0.22946578619859392,0.2222222222222222,0.11320754716981132,0.4772727272727273,0.08792915746962618,2576,10,7.044250011444092,0,6,13,0,0,0,0,0
0.2304129902336399,0.2222222222222222,0.11320754716981132,0.4772727272727273,0.0875393253818302,0.2304129902336399,0.2222222222222222,0.11320754716981132,0.4772727272727273,0.0875393253818302,2595,10,7.108007431030273,0,9,21,0,0,0,0,0
0.2312362534130754,0.2231800766283525,0.11666666666666667,0.4772727272727273,0.08717767963696114,0.2312362534130754,0.2231800766283525,0.11666666666666667,0.4772727272727273,0.08717767963696114,2614,10,7.157833814620972,0,9,10,0,0,0,0,0
0.2322001751407391,0.22413793103448276,0.11764705882352941,0.4772727272727273,0.08689594068712163,0.2322001751407391,0.22413793103448276,0.11764705882352941,0.4772727272727273,0.08689594068712163,2639,10,7.224907398223877,0,15,29,0,0,0,0,0
0.23326356901244358,0.22413793103448276,0.11864406779661017,0.4772727272727273,0.08665319230176802,0.23326356901244358,0.22413793103448276,0.11864406779661017,0.4772727272727273,0.08665319230176802,2667,10,7.308675050735474,0,18,31,0,0,0,0,0
0.23483912140938054,0.22580645161290322,0.11940298507462686,0.4772727272727273,0.08681074304089056,0.23483912140938054,0.22580645161290322,0.11940298507462686,0.4772727272727273,0.08681074304089056,2688,10,7.37777042388916,0,11,37,0,0,0,0,0
0.2361808360685763,0.22641509433962265,0.1206896551724138,0.4772727272727273,0.08648605644574801,0.2361808360685763,0.22641509433962265,0.1206896551724138,0.4772727272727273,0.08648605644574801,2718,10,7.454247951507568,0,20,22,0,0,0,0,0
0.23696505413560653,0.22807017543859648,0.12121212121212122,0.4772727272727273,0.08593704494333795,0.23696505413560653,0.22807017543859648,0.12121212121212122,0.4772727272727273,0.08593704494333795,2740,10,7.5190746784210205,0,12,11,0,0,0,0,0
0.2379050685957133,0.22807017543859648,0.125,0.4772727272727273,0.08541994660103769,0.2379050685957133,0.22807017543859648,0.125,0.4772727272727273,0.08541994660103769,2781,10,7.615530967712402,0,31,24,0,0,0,0,0
0.23909297838687388,0.23076923076923078,0.125,0.4772727272727273,0.08508295774419959,0.23909297838687388,0.23076923076923078,0.125,0.4772727272727273,0.08508295774419959,2803,10,7.686672210693359,0,12,35,0,0,0,0,0
0.24030078619974596,0.23214285714285715,0.125,0.4772727272727273,0.0845017556463385,0.24030078619974596,0.23214285714285715,0.125,0.4772727272727273,0.0845017556463385,2833,10,7.768657922744751,0,20,21,0,0,0,0,0
0.24174976515485244,0.23333333333333334,0.12698412698412698,0.4772727272727273,0.08407384794155272,0.24174976515485244,0.23333333333333334,0.12698412698412698,0.4772727272727273,0.08407384794155272,2854,10,7.83551287651062,0,11,25,0,0,0,0,0
0.24281866660349852,0.23333333333333334,0.1276595744680851,0.4772727272727273,0.08364539405661293,0.24281866660349852,0.23333333333333334,0.1276595744680851,0.4772727272727273,0.08364539405661293,2892,10,7.946096897125244,0,28,53,0,0,0,0,0
0.24366368894521004,0.23333333333333334,0.12962962962962962,0.4772727272727273,0.0832120709067062,0.24366368894521004,0.23333333333333334,0.12962962962962962,0.4772727272727273,0.0832120709067062,2926,10,8.020305871963501,0,24,22,0,0,0,0,0
0.24485784442399733,0.23529411764705882,0.13114754098360656,0.4772727272727273,0.08293323162761748,0.24485784442399733,0.23529411764705882,0.13114754098360656,0.4772727272727273,0.08293323162761748,2968,10,8.11622142791748,0,32,26,0,0,0,0,0
0.24580992343729866,0.2358288770053476,0.13114754098360656,0.4772727272727273,0.08260046419186315,0.24580992343729866,0.2358288770053476,0.13114754098360656,0.4772727272727273,0.08260046419186315,3000,10,8.19224238395691,0,22,29,0,0,0,0,0
0.24725608600832993,0.23682588597842835,0.13333333333333333,0.4772727272727273,0.08224213149656871,0.24725608600832993,0.23682588597842835,0.13333333333333333,0.4772727272727273,0.08224213149656871,3039,10,8.285512208938599,0,29,27,0,0,0,0,0
0.24821569342577413,0.23728813559322035,0.13333333333333333,0.4772727272727273,0.08188634133641648,0.24821569342577413,0.23728813559322035,0.13333333333333333,0.4772727272727273,0.08188634133641648,3064,10,8.351983547210693,0,15,26,0,0,0,0,0
0.24910423712302668,0.23864406779661018,0.13333333333333333,0.4772727272727273,0.08153710480429445,0.24910423712302668,0.23864406779661018,0.13333333333333333,0.4772727272727273,0.08153710480429445,3094,10,8.433744192123413,0,20,36,0,0,0,0,0
0.250189850438109,0.24074074074074073,0.13559322033898305,0.4772727272727273,0.08111605128675417,0.250189850438109,0.24074074074074073,0.13559322033898305,0.4772727272727273,0.08111605128675417,3116,10,8.497901439666748,0,12,17,0,0,0,0,0
0.251019355025741,0.24074074074074073,0.13793103448275862,0.4772727272727273,0.0805694861465559,0.251019355025741,0.24074074074074073,0.13793103448275862,0.4772727272727273,0.0805694861465559,3144,10,8.58977222442627,0,18,38,0,0,0,0,0
0.2521355927006335,0.2413793103448276,0.13793103448275862,0.4772727272727273,0.08029596826356321,0.2521355927006335,0.2413793103448276,0.13793103448275862,0.4772727272727273,0.08029596826356321,3182,10,8.69092082977295,0,28,50,0,0,0,0,0
0.25329077856444904,0.2413793103448276,0.13846153846153847,0.4772727272727273,0.07982129375456645,0.25329077856444904,0.2413793103448276,0.13846153846153847,0.4772727272727273,0.07982129375456645,3217,10,8.790311813354492,0,25,42,0,0,0,0,0
0.25434265662050065,0.2413793103448276,0.14035087719298245,0.4772727272727273,0.07918286529174556,0.25434265662050065,0.2413793103448276,0.14035087719298245,0.4772727272727273,0.07918286529174556,3247,10,8.866835117340088,0,20,24,0,0,0,0,0
0.2553466596165856,0.24313863476425052,0.14035087719298245,0.4772727272727273,0.07886790214920048,0.2553466596165856,0.24313863476425052,0.14035087719298245,0.4772727272727273,0.07886790214920048,3293,10,8.977735042572021,0,36,45,0,0,0,0,0
0.25646980694636584,0.24528301886792453,0.14285714285714285,0.4772727272727273,0.07833126978291578,0.25646980694636584,0.24528301886792453,0.14285714285714285,0.4772727272727273,0.07833126978291578,3347,10,9.108307600021362,0,44,44,0,0,0,0,0
0.2574575921998099,0.24528301886792453,0.14285714285714285,0.4772727272727273,0.07779185250788688,0.2574575921998099,0.24528301886792453,0.14285714285714285,0.4772727272727273,0.07779185250788688,3382,10,9.212024211883545,0,25,46,0,0,0,0,0
0.2582894843786197,0.24561403508771928,0.14285714285714285,0.4772727272727273,0.07722432672309411,0.2582894843786197,0.24561403508771928,0.14285714285714285,0.4772727272727273,0.07722432672309411,3432,10,9.343819856643677,0,40,34,0,0,0,0,0
0.2597665949035304,0.24561403508771928,0.14516129032258066,0.4772727272727273,0.07668995329120824,0.2597665949035304,0.24561403508771928,0.14516129032258066,0.4772727272727273,0.07668995329120824,3482,10,9.476304292678833,0,40,58,0,0,0,0,0
0.2611839713058123,0.24561403508771928,0.14705882352941177,0.4772727272727273,0.07616568834531927,0.2611839713058123,0.24561403508771928,0.14705882352941177,0.4772727272727273,0.07616568834531927,3533,10,9.612743854522705,0,41,61,0,0,0,0,0
0.26173778866541836,0.24561403508771928,0.14814814814814814,0.4772727272727273,0.07582613636754061,0.26173778866541836,0.24561403508771928,0.14814814814814814,0.4772727272727273,0.07582613636754061,3569,10,9.69467544555664,0,26,32,0,0,0,0,0
0.2630464222042521,0.25,0.14814814814814814,0.4772727272727273,0.07560402715833262,0.2630464222042521,0.25,0.14814814814814814,0.4772727272727273,0.07560402715833262,3610,10,9.810758352279663,0,31,53,0,0,0,0,0
0.26415895765957176,0.25,0.14814814814814814,0.4772727272727273,0.07516159911105287,0.26415895765957176,0.25,0.14814814814814814,0.4772727272727273,0.07516159911105287,3654,10,9.913601636886597,0,34,21,0,0,0,0,0
0.26498605247776413,0.25,0.15254237288135594,0.4772727272727273,0.07472733777910022,0.26498605247776413,0.25,0.15254237288135594,0.4772727272727273,0.07472733777910022,3711,10,10.06457805633545,0,47,50,0,0,0,0,0
0.2658695663254213,0.25,0.15384615384615385,0.4772727272727273,0.07413158284526358,0.2658695663254213,0.25,0.15384615384615385,0.4772727272727273,0.07413158284526358,3734,10,10.13667368888855,0,13,23,0,0,0,0,0
0.267312982398704,0.25,0.15517241379310345,0.4772727272727273,0.07374301515096841,0.267312982398704,0.25,0.15517241379310345,0.4772727272727273,0.07374301515096841,3779,10,10.24124002456665,0,35,31,0,0,0,0,0
0.268363341455132,0.25,0.1568627450980392,0.4772727272727273,0.07324004545154278,0.268363341455132,0.25,0.1568627450980392,0.4772727272727273,0.07324004545154278,3841,10,10.406494855880737,0,52,56,0,0,0,0,0
0.2693004991014027,0.251984126984127,0.15873015873015872,0.4772727272727273,0.07280310067634858,0.2693004991014027,0.251984126984127,0.15873015873015872,0.4772727272727273,0.07280310067634858,3903,10,10.562967538833618,0,52,49,0,0,0,0,0
0.27042175405041624,0.2542372881355932,0.16071428571428573,0.4772727272727273,0.07228407435613375,0.27042175405041624,0.2542372881355932,0.16071428571428573,0.4772727272727273,0.07228407435613375,3953,10,10.688218832015991,0,40,30,0,0,0,0,0
0.2713023466356818,0.2542372881355932,0.16129032258064516,0.4772727272727273,0.07193303001967831,0.2713023466356818,0.2542372881355932,0.16129032258064516,0.4772727272727273,0.07193303001967831,4014,10,10.813425540924072,0,51,35,0,0,0,0,0
0.2724371837934524,0.2545454545454545,0.16129032258064516,0.4772727272727273,0.07141515617040083,0.2724371837934524,0.2545454545454545,0.16129032258064516,0.4772727272727273,0.07141515617040083,4060,10,10.93112063407898,0,36,30,0,0,0,0,0
0.2733987540975719,0.2545454545454545,0.16363636363636364,0.4772727272727273,0.07082670104686901,0.2733987540975719,0.2545454545454545,0.16363636363636364,0.4772727272727273,0.07082670104686901,4105,10,11.03762173652649,0,35,33,0,0,0,0,0
0.2741409743393584,0.2545454545454545,0.16393442622950818,0.4772727272727273,0.07024146167779718,0.2741409743393584,0.2545454545454545,0.16393442622950818,0.4772727272727273,0.07024146167779718,4146,10,11.150054931640625,0,31,40,0,0,0,0,0
0.2750540097075592,0.2545454545454545,0.16666666666666666,0.4772727272727273,0.06971962911746074,0.2750540097075592,0.2545454545454545,0.16666666666666666,0.4772727272727273,0.06971962911746074,4200,10,11.262128591537476,0,44,29,0,0,0,0,0
0.2762470773046447,0.2545454545454545,0.1694915254237288,0.4772727272727273,0.06927503611728228,0.2762470773046447,0.2545454545454545,0.1694915254237288,0.4772727272727273,0.06927503611728228,4248,10,11.367865800857544,0,38,14,0,0,0,0,0
0.27715107472604006,0.25862068965517243,0.16981132075471697,0.4772727272727273,0.06858102546376944,0.27715107472604006,0.25862068965517243,0.16981132075471697,0.4772727272727273,0.06858102546376944,4320,10,11.551636457443237,0,62,88,0,0,0,0,0
0.27811060822508116,0.25925925925925924,0.1724137931034483,0.4772727272727273,0.06809983033229647,0.27811060822508116,0.25925925925925924,0.1724137931034483,0.4772727272727273,0.06809983033229647,4384,10,11.711180210113525,0,54,41,0,0,0,0,0
0.2787549970123945,0.25925925925925924,0.1724137931034483,0.4772727272727273,0.06752690210454429,0.2787549970123945,0.25925925925925924,0.1724137931034483,0.4772727272727273,0.06752690210454429,4430,10,11.833847761154175,0,36,52,0,0,0,0,0
0.27990839187973554,0.25925925925925924,0.17857142857142858,0.4772727272727273,0.0669463206882825,0.27990839187973554,0.25925925925925924,0.17857142857142858,0.4772727272727273,0.0669463206882825,4481,10,11.976157903671265,0,41,45,0,0,0,0,0
0.28088648885804873,0.26,0.18032786885245902,0.4772727272727273,0.06646014275336615,0.28088648885804873,0.26,0.18032786885245902,0.4772727272727273,0.06646014275336615,4542,10,12.12722373008728,0,51,43,0,0,0,0,0
0.28168028396952643,0.2631578947368421,0.18032786885245902,0.4772727272727273,0.06603970845615674,0.28168028396952643,0.2631578947368421,0.18032786885245902,0.4772727272727273,0.06603970845615674,4583,10,12.240615367889404,0,31,37,0,0,0,0,0
0.28256335693801954,0.2631578947368421,0.18333333333333332,0.4772727272727273,0.06553466969002841,0.28256335693801954,0.2631578947368421,0.18333333333333332,0.4772727272727273,0.06553466969002841,4629,10,12.359923601150513,0,36,23,0,0,0,0,0
0.28324554139395686,0.2631578947368421,0.1864406779661017,0.4772727272727273,0.06496701238036472,0.28324554139395686,0.2631578947368421,0.1864406779661017,0.4772727272727273,0.06496701238036472,4701,10,12.535243511199951,0,62,55,0,0,0,0,0
0.2843288035403952,0.2641509433962264,0.1896551724137931,0.4772727272727273,0.06473543664703858,0.2843288035403952,0.2641509433962264,0.1896551724137931,0.4772727272727273,0.06473543664703858,4766,10,12.691038131713867,0,55,43,0,0,0,0,0
0.2849123260707321,0.2641509433962264,0.1896551724137931,0.4772727272727273,0.06440170309538065,0.2849123260707321,0.2641509433962264,0.1896551724137931,0.4772727272727273,0.06440170309538065,4833,10,12.853736639022827,0,57,44,0,0,0,0,0
0.2859164002808061,0.2641509433962264,0.1935483870967742,0.4772727272727273,0.0640315619556784,0.2859164002808061,0.2641509433962264,0.1935483870967742,0.4772727272727273,0.0640315619556784,4909,10,13.018218755722046,0,66,50,0,0,0,0,0
0.28691601624269264,0.2641509433962264,0.19607843137254902,0.4772727272727273,0.0636080214968237,0.28691601624269264,0.2641509433962264,0.19607843137254902,0.4772727272727273,0.0636080214968237,4973,10,13.16321063041687,0,54,34,0,0,0,0,0
0.28749616154163005,0.2641509433962264,0.19672131147540983,0.4772727272727273,0.06324422824581259,0.28749616154163005,0.2641509433962264,0.19672131147540983,0.4772727272727273,0.06324422824581259,5046,10,13.323932886123657,0,63,46,0,0,0,0,0
0.2882145792012601,0.264728532922603,0.2,0.4772727272727273,0.06291514434173581,0.2882145792012601,0.264728532922603,0.2,0.4772727272727273,0.06291514434173581,5094,10,13.455036163330078,0,38,47,0,0,0,0,0
0.28884135583601345,0.26726190476190476,0.2,0.4772727272727273,0.06256716943743727,0.28884135583601345,0.26726190476190476,0.2,0.4772727272727273,0.06256716943743727,5153,10,13.599967956542969,0,49,39,0,0,0,0,0
0.28944549722295776,0.26785714285714285,0.2033898305084746,0.4772727272727273,0.06230778760740338,0.28944549722295776,0.26785714285714285,0.2033898305084746,0.4772727272727273,0.06230778760740338,5204,10,13.71097183227539,0,41,33,0,0,0,0,0
0.29014158892484215,0.2692307692307692,0.20634920634920634,0.4772727272727273,0.0619739041690889,0.29014158892484215,0.2692307692307692,0.20634920634920634,0.4772727272727273,0.0619739041690889,5251,10,13.830816745758057,0,37,37,0,0,0,0,0
0.2910480745530879,0.2711864406779661,0.20689655172413793,0.4772727272727273,0.061700602620651246,0.2910480745530879,0.2711864406779661,0.20689655172413793,0.4772727272727273,0.061700602620651246,5300,10,13.952611923217773,0,39,35,0,0,0,0,0
0.29211394689096687,0.27450980392156865,0.20967741935483872,0.4772727272727273,0.06155441206217538,0.29211394689096687,0.27450980392156865,0.20967741935483872,0.4772727272727273,0.06155441206217538,5379,10,14.136805772781372,0,69,66,0,0,0,0,0
0.2932654271410714,0.27450980392156865,0.21052631578947367,0.4772727272727273,0.061505100419453784,0.2932654271410714,0.27450980392156865,0.21052631578947367,0.4772727272727273,0.061505100419453784,5434,10,14.31821870803833,0,45,78,0,0,0,0,0
0.29496877632004265,0.27450980392156865,0.21052631578947367,1.0,0.0651410773814523,0.29496877632004265,0.27450980392156865,0.21052631578947367,1.0,0.0651410773814523,5515,10,14.497375726699829,0,71,41,0,0,0,0,0
